nombre_git,login,metodo,sha_usado
Gary Borton,gdborton,resolver_dev_exp,e1ee42f73f725a7dc488a6cde35a8312307ab175
Noah Weingand,noahweingand,resolver_dev_exp,84b71c3a6a68d0a725d55cde74f9e150f2e53d3a
Madison Dickson,mix3d,resolver_dev_exp,0794cc07c0186ef4839692ed8367bc2eca46a92f
Isaac Hinman,isaachinman,resolver_dev_exp,6e23b75c90dae46563d689d06bbcd2fc4bb16088
Mauro Mandracchia,M3kH,resolver_dev_exp,dd1de0e4c891b80a590f6421ac1eb82b5848e9e1
Tudor Comparan,tuco5,resolver_dev_exp,baa71a549076e88f2e45281148a6fefb21375cd5
Matías Hernández Arellano,matiasfha,resolver_dev_exp,c4830c3a61e44485afe9b1f1ddad0c037dc7b705
张俊锋,0bit,resolver_dev_exp,606d89c9f59d07f912572d8e54eb599a453999e5
Damian Dzieduch,ddzieduch,resolver_dev_exp,d105a2689ef6a962a07cbf845a6d4c8439663f29
Joram van den Boezem,hongaar,resolver_dev_exp,44ec398d4b9c9a01e2af8e7c97e345387f5a56ff
Joi Glifberg,joiglifberg,resolver_dev_exp,ac8947430306742a1d9831e816320ab8c4740d82
Catherine Deskur,chdeskur,resolver_dev_exp,e2ba7905bd0e3891c804dd9d7d347f808b480e17
Jack Wilson,,sin_resolver,
Patrick Dahms,bobaaaaa,resolver_dev_exp,048697bd559f8f9ffaf915d9c4302938e74c2f97
Dustin Senos,dustinsenos,resolver_dev_exp,50866c234c2758e2d73af0d41ad2405c4252d11f
David Burrows,dburrows,resolver_dev_exp,5402f0992053a76a7b6666c8713f287fcdaf1aef
Fabian Hiller,fabian-hiller,resolver_dev_exp,36dd9e21d60b0495c0d7f6530c7a3cf83a64f474
Gonzalo D'Elia,gndelia,resolver_dev_exp,6202a7f3bd913670cff5fd43523aad764678f10b
Janek Rahrt,janek26,resolver_dev_exp,a7b6ffa9148310e1ba9c7cbbf404e82c43b17e5e
Alex Castle,atcastle,resolver_dev_exp,6cc8dc38dfaf52ed4607854f1242adfe5985ed5e
Andrew Garvin,Budmin,resolver_dev_exp,ce29de25e44c7df87369c9e899fca3bff1940425
Curt Siffert,tunesmith,resolver_dev_exp,f4bf8a4696af6f9a0b64636205356ba207fb1ea9
Harri Hälikkä,harriha,resolver_dev_exp,1135075513a299c28759cc1c923c76f8b062aef0
Leonardo Quixada,lquixada,resolver_dev_exp,b41d177609d3211278ac1ae6a059fbfbc47951ee
Tyler Deitz,tvler,resolver_dev_exp,ec430ea77db6e934cffa6cc1756e584c36d3a1fc
Cena Kopahi,,sin_resolver,
Michael Albertz,Prioe,resolver_dev_exp,44fbc24ccd0d2179582ff95138353a23a3157ef7
Tomáš Witek,tomaswitek,resolver_dev_exp,66ec2061c1763aa3b52687fd56906d1d039e92b4
Frederik von Sperling,frederikvonsperling,resolver_dev_exp,7102e297d107b3bcac86bfe4495874b07b2318d8
Cory Simmons,corysimmons,resolver_dev_exp,5ce05c2d222625f8325cd7b7a2568cb34dc9f955
Shantanu Goyal,shantanu2307,resolver_dev_exp,1781abd7d4a7e48e1fbd1b121d79ae26f8935645
Lee Robinson,leerob,resolver_dev_exp,12e64cf0ae6160c94c4fe92457bfe799abe50254
Rob Vermeer,RobVermeer,resolver_dev_exp,27d78a5d41708fa25f8081ea30983d5234baed04
Sofya Tuymedova,stuymedova,resolver_dev_exp,0472f0fa819a4974a9624542603fd8a3c2639e73
Nick Muller,nphmuller,resolver_dev_exp,9bc34bf67cc64207fe6ac5fefd0d7425a4a892ae
Kim Dong Gyu,dango0812,resolver_dev_exp,7eb2ea491ea89ea753eb2e636edf87bad67574f2
Chris Drifte,chrisdrifte,resolver_dev_exp,c0052b8a0a3606466bc4b72061474002ed84941a
Steven Sinatra,diagramatics,resolver_dev_exp,5b1150352fb54aec934abd70ac1edefd8af6840a
Navid Nourani,NavidNourani,resolver_dev_exp,e600d54aadee8d3f2ebbbb03b9cc1b57d9848010
Ian Luca,ianldgs,resolver_dev_exp,3e25b06c32776e724641a9bf4e7767a8c5d5a227
Neeraj Dalal,nrjdalal,resolver_dev_exp,71aa01902b329968be6e38d07d762b89487ab3fc
Martin Beierling-Mutz,embiem,resolver_dev_exp,532351ebcf3ab5603859aafc91c7f120f60c8e01
Chandrajeet Maurya,cjmling,resolver_dev_exp,536b4dca8cc319e408dcddcea998af950c1a2b89
Chris Olszewski,chris-olszewski,resolver_dev_exp,f35abb7d0e7f30a3c0b23c76b056faf9017e28db
Vadym Shymko,vadymshymko,resolver_dev_exp,bcdfb99e5a084e090bd9642491bee5d2f93ffb7d
Jorge Cuadra,,sin_resolver,
Mohamed Akram,mohd-akram,resolver_dev_exp,eaea7a8793723493d9284d69fe90e33e22c760c9
Qiuran Hu,QiuranHu,resolver_dev_exp,2a88a093734975318f790d313c76c0b1f936dbe3
Ben Murden,benmurden,resolver_dev_exp,6781a75d8b467a761605ff110444c5cb854fde54
Ayanwola Ayomide,devvspaces,resolver_dev_exp,a0f378773e0c0d32784613aa60b55d738cfacd1b
Abir Taheer,abir-taheer,resolver_dev_exp,0549a466325c38d82c11a1aaf72ea0452b128b2f
Attila Repka,attilarepka,resolver_dev_exp,dc3bdd8f24eab9049bd83fb460d85185588fd7d1
Jasper Moelker,jbmoelker,resolver_dev_exp,76184ab0cac021edea020c767a3a84e8d2bdf272
Andrew Mikofalvy,amikofalvy,resolver_dev_exp,8d6e9957d7c8d060558dcb26f5312038c9c9c817
Ivan Kleshnin,ivan-kleshnin,resolver_dev_exp,d04d9766986e3890a0ad66479b06e3fd00bbed6b
Andrew Hollenbach,ahollenbach,resolver_dev_exp,0ec57da3a9037ab0478d48105b651a78f3287ee7
Kazuma Furuhashi,284km,resolver_dev_exp,31ab12aaf779ba2d429d6093cf94281df40e9771
Lovell Fuller,lovell,resolver_dev_exp,dd8ee527b86fde5b447eeb09a82c2273023e001b
Steven Luscher,steveluscher,resolver_dev_exp,eb3806e0b1530f73137e677ce553bde7de265349
Philihp Busby,philihp,resolver_dev_exp,f06c58911515d980e25c33874c5f18ade5ac99df
Andrey Krasovsky,bre30kra69cs,resolver_dev_exp,2cae83d0f2334f7aab2a007c15fca76255b93226
Joshua Davis,byjoshuadavis,resolver_dev_exp,5a93e211cbb118b68c70d55f838ec24566175016
Or Yoffe,orYoffe,resolver_dev_exp,68c62b33071ced150bf8e5cf28c025dedfaca716
AliReza Bahrani,AliReza99,resolver_dev_exp,39c4cf9ab5b0b1d4af1c9ae91b65171ad9304c71
Maksym Popenko,popenkomaksim,resolver_dev_exp,ca8156b0577bf76e4ba9ed31fad3630ca0e4eff0
Salim Absi,salimabsi,resolver_dev_exp,04ca0256f45eb3ba43647f2cf67162ff0a5082fa
Raja Sekar,,sin_resolver,
Luke Sandberg,lukesandberg,resolver_dev_exp,c692e952dc9d5297bf790398fa160a5e0f37a19d
Nick Babcock,nickbabcock,resolver_dev_exp,56292234075051e8b9967c39c8a0d99eb57aa54d
Kevin Ang,kvnang,resolver_dev_exp,e5b88caed75750adb55ae3e93052d6c31fec57e2
Christopher Robert Van Wiemeersch,cvan,resolver_dev_exp,3405fb9453a2cee05086f76dcaf4b912749ce539
Jesús Ferretti,jferrettiboke,resolver_dev_exp,1bf2ab6a666638e09eeeededa7236bc4c5fb7f0f
David Gray,dacgray,resolver_dev_exp,c5b960e2e55ca8d20c36794bfc01cf25898ac0ba
Dan Page,D-Pagey,resolver_dev_exp,2be207a288e3ddda882901c218c2e3e6f78fa131
Dave Welsh,davewelsh,resolver_dev_exp,8bc93d02099dca1c09c584a6e5d412a9a491bc64
iker barriocanal,iker-barriocanal,resolver_dev_exp,4bc87e479ccb32f36a3f8ee7114362370434533a
Erik Brinkman,erikbrinkman,resolver_dev_exp,c7b2083f2eff850150ae6ac315d04ac74737e880
Paul Asjes,PaulAsjes,resolver_dev_exp,ad6386601d8fe95acec3a19c979629acf40c829d
Michael Angelo Rivera,michaelangeloio,resolver_dev_exp,d02124aae68c57569e225cd47facfd0fefbc66d3
Emanuel Kluge,herschel666,resolver_dev_exp,f6510c05b26934e544fad2c48c93caed7ac2de58
Jimmy Miller,jimmyhmiller,resolver_dev_exp,eaa2f075b8e581ba13241a6734e2cd755a7af6ba
Vladimir Kryachko,vkryachko,resolver_dev_exp,2d341c7b89ad16ba22b8bf4c727fb354ee6b4e3b
Rubén Sospedra,sospedra,resolver_dev_exp,8d97353d3808a6949e30998daa3b7a896ce3cad6
Roland Warmerdam,Rowno,resolver_dev_exp,f4d6cbfc197e1b8d1674e10a9821ba5387cc2032
Xiao Hanyu,xiaohanyu,resolver_dev_exp,dccc6ece469e79358e0b5077528818537ea580a1
Nikola Knežević,knezevicdev,resolver_dev_exp,af82de42741341daf2561a297dbbd54e4f3f8e8a
Diogo Dutra,dutradda,resolver_dev_exp,af7d021d48c30e5c78e1022e2458d58e4d1e7753
Artem Zakharchenko,kettanaito,resolver_dev_exp,fd438464cf8e80dae9e7538fc49a66ba1c33d574
Alexandru Tasica,alexandrutasica,resolver_dev_exp,e4bf1a515c568dd352557aee9d2640c9216da8a5
Joost De Cock,joostdecock,resolver_dev_exp,667a90262bdfe522f6637da9311e9eb1ac696a84
Arthur Fiorette,arthurfiorette,resolver_dev_exp,20814c34f57e2b1eaf420dab10e265fc815b4114
Adam Trager,Nfinished,resolver_dev_exp,7c1ac89be94656c9d09205f11cce7d20efc58611
Mike Osterhout,oste,resolver_dev_exp,3910c3890e2c2e7f71cc15b5a790d0ad96a2dbcf
Glen Ihrig,gihrig,resolver_dev_exp,625190d06df36f5c40d2a3d682238c5b32ac53f5
Gus Fune,gusfune,resolver_dev_exp,b1f455719dd9317df9b1335980b0b945729c94a0
Ivica Batinić,isBatak,resolver_dev_exp,906dfd2b76e5c4d6f04f37dabd8d15f1cdf42106
Tom Ballinger,thomasballinger,resolver_dev_exp,2b0288912b90ae6f18de6022fd4f0f6fa5053211
Meno Abels,mabels,resolver_dev_exp,6652d783e42d5ee8b64777f59c365604cadd8c9d
Mattias Hällkvist,emattias,resolver_dev_exp,3eac0bc35d0188dd0c7359ebd47c7c7b84365071
Madhur Mittal,EAzZY-1wnL,resolver_dev_exp,e6718d699d1d188fdff8a98191d1e6f69a8604fb
Marija Najdova,mnajdova,resolver_dev_exp,9bfd45de1530ca55e6f1205d14eb94902c1b27d6
Kasper Peulen,kasperpeulen,resolver_dev_exp,fb8798a23b1bbb09051a54c2929262073abfde56
Bünyamin Benny Genel,bennygenel,resolver_dev_exp,6ed2da4575d946e80da36acf7d2e7cc9ef6c8c3b
Hyunseung Lee,hslee2008,resolver_dev_exp,412dfc52cc5e378e4f74e44af698dad25031a938
James Vidler,,sin_resolver,
Gen Tamura,gentamura,resolver_dev_exp,72826823d65caf0c1e9f8b7e504475ce70415521
Wisnu Wicaksono,wiscaksono,resolver_dev_exp,3768aeaf32b72ba2d29ca4055c35340c036fa2c9
Ovidiu Cherecheș,ovidiuch,resolver_dev_exp,741500c60303eed7c4a57750e8b3337b60291c98
Junior Yono,junioryono,resolver_dev_exp,32212d60fa845c6eeae134e5f2d91356723931fd
Jesse Katsumata,Naturalclar,resolver_dev_exp,3e912323f8e34d2d17fb10971186d2455baf6b2d
Ivan Starkov,istarkov,resolver_dev_exp,954fcb9674114bf071063fac2ddb8d6b1f1da9d8
Felix-Antoine Paradis,reel,resolver_dev_exp,d2149da54dfac1a14f502ec54eab74bf199cdd9b
Michael Webb,mjfwebb,resolver_dev_exp,4faf579c4fbd6db881d3df760c2e640c73d038f5
Francis Rodrigues,,sin_resolver,
Andreas Opferkuch,s-h-a-d-o-w,resolver_dev_exp,d892229623149cebf6c700553854ef17453bbb5b
Mehdi Mashayekhi,,sin_resolver,
Daniel Yefet,danielyefet,resolver_dev_exp,69ff649999a1f0689a9dd7a904ae6840f17d7174
Asad Khan,dumb-programmer,resolver_dev_exp,ee99c9f6e5f5f1b0de3e5cd5fb694a21e8f9578b
Geshan Manandhar,geshan,resolver_dev_exp,b1b3b757747eee19c3c3802e4b64aae0e2c59dca
Martin Nabhan,martinnabhan,resolver_dev_exp,7b3ec57c6240addf49a5cad9545488b465d442e4
Joseph Csoti,josephcsoti,resolver_dev_exp,4cc2afbb20613d9878beb7ba2d21bbae89262a6f
Boris Berman,bermanboris,resolver_dev_exp,f0779e95d668976cd48d938b5e45a86d581a96b7
Bora Öksüzoğlu,boraoksuzoglu,resolver_dev_exp,f621defc11012632fc0f54c402471befc86cdd88
John Armstrong,jlarmstrongiv,resolver_dev_exp,78bdbbed1cdd2c56a964d470ca6e51efdc300210
Vasiliy Vanchuk,vvscode,resolver_dev_exp,be56ce3ae8d2bf3b7cdbbbadaaacb1a998e25569
Ivan Torres,torresgol10,resolver_dev_exp,6b89e63863448c7607a346fd60c9f5ce5a9f9596
Ernesto Palafox,palafoxernesto,resolver_dev_exp,ce0a2f7b13d46dcf9a1a94679c6ae0c8368c68d0
Ademola Adegbuyi,ooade,resolver_dev_exp,18bb8774c70035ed2a8a5f4cceac2fb6355c8843
Ran Yitzhaki,ranyitz,resolver_dev_exp,c3b18fdeaa0253e1c49374a89b6599798c48ec8f
Rafael Zerbini,zerbinidamata,resolver_dev_exp,d32b195539b8a7a711fd03095841f79f82cac1b0
Moritz Kneilmann,MoritzKn,resolver_dev_exp,f44f9e2da75ee6e780c029bc7d2c29358c2853b3
Ben James,bensalilijames,resolver_dev_exp,1770efad6340bc7325b919049eecfc8a743c6c7f
Yongjun Park,pyjun01,resolver_dev_exp,afd7a50a7780a56c2ebe1e3dea77d79054bf72f1
Lau Wei Lim,,sin_resolver,
Damian Stasik,visualfanatic,resolver_dev_exp,758ad9ce84c98470b71698639f8e4e92842a2434
최지원,,sin_resolver,
Ariel Fuggini,afuggini,resolver_dev_exp,5ab3f00441842386104b0a9e15a033576cd6250c
Abdallah NourAldin,abdallah-nour,resolver_dev_exp,194b6ad1c136a8c75a68bf82a5b80504703ec162
Mayank Jethva,mayank23,resolver_dev_exp,eeabb52bb1adb654244c23e4e36bcd5d1fedecc4
Joseph Knowles,joejknowles,resolver_dev_exp,432a1dec6a37b7530d82da589f76dfb44c051ba1
Vedant Madane,VedantMadane,resolver_dev_exp,9a0214a12f1ed1901c4b01e84073ab854848eea0
Jordan Newland,jenewland1999,resolver_dev_exp,f76ed005f099a831e3886a17f411590b28d10006
Austin Riba,Fingel,resolver_dev_exp,a767aa87134274af5061bf1664f7349d1d76f882
გიორგი George Dav,EarlGeorge,resolver_dev_exp,6e4f1e285182fbd7a5126c2103f61b5167eccfe3
Ren Adachi,moeyashi,resolver_dev_exp,41764b28dc296718356e71b034328bd9f23ce4c3
Noam Honig,noam-honig,resolver_dev_exp,bf9c65f8d967be70736d42ce8c35657de5895b6f
Leo Toneff,bragle,resolver_dev_exp,25cb43a73bceb7cca09a8bc31146355316a0f999
Praveen Senadheera,Pro542,resolver_dev_exp,432eec2aecac0d3ee6336349d726f1130080de0f
Zeeshan Ali,ZeeshanX4,resolver_dev_exp,bfc2ab9cff8f319474e4035450e04f858dc1e4e5
Minju Kim,deli-ght,resolver_dev_exp,b04fc99e6ada9c4fe09165c6a924526057afa57a
Ethan Ryan,ethanryan,resolver_dev_exp,241be2d5c148c28a2aa02264d7dd6f3041b0eac6
Joshua Hannaford,Cy-Tek,resolver_dev_exp,df6aed34f0726061bbac6971952df4d36a0a1f05
Christian Ivicevic,ChristianIvicevic,resolver_dev_exp,73491308b4ef0303e93cf0d69a0b0c2d030bd293
Luis Romero,luiscobot,resolver_dev_exp,f05106dad54d5cd34eae81c072cd3cd05a15b1c9
Giulio Fagioli,Remeic,resolver_dev_exp,00eef1720ce1efc2388ae91fb06fd8ca37b40ca7
Kushagra S,skushagra,resolver_dev_exp,36056bf3073b6f7ab7cdf2015a8666e4aab299c5
Michal Piechowiak,pieh,resolver_dev_exp,4d2ac245965095ae2f67aeab224bd3dc29573524
Jim Fisher,jameshfisher,resolver_dev_exp,82fb4b408f067e221a17d2ff0d23725e865053bd
Davor Santic,davscro,resolver_dev_exp,e153bcbb9a5f3c298c87513c029489e05c214ce2
Kaung Min Khant,kaungMinn,resolver_dev_exp,95ee107a85b5ec8178f01a37f36e8bfd864fee49
Sarup Banskota,sarupbanskota,resolver_dev_exp,4acad75677ea000c2f2315942451f69d535de094
Thomas Kolar,C3-TKO,resolver_dev_exp,6089377c6bf7615ca3be5ca859fe168b763f6880
Giovanni Giordano,giovannigiordano,resolver_dev_exp,99eedc4b86b5ab1108bff9734d0fbce93bcd9158
Tobias Timm,tobiastimm,resolver_dev_exp,b393833aeab99647fc9851981b2156c497927206
Jessica Franco,Jessidhia,resolver_dev_exp,97ab23fb6f05c4b44c2a14102b2b141ca3ec2e2e
Ciprian Caba,cipriancaba,resolver_dev_exp,919ac17f7615a5ae8bfef1534036ec1885813909
包布丁,bdbai,resolver_dev_exp,402c4adb9603a9c9d6ea83c3f4032298d12e5e20
Jaime Leonardo Suncin Cruz,leosuncin,resolver_dev_exp,f4e610d192e863af6bc6f38e9f3a348a3d5959a3
Carmelo Scandaliato,cascandaliato,resolver_dev_exp,20949612dfb56e44a623498eb3237a69177229e5
Koen Punt,koenpunt,resolver_dev_exp,b8c2c0b06bae3677e2ded7ce058fe2e40038231e
Knut Melvær,kmelve,resolver_dev_exp,36d922fbdadcc357824d20169754e5bb4b950725
Ashik Paul,Ashikpaul,resolver_dev_exp,4af7f6c7f573816a0ebe5a5a43a50ba99612e93e
Mike Bannister,possibilities,resolver_dev_exp,6ac6b992b05f18d757b74f6f79484f3f9d75a967
조상현,,sin_resolver,
Kenn Jacobsen,kjac,resolver_dev_exp,38d1987749325cc3a515dd2399f3c1113a29d69b
Václav Nosek,,sin_resolver,
Mariano Fernández Cocirio,MFCo,resolver_dev_exp,474085b68a0abd28649dfc3705ed4212e396cef3
Hamidreza Hanafi,hamidrezahanafi,resolver_dev_exp,1780fa03750fe96816e90f85ad51f68cd5974f70
Ramin B,i8ramin,resolver_dev_exp,5a5b3b67027ff84c054e6e09ec90b445ed1416ae
Choi Sumin,greatSumini,resolver_dev_exp,8ac9b342e3b9699deef29bc50c018b8e2da9bc54
Martin Janeček,wodCZ,resolver_dev_exp,1f54ba6559c9b4dfb1d261be6f6debb16b6671d2
Shu Ding,shuding,resolver_dev_exp,dc57cde3014eb763818dd87baadf532f63af355e
Borek Bernard,borekb,resolver_dev_exp,d60c95cb57497396d534eb8dd6fce9a192fc22fe
Jungmin Hwang,hwangstar156,resolver_dev_exp,337666bfd477fccf79f71cf6e52717f954e30f49
Mohammad Reza Badri,mrbadri,resolver_dev_exp,85f087d647049777ed81973946711732365589c2
Divy Srivastava,littledivy,resolver_dev_exp,e85b4270433650b0b26d62bbbd883eb7a5afbdfc
Daniel Tao,sigmachirality,resolver_dev_exp,208c4f44b1db7d97dcad84a12bf9ee4ba4810757
Luca Casonato,lucacasonato,resolver_dev_exp,46401679d688ced9ef3de868616596ad8c0e2fef
Rui Saraiva,ruisaraiva19,resolver_dev_exp,9d9496e4a952f73c5cb3e8c9926268b9b0eacc49
Sarbast Mohammed,SarKurd,resolver_dev_exp,279da6317c95c6e3c03bb15d516ff062f01d6ae4
Alexander Lyon,arlyon,resolver_dev_exp,80329c9101adc38c48f8113a59b4ad9924f88214
Dylan Staley,dstaley,resolver_dev_exp,3615ede70327981933d951aa15917902b152e285
Igor Šćekić,iscekic,resolver_dev_exp,4c1cf26c8c7b4a0d83ba4ea4daf960f2726da2f5
Andrey Okonetchnikov,okonet,resolver_dev_exp,66ab661d4c4688b64d713b8d1027b18859035655
Michael Diodone,mdio,resolver_dev_exp,cdff6df0980b854b7c0ce06ada82bc58ab545d2a
Jack Hanford,hanford,resolver_dev_exp,d432032bbfeebf38660aef61a3dac5cb88ca18c9
Lucas Rosa,lucasassisrosa,resolver_dev_exp,00df9f3533ce57e138639291e041747d6b8b9c16
Lindsey Simon,elsigh,resolver_dev_exp,7602cfad3205449217eb7914f2af51e50e2285a6
Michael Hayes,hayes,resolver_dev_exp,6a40da0345939fe4f7b1ae519b296a86dd103432
Mike Fisher,mbfisher,resolver_dev_exp,80767cd0ec4d2c6e34839284f2d6f95f2143dbae
Afonso Jorge Ramos,afonsojramos,resolver_dev_exp,2e99645b6c8606febe399215ae09335931fa1fa1
Ari Freyr Asgeirsson,AriFreyr,resolver_dev_exp,69ff95f50eece2e7dbd0c7a33f038da9c4a83572
Logan McAnsh,mcansh,resolver_dev_exp,f3c65fd4175952445c94b94a0608c2aa78ffd601
Genhao Li,GenhaoLi,resolver_dev_exp,5d2082ba3637427fd5d09928b63207eae84b7687
David Goguen,,sin_resolver,
Faris Masad,masad-frost,resolver_dev_exp,63651a63de417e5d1fa8ed068fc891ea4dbba0db
Juan Caicedo,JuanCaicedo,resolver_dev_exp,a7741341cb805ff256583ee91a170daf0f47acd0
Thomas Ballinger,thomasballinger,resolver_dev_exp,0670d8b283a7db380d961a244f43edf5be134bfe
Akseli Palmer,akselipalmer,resolver_dev_exp,6bee42b2fc5ec1b4a61ad4b884444491599df40a
Simon Kirsten,skirsten,resolver_dev_exp,6f5bfc1b4066f561dc70019748c9405634635624
Baoshuo Ren,renbaoshuo,resolver_dev_exp,e97a6488185ba77a4f90016874b63973ad5cc80e
Osh Slomczynski,oshdev,resolver_dev_exp,d82a6057a18f75518a99add37ad4b8c31b087b9a
Ryan Feigenbaum,royalfig,resolver_dev_exp,a16ea9eebc3edf69a68e9807cbdb63d2154f88f1
Aleksey Maltsev,AxelUser,resolver_dev_exp,3804e4657d1def04acdc5d103a040e5597f3acee
Yuji Sugiura,,sin_resolver,
Felipe Oliveira,felipe-b-oliveira,resolver_dev_exp,46677ccda6a62203d7a7ae359c1020780aeccee5
Nathaniel Hill,NathanielHill,resolver_dev_exp,885eee802116b3ac9aa3ba0bf92aa0ad114c107b
Chris Cunniff,ccunniff,resolver_dev_exp,880b71047b092ed105687c7a80672ce093e2d0e4
LUIS ANAYA,laamdev,resolver_dev_exp,66d2eae2c12f05443ffc08538cc7c920e4132615
Pavel Glac,pavelglac,resolver_dev_exp,d72d434c181cd1651d313bf88a589f76e6f5355e
Aditya Bhaskar Sharma,adictonator,resolver_dev_exp,310fe3cbc1aa5904bc834d046da69b1057b79b4a
Vasu Singh,vasucp1207,resolver_dev_exp,f9346f15d7ee76a41698537955c93432a3dc1157
James Howard,jameshoward,resolver_dev_exp,2cf58be2285d206f63e3d9f2f1e43f45e58e12db
Chris Britten,cmbritten,resolver_dev_exp,c8064d69f63b9d711a3153080dd524d5e2a0f440
Tharaka Abeyratne,tharakabimal,resolver_dev_exp,d866121f045165f8bb04b0cf790b06dbd70a8ea5
Joe Marty,mltsy,resolver_dev_exp,ac32452d1c47c5f1300f49b64aba5eb1f523dfe5
Benjamin Woodruff ‮,bgw,resolver_dev_exp,f55fdb55b0d0f956c0d74b3c4a70b9a611c6d703
Evan Charalampidis,imevanc,resolver_dev_exp,90cd224111c67392aa7d4300ffcad40007ee8277
Victor Garcia,portenez,resolver_dev_exp,efb2b8b06c3db2f81aadee2af35afc07ad13bfc5
Branden Dane,DaneTheory,resolver_dev_exp,9553b6da679b0d6b89f5288e00f3ff6afff746b0
Oscar Martinez,ooHmartY,resolver_dev_exp,eff27bdcfb7208e9cdadbfbeada4467384ffd379
Puneet Kathar,puneetkathar1,resolver_dev_exp,f4ea33327cb704de3ac12989f1420a1f67c64e4c
Vadim Korolik,Vadman97,resolver_dev_exp,f3bba78ce990a577cacd8bcf5ba23a5a79d06f0f
Leo Lamprecht,leo,resolver_dev_exp,9a0d704f763413f03575b3fd0236e49d0fd5f57e
Arham Khawar,ch-Arham,resolver_dev_exp,e5bdc426212cc890be04f37e2b307214d55a9843
Robert Sköld,slaskis,resolver_dev_exp,9f5d1ef31bc8fa9db525db1d895472ab58f0192f
F. Hinkelmann,fhinkel,resolver_dev_exp,3dfb66fc19b68885599242251a2d594dc5222e89
SHOURYA SHIKHAR,danger-ahead,resolver_dev_exp,87bfab44485d9a3303d6e37e3838c88dd7c21adc
Cassidy Williams,cassidoo,resolver_dev_exp,7a0297c2d4e7d745e3d6040f0b45bab5c9166c3a
Jerry Gao,blackwright,resolver_dev_exp,4a136476e75a9f6e40f3fa59abd65a6735f9389b
Karim Shehadeh,kshehadeh,resolver_dev_exp,12190afcd3c38497641f022008c5e43008858134
Eric Goerens,ericgoe,resolver_dev_exp,48aeb9fc4eac66496cab9135d8678af62250fc85
Hanzala Sohrab,hanzala-sohrab,resolver_dev_exp,d8a0f6caa3a774320c8841a69805f3b9f25c1fd5
Arfa Ahmed,arfa123,resolver_dev_exp,856521bf4771b875fc1beac04cc4f189a28c8bb4
Damien Simonin Feugas,feugy,resolver_dev_exp,e7a8645cb8cb14e82d9c293fc80664295dd7fe66
Julien Birgand,jhujhul,resolver_dev_exp,1ab90c142c22e6e444488e4af5b308bcd33dd1e8
M. Abdullah,m1abdullahh,resolver_dev_exp,3ea8310f20076a695e9634c1c7f79be9bd639b3e
Cristian Bote,cristianbote,resolver_dev_exp,f3f9950b3cddbd980c9906f4a1de9fd8bf669d85
MC Naveen,mcnaveen,resolver_dev_exp,3b838e297d9cd882fd41784066434ef776133d84
William Duplenne,Will956,resolver_dev_exp,34fa5f8535c5e7d663c8bec829b681497c1801c3
Kento Moriwaki,KentoMoriwaki,resolver_dev_exp,7307d6255a37faa71471149f39bbbe3e123669df
Gourav Goyal,GorvGoyl,resolver_dev_exp,335e9d4e8dfb68e9140b01b6326d881605e10a34
Matthew Sweeney,mcsdevv,resolver_dev_exp,7e16f7f43b6c9bdf3f98f92151f639a780236e2b
Adam Zacharski,adam-zacharski,resolver_dev_exp,f37c00279bd50d2aac38e3e2b67f6ab1826ef777
Chris Cowan,Macil,resolver_dev_exp,18884676967518b85de0d9042312695668e875e5
Jarrett Meyer,jarrettmeyer,resolver_dev_exp,c7fa524ebd05be6fde9762bf1e298c2cff00cea2
Robert Cunningham,bagpyp,resolver_dev_exp,87a3c0c5bdf6b7e4a27d81effa6b605bd97f9019
Chase Adams,,sin_resolver,
Logan Smyth,loganfsmyth,resolver_dev_exp,bb7722f2e2ac4d7dea7ad7d929c89997f0c7fd99
enoch ndika,enochndika,resolver_dev_exp,44ee7de664b1e67be5d60ee497d54eb5d602688d
Bradley Turek,TurekBot,resolver_dev_exp,a47955718ecc7e0e61a7823d05f9cfd9d0c50528
Hidetaka Okamoto,hideokamoto-stripe,resolver_dev_exp,2ec2becbcfe94669e1dbe722a44fab0c9d5d99d2
Vũ Văn Dũng,joulev,resolver_dev_exp,0baafc727b0e953008bbbed3911ddb0730579597
Alex Kolarski,kolarski,resolver_dev_exp,89c9ce8edfc4e521764f17a5e120e6be5ad7046d
James Pearson,jamespearson,resolver_dev_exp,d2e014a011156fcb1167d3153cb5459fcee9dab6
Sahil Rajput,sahilrajput03,resolver_dev_exp,15133b47ec7bfc413aa068d92fb678626cf47571
Julien Bouquillon,,sin_resolver,
Charles Kornoelje,charkour,resolver_dev_exp,a9b9561e11c6ac9b902cc469b822a629db9a4143
Adam Lane,Enalmada,resolver_dev_exp,c4b9e079bf46b4331623657c50e421287502f36c
Valentin Hervieu,ValentinH,resolver_dev_exp,203f6a869100dbfc90f8a1d74bc98624e1b7e0a5
Can Temizyurek,cantemizyurek,resolver_dev_exp,465d1bbc51ae5fbba8870d7c8cfc56f95f4f221e
Brandon Chinn,brandonchinn178,resolver_dev_exp,7fea8f3de779814bcae2c7d8ecd736f3234757f8
Sanna Jammeh,sannajammeh,resolver_dev_exp,e0c7794208dbac6d84ad6723741f896527630f34
Muhammad Uzair,heyitsuzair,resolver_dev_exp,cb541006dceea3f3902bfc7017b17cd8faa93c3f
Stuart Keith,,sin_resolver,
Sigurd Spieckermann,sisp,resolver_dev_exp,721dc7bccd0bcdd6f8d6600b0dc30192822a0f3d
Aaron Brown,aaronbrown-vercel,resolver_dev_exp,f46e17ac7d37b0c6ed135091363c1ca6e5625bb3
João Pedro Schmitz,jpedroschmitz,resolver_dev_exp,25488f4a03db30cade4d086ba49cd9a50a2ac02e
Alexander Lichter,TheAlexLichter,resolver_dev_exp,cef3dd05aa3a5c70c5ad59a4c780bcda2d788fa5
Han Yeong-woo,nix6839,resolver_dev_exp,4d8d99e47e6360d63f169c349abcded055624602
Matsumoto Toshi,toshi1127,resolver_dev_exp,c88872cea059b520913d8c9eb08bb1063dd85a7b
Tim Scanlin,tscanlin,resolver_dev_exp,a8fdbb261e1ef379fc1bf78696741c298c76f197
Craig Mulligan,,sin_resolver,
Michael McQuade,giraffesyo,resolver_dev_exp,2a9e29f635086d61cced2b133b8b6f22fcc16f96
Luis Fernando Alvarez D,lfades,resolver_dev_exp,a7ca031313b3bd939e5a78266c16b5c956548660
Bryan Dandan,bryan-ferry,resolver_dev_exp,c7b87c2329fdad94747ed3b4a3163b981f622ceb
Eduardo Sigrist Ciciliato,edusig,resolver_dev_exp,7664a4006439b293125de1f7248cad649dbae048
Sophie Alpert,sophiebits,resolver_dev_exp,05cd5157e5c055b34cab8f5278e1ab7427678f99
Oğuz Kılıç,oguzzkilic,resolver_dev_exp,4ff6f5f5144612d4b0802b72e1e117af48d5e430
Damien Sedgwick,damiensedgwick,resolver_dev_exp,a2162078911ea8cb7effc851a2c5b6d103c77886
Prince Agrawal,prkagrawal,resolver_dev_exp,6d29fc1bfd87cb05b745e42dfcca0d4e2889ae75
Marc MacLeod,,sin_resolver,
Arunoda Susiripala,arunoda,resolver_dev_exp,1844a090230b750f738bef36587c579e1fdf65df
Arnab Sen,arnabsen,resolver_dev_exp,90a3b82d075223607e3264574b7c5e4d988f5cd1
Tim Koopman,ntkoopman,resolver_dev_exp,8784682a7497cda0e4131014dcb48c42c07ec5ad
Michael Wenzel,wentsul,resolver_dev_exp,b60bb5e7f7d27a0a7e822843eaf8ce30ee978cea
Rafael Bonalume Lebre,lebreRafael,resolver_dev_exp,60e699555d08daa5cc3431ed750a2979e2f6992e
Pedro Rodrigues,pgrodrigues,resolver_dev_exp,00c68f38704c5bd28ab74f006113751f3f735d2c
Leo Driesch,leodr,resolver_dev_exp,53df94f8d5558ed7804d137fa2e7d3c4b6fc2c4f
Mohammad Nedaeifard,OoMNoO,resolver_dev_exp,8348bd32add9fae26a78b217750fa596ae9e6cc6
Nabil Boussouf,nblthree,resolver_dev_exp,371aa608b20e5cc196b61c9f1370764c420fa9be
Gabor Ottlik,OttlikG,resolver_dev_exp,72098328cfcc36dcadb0fbc7848f5020c5939213
Travis Anderson,travisanderson,resolver_dev_exp,f0ffa1c79e4c182a2fe4fa83287a5cc1563e548b
Mauro Accornero,mauroaccornero,resolver_dev_exp,0d3a353dfb01f7aa6ae549b55a7188cffb772673
Marcus Koh,kohchihao,resolver_dev_exp,6a8aef71feef86900e53249f7b4d6064e65bc2f4
Loren Sands-Ramshaw,lorensr,resolver_dev_exp,d6439d172b70e866becfa380af244bba9950fb6e
Jeferson S. Brito,jeferson-sb,resolver_dev_exp,591321e8826e35a6bbc1a8580a9b0fb25f4645b8
Deepak Balaraman,DeepakBalaraman,resolver_dev_exp,5362db4de50e350e523c76d52aba5e28590e150e
Nick Olinger,olingern,resolver_dev_exp,3afba0d12ded048b43882eb5c42d6fde95c99929
Abdul Rauf,armujahid,resolver_dev_exp,bbe7a52bd2b42eda33ba3177453163d8e5bd42dc
Sosuke Suzuki,sosukesuzuki,resolver_dev_exp,bd371757bf87b576c5c62ae10e50807ee12201da
Isaac Abotsi,abotsi,resolver_dev_exp,09baca03ad4cfba9706e5ed0f8ee5118c0040d24
John Daly,JohnDaly,resolver_dev_exp,97299a67a7ae3b623c6a44f88a238b56e9dd2bec
Zane Milakovic,khrome83,resolver_dev_exp,05f6e3ff11f113e2b2647aa38f248149ae150821
Mikis Woodwinter,Miikis,resolver_dev_exp,2b451ee69a1615dc999920b12e2abaf432805c75
Maik Marschner,leMaik,resolver_dev_exp,9fb8b93ed919fa8631a4a7f38dfda5a308f54d91
Alan Russell,ajrussellaudio,resolver_dev_exp,e8deecd19c6088e6bc181670f7d4bcedf7a7d829
Yusril A,rasvanjaya21,resolver_dev_exp,b8b1ec24a259ac1a42a513971259bda62738dd47
Henrique Holtz,henriqueholtz,resolver_dev_exp,eed539a0bb760b387435bb924cc246194d066b7d
harshit bhalla,harshitsan,resolver_dev_exp,e235f7fa4ea174f0a907d27ce2bf2fdda469fb30
Gustavo Steinmetz,gustavostz,resolver_dev_exp,9df4e0614ea6b9b82711328320f462f0348d5da7
Xavier Brown,,sin_resolver,
Allen Hai,,sin_resolver,
Gabriel França,gfgabrielfranca,resolver_dev_exp,2c12c6add92deb892b575f1c5070a928b4155c63
Jerónimo Carrizo,Jero786,resolver_dev_exp,3bc415d8b5c0b5e4acf0c9f816ee12e7d2879dba
Dale Bustad,divmain,resolver_dev_exp,b2d8e15d1e600d3ff4ed6a64cae16379397fc9c9
Stanislav Morozevich,tabomors,resolver_dev_exp,718e577169be08a170f25f27f7ab26a808c35450
Luka Hartwig,lukahartwig,resolver_dev_exp,a8ada873e85e50e8ccf7025b6bc4d5820c096772
Yongho Lee,yongholeeme,resolver_dev_exp,ef9890407c3f4d949baf211cddff893cf2ca9080
Radu Nemerenco,radunemerenco,resolver_dev_exp,83ac9139501e518286b674d47f3ffaf6eca6fa59
Markus Lautenbach,m-lautenbach,resolver_dev_exp,76e86e0fba5968db7fcc32398f58ed2100b640dc
Ado Kukic,adocomplete,resolver_dev_exp,220fa9cd1497f7e21c57ddfcbbbab742d632e0e4
Ryan Halliday,ryanhalliday,resolver_dev_exp,78e7ddd0f2604c3bf23f3e9485ff8d3252732e94
David Janda,djanda97,resolver_dev_exp,17384fc06487eef5fd159a530b00756c2da4b01f
Ryan Parker,ryparker,resolver_dev_exp,0a093c0e8275f3aa809dca5fd6b8a0a20f66b7ed
Guilherme Sehn,guisehn,resolver_dev_exp,8d6f8324b6d20b71dc7998611ba4dd60f21911d9
Jeremy Douglas Hoover,jeremydouglas,resolver_dev_exp,3b2ee1e085854d78bea747ac0fa6f14009d1e208
Matteo Mazzarolo,mmazzarolo,resolver_dev_exp,a142848ef562ae4ebc3d66f8e328207f623bc383
Tommy D. Rossi,remorses,resolver_dev_exp,ad0c5bb0831ad28ebf454332f7ab4fa3306b7703
Eddie Jaoude,eddiejaoude,resolver_dev_exp,ad15817f0368ba154bed6d85320335d4b67b7348
兰天游,Lantianyou,resolver_dev_exp,04e46cbf40924b380c3f613c878519280d7d1c24
Artyom Kurnikov,artem-kurnikov,resolver_dev_exp,8724352b253004bb910cd4f2bbbcae122b497967
Gary Meehan,garmeeh,resolver_dev_exp,c3d06a275fa8c7f0f07f8dfb904d12c4ef951eb7
Duc Tran,ductnn,resolver_dev_exp,7e73a3e48b91dc80a6623c8487c460b0f7503899
Miguel Ángel Durán,midudev,resolver_dev_exp,8227baf42c865021bff90889d00ae0d137df6662
Imad Atyat-Allah,imadatyatalah,resolver_dev_exp,3c295f0017bad5d78ab11d01fe1c16e7a4e76e10
Sam Taal,SamTaal,resolver_dev_exp,a96739fc49938c6cacc24fed62d78c02e11dd309
Prithvi Raju M,aga5tya,resolver_dev_exp,5782651e92ef07845e9d251981ac3ba2ced27e11
Supakorn Thongtra,rainstormza,resolver_dev_exp,fef6026ad9783d5b3b7941a0e73a979e8fa202b0
Martin Twum Mensah,twumm,resolver_dev_exp,b95228ed89fa163056945210f4ebd3554165f390
Fumihiro Xue,xfumihiro,resolver_dev_exp,972db9ba438c395a9f1d32b28c777ca9e1f968f3
Shubh Porwal,shubh73,resolver_dev_exp,0c7c49588be8cf963b89ea55adf799691d21fbab
Albert Chang,a89529294,resolver_dev_exp,61897f2c219080680e4aa84968d7a944f8459cff
Olivier Tassinari,oliviertassinari,resolver_dev_exp,6587a37b008eb2cdab568ae20aa9313610fb3ca8
Mateusz Burzyński,Andarist,resolver_dev_exp,db214214d6d26cebd8b0004558019c8b667292c2
Jason Emery,melono6,resolver_dev_exp,81b05256dd1848c6dd8a364b0db720159265f1d6
Ryan Patterson,CGamesPlay,resolver_dev_exp,d1db7141ba029acbafcec3684e469611c59b43ad
Vitor Capretz,vcapretz,resolver_dev_exp,26df01800d917d6858d60001303ac42d7b3bb5c1
Lazizbek Ergashev,lazerg,resolver_dev_exp,0c7f81e6a3f4adf114515fd85217cd9e61412f42
Andres Barbaro,afbarbaro,resolver_dev_exp,bdcb8b0a716601fe366beab9ecdc90eb3df2b7ea
Sean Gray,seangray-dev,resolver_dev_exp,f5f0767ee54f4eccf777fb95a289c3cce29ce59f
Tom Evans,,sin_resolver,
Chua Kiem Fai,kievechua,resolver_dev_exp,f61335066bf6c098541ee14b5f7f587281700f99
Alex Carpenter,alexcarpenter,resolver_dev_exp,1565d63467e140d874fd28dd0842e2966dff8208
Leyan Lo,leyanlo,resolver_dev_exp,d3cd00cfcf5ae05ad2e2edea7aaa2facc93a5c16
Poul Poulsen,iampoul,resolver_dev_exp,ce38d37c8932fa4e42ba0cfb8cdba11111f810cb
Clecio de Almeida,Clecio013,resolver_dev_exp,0f5600ed7d06b4abc75395874ec2a2bf5a1d073b
Tomas Fagerbekk,tomfa,resolver_dev_exp,e1fe0c9a14266b1c216306b7392c0006166b113e
Thibaut SABOT,thibautsabot,resolver_dev_exp,084e00016fd1080814c2244937adada30ae20edf
Klaas Landsman,klaasman,resolver_dev_exp,b39e49eca93ba9144f024189e18bada8e8dacd72
JJ Kasper,ijjk,resolver_dev_exp,9e71bba0a0c85b04e306b4cd34c640f7a6b3b321
Anton Egorov,,sin_resolver,
Marjan Ahmed,marjan-ahmed,resolver_dev_exp,b350da474b152281ec2da6e2f515634dfaed9aff
Caleb Webber,seeplusplus,resolver_dev_exp,04c962cfe1e806963e7e348d9bf8cfc8828ef906
James Daniels,jamesdaniels,resolver_dev_exp,28a14da5010ad3147a06abbabc99a119d009f733
Max Thirouin,MoOx,resolver_dev_exp,644a1ef187dada46cf411141b27813c1cb0219e2
Bradley Dirheimer,dirheimerb,resolver_dev_exp,7e0bae4ce7438a358c8424374d1590d849092eb4
Jordi Enric,jordienr,resolver_dev_exp,6afe80efc228a5179240f9eb4dc676c8aab2238b
Saullo Almeida,saulloalmeida,resolver_dev_exp,5223d66abd66a8049d9f476518c22917c03e225a
Robin Singh,iamrobins,resolver_dev_exp,5023f5ae931aa7f3b856b52224c5d5484b9ca9fa
Francis Li,fli,resolver_dev_exp,9ab6d3bf84cf208eb97184f2a2a8ffff20b896bd
Lorenzo Bloedow,LorenzoBloedow,resolver_dev_exp,3275eb885ed210f0ae7f42adc2b67cca7c07a8f2
Damian Sowa,niecnasowa,resolver_dev_exp,8cbabd3931ac3670947a8fa659bb4eccca47231d
Yosuke Furukawa,yosuke-furukawa,resolver_dev_exp,aadb31fa5ba9280117f4538f23d1cc83666b2a2a
Ting-Hsiang Hsu,HsuTing,resolver_dev_exp,064917682f9b26c3a895dee6168a2167be83ba2a
Smit Mistry,spm18-hash,resolver_dev_exp,57dc9f686588971400cb821eee1452add40ca9eb
Philippe Serhal,serhalp,resolver_dev_exp,f50c769fa2034a5702f6a61ea56e0ba1af3859fd
Brandon Norsworthy,brandonnorsworthy,resolver_dev_exp,f85d3af12d693ebed85f511f8b9f1484a71e75f0
Valeri Karpov,vkarpov15,resolver_dev_exp,e0da6a60577b667cecf6a9e7a09e270666c3695f
Kevin Wang,thiskevinwang,resolver_dev_exp,6a189bc442cd74d5c389941ee270d9d339d69e03
Dominik Wilkowski,dominikwilkowski,resolver_dev_exp,761d72fbc099747f3dee498e3ca356b274376e69
Jeremy Balog,jeremybalog,resolver_dev_exp,bb05e42698a9ea74560ef20b51e2266eb85ba382
Cristofer Hippleheuser,chippleh1392,resolver_dev_exp,66182eb3bbe2a237ed8296ee53ca2ec302807945
Kiko Beats,Kikobeats,resolver_dev_exp,c40e71fa58330096ea22468307df19730ea73da6
Evan Jacobs,quantizor,resolver_dev_exp,33692a5678d2d0c06069580d340814497ebbf5ee
Levinson D'Souza,LEvinson2504,resolver_dev_exp,b3fad232bd0ed25d3025e42f67c7c078437c6026
Vyacheslav Matyukhin,berekuk,resolver_dev_exp,7e387f0fce09b77f1cf2a777e2b5fbed874fbec0
Luke Barton,lukebarton,resolver_dev_exp,cbfdcce32d61b44be8e292211d54557c34c244b1
Kevin Pham,keevan,resolver_dev_exp,ea0bb97729c8a46747647de37ba9edff3de16c24
Sora Morimoto,smorimoto,resolver_dev_exp,0840793abfb4a4b2e56c91a6c57c8b539b6997a6
Ståle Pettersen,kozmic,resolver_dev_exp,4594b7cb07baefd16c87626aa198bfef171d62e8
Greg Rickaby,gregrickaby,resolver_dev_exp,305b15e0892d347e951c4961aa67934ced0159cb
Mark Knichel,mknichel,resolver_dev_exp,9b78a23b3685737783f1081ef51aec53a83e3fe7
François Martin,martinfrancois,resolver_dev_exp,57eb2b34f00fa7c93b0539dfe6759815b1b6e120
Brian Ewins,bewinsnw,resolver_dev_exp,327bd9468a413ec96a5a6753d9d2b897515df0d8
HAREESH BHITTAM,Hareesh108,resolver_dev_exp,8dd5f48611c9d1022cef73b0a194c775ac5ef580
DHRUV KAUSHIK,dhruv-kaushik,resolver_dev_exp,a2a94ab1817bc72c7450353cdfd1d7bcd5b7fc8a
Craig Wheeler,craigwheeler,resolver_dev_exp,57426a2849b259618cebca428ba125c75c8d2ab5
Natt Nguyen ツ,nattstack,resolver_dev_exp,e60cb36d541fbec1bd18b8a24663872a03447a21
Stephen Liang,stephenliang,resolver_dev_exp,aacb58d00a7f4d467adb51c1701c2b724a29a983
Maël Nison,arcanis,resolver_dev_exp,7de7cbf283f2da42841214dfd93e3c088f9f88d1
Titus Moore,titusdmoore,resolver_dev_exp,b83c5eb85c9bcffe9b7b562fb4c379393a8e423c
즈눅,xnuk,resolver_dev_exp,1552b8341e5b512a2827485a4a9689cd429c520e
Ruslan Dzyubanov,drumm2k,resolver_dev_exp,893e57d29e57bcdc6914b03e39bf0c417ca599b9
Amirreza Gholami,amirroid,resolver_dev_exp,122c7d05060215c2f995c5e1315e9ddf7db817c4
Ye Zhu,zhuyestu,resolver_dev_exp,0d1b11fba322ed113cedd8431b3b6b7d5ed9901e
Cachorro Cami,CachorroC,resolver_dev_exp,1fa16e6dee66b5a404f9135e5f9bf1a926f6fae6
C. Lewis,ctjlewis,resolver_dev_exp,4316d3884e1ab7c4cec94c21e4b4928d33eeb079
Noel Kim (김민혁),nnnnoel,resolver_dev_exp,450a04f35e621641dfdf3ba3a7c10932f676d015
Andrés Bedoya (SrHart),Angelfire,resolver_dev_exp,91e0be1c3eccdd84267928848263e535dc866ffd
Brais Antela,AntelaBrais,resolver_dev_exp,fa138358e1df7ca6d1bab7da57e18031d5abbf27
S. Mahdi Mir-Ismaili,mirismaili,resolver_dev_exp,0c9041e5b9b4153318e00a0e9ff7ef17fafdaa96
Jan Kaifer,jankaifer,resolver_dev_exp,cc2bcece63f18f62cd601cf5bf42e8f1304b396d
Bobby Lee,superbahbi,resolver_dev_exp,fcfe914b62c739290174a2dc5b86e2edad93a263
Jason Merino,jasonmerino,resolver_dev_exp,0defd535642ed13d610263af109b5cf60a4bed65
Aymeric PINEAU,aymericzip,resolver_dev_exp,721def6b5815c6618e152e62501d0d2338d41c77
Amir Ali,amirsaeed671,resolver_dev_exp,d73b34c3fd4008d3a8a175ad52310c83c1e5c8a4
Fabrício Matté,UltCombo,resolver_dev_exp,e3079187fde9f9d994687c19a29c8dc19e36ac70
Feulf Fnlkps,zhiyanzhaijie,resolver_dev_exp,e393401b77dc3df8fb4a2f5582df76c05f0094a1
Michał Niedziółka,NiedziolkaMichal,resolver_dev_exp,77f40ae9f1510ebb306d6c1563b989359b10190b
S M Mahmudul Hasan,IamLizu,resolver_dev_exp,874378dcb577dd0d67a93b4743c476be43cf3480
Petter Sæther Moen,petter,resolver_dev_exp,6aceae2f899077ee46c3559dcb2ccf09956851de
Slawa Pidgorny,spidgorny,resolver_dev_exp,1ba5c0acc7e0920efbd71182c1f67c9bc69af901
Takumasa Sakao,sachaos,resolver_dev_exp,43a54fb33855a1c88965fa6c0a74da4c82ae3772
Emmanuel Letallieur,implicitdef,resolver_dev_exp,82bdd4328573a38e43ccb75998afc9560ac6c250
David Darnes,daviddarnes,resolver_dev_exp,82f7bb4b672526618a2551cf35d7f937b437f133
Józef Piecyk,masives,resolver_dev_exp,d94d2700f945b68166f2defdd4e35a8733dc1b12
Daniel Reinoso,danielr18,resolver_dev_exp,d21ad2b44f8843ac73f822776ce5068a3f9034aa
Vania Kucher,qWici,resolver_dev_exp,39d9476992420bac12751b48d592c79caa9ac8d1
Apostolos Tsakpinis,apostolos,resolver_dev_exp,3e5abe56b5248898b8c3a0e60119aad4c16490a9
Tim Fish,timfish,resolver_dev_exp,ed242dc7726d7b99b898b46576036a29960c2442
Adam Sobotka,vorcigernix,resolver_dev_exp,89b961e19118dafbe1e219175d8139af1f79cf22
Simon Taggart,SiTaggart,resolver_dev_exp,66a49721d5433c9f37a1dabe75ad850329024b88
Byron Polley,byronpolley,resolver_dev_exp,0b7ebc69fe380360a9a7cea7b2d3807f85dc048f
Adrian Li,adrianmcli,resolver_dev_exp,6ef7625ba6b5e025f4bd4376bda37432f886075a
Adrien MILLE,amille44420,resolver_dev_exp,7380f20cdb84e9862827fee60c807636869e2348
Daigo Shitara,sdaigo,resolver_dev_exp,5254aaecf64ba148c2104b6d7c06dfa7a1ff7a76
Dominik Sumer,dsumer,resolver_dev_exp,85bcfb864e4cef93a6201127a31acaeae9c7e4dc
Harsh Joshi,josharsh,resolver_dev_exp,b54cbcca8223efbee4029d3c015146a91020a92b
Giles Thompson,gilest,resolver_dev_exp,01a2363cefee1057f9ac8e2cbd9e688a971236a4
Brandon Chang,bits-by-brandon,resolver_dev_exp,e26188792629ebabff8c93a67c786d8e1ebfe182
Gáspár Körtesi,gazs,resolver_dev_exp,863db9b0e2a7b038348202c040f90f050fd12855
Dmitry Belyaev,blvdmitry,resolver_dev_exp,1c8148016849127f41b09898e6e9f80ed51ef430
Justin Stahlman,stahlmanDesign,resolver_dev_exp,6a75118247dc19e8ae1de5301599ac099edcf5be
Cupid Valentine,valcosmos,resolver_dev_exp,8422f233ef94e353f16d05d95e905103d4a6af86
Anthony Maki,4cm4k1,resolver_dev_exp,002ddbe1b92bdb27fd68604d3f3cc85424ca2ddb
Janka Uryga,lubieowoce,resolver_dev_exp,0d5f6a7ea54ce88c859fe93791eaca885ab4bd48
Alex Vilchis,arvindell,resolver_dev_exp,2425f4703c4c6164cecfdb6aa8f80046213f0cc6
Ephraim Atta-Duncan,ephraimduncan,resolver_dev_exp,2c80444f8770111c00734f6933567648bc069605
Jesse Hoffman,jhoffmcd,resolver_dev_exp,a971d295ab79fd257702d15d7dc400d7cb213875
Christian Pena Valerio,christianpv,resolver_dev_exp,fc5f26b556be88128039262b4ca96954b387f463
Hugh Do,mhughdo,resolver_dev_exp,51d6c64c399dfc81f2b11090401e4cc9582d0160
Li Ming,hydRAnger,resolver_dev_exp,16a5aa74d056b284f80799ba5c5a5c362d531dac
Eric Ferraiuolo,ericf,resolver_dev_exp,e24db68f8b7e755fa61594492199bb8f95f8d1ed
Akira Kijinami,kijikunnn,resolver_dev_exp,d080c8ee79da5f50f4a846e8abee074cc54b5c74
Hoon Oh,hoonoh,resolver_dev_exp,1a0346e68dac4c0132ae7f1a6ac5b2391845d575
Pyry Takala,pyrytakala,resolver_dev_exp,653cf4af0c77184dde1c124cfd07a14a47e7166f
Felipe Flores,felipeguilhermefs,resolver_dev_exp,d4f53ec2bcecb0774f1e0c20cd10b353e97dbbf2
Maxime Richard,zyhou,resolver_dev_exp,afdd5043ac91a61b1567bf5399f5140552edeca1
Sokichi Fujita,SokichiFujita,resolver_dev_exp,7f798c3da057540ebc2b450e00a484394f68f15c
João Carmona,jpsc,resolver_dev_exp,c443635945bf88d0a7291f1fea285cdd00b158bc
Denes Beck,denesbeck,resolver_dev_exp,0cf61307c63aefc16fac286bdd0c3f9b01cc071f
Dylan Jhaveri,dylanjha,resolver_dev_exp,e95216004957d1c86dae8f786ef0765fd2ce56ea
Sébastien Dubois,sedubois,resolver_dev_exp,612f06b7cf723a102cce7529aad13a0bae7abe8b
Luke Shumard,lukeshumard,resolver_dev_exp,2b88467dd990918ae4cd879d4efc62629e48cd7d
Victor Borges,,sin_resolver,
Owen Pearson,owenpearson,resolver_dev_exp,56fe8944894725bb8e633b7d029a65864e1b4c3b
Naoyuki Kanezawa,nkzawa,resolver_dev_exp,b522b94cce523631b5d2aa5d86e437f51ae029ac
Tom Wieland,Industrial,resolver_dev_exp,bc176b3b741e4f7b82d75e33648519d303540545
David D,comxd,resolver_dev_exp,6f27e21f8aa1587e882067f02f466ce98a16f7fd
Alan Daniel,stylessh,resolver_dev_exp,13e501fc2311b85704f90576ff4260a3932813f7
Craig Smith,craigsssmith,resolver_dev_exp,e38cacc4c25ec91764ef00bc32936f8108a93a65
Abhiyan Dhakal,abhiyandhakal,resolver_dev_exp,e7cbf4b57d111b88f6deecab9a2e61f98383b8df
Mohamed A. Salah,m4salah,resolver_dev_exp,b7eb6d43b969ec8adf58b84c325ad5136c7e1a33
Mandar Patil,mandarons,resolver_dev_exp,c218347faa9f22ad5c7c45ceb1fd8e6035514c61
Antonis Angelis,AdonisAgelis,resolver_dev_exp,9d8b145dfc050f9d1b9d88560085463f7599b4dd
Paul Hale,PaulHale,resolver_dev_exp,d8d3337c4a806a7afa4ef60d1061924c530361e9
Stefan Generalao,stefangeneralao,resolver_dev_exp,e0c63aca992998e4a84eb5dd1a65bcf38941b219
Chaiwat Trisuwan,,sin_resolver,
Alec Mev,alecmev,resolver_dev_exp,ad39b5b50183ed4520261f51ac6f21f9eeef4d78
Tyll Weiß,Inkdpixels,resolver_dev_exp,702dd5d3f4319b1832ef911509c4d59f40f4cf3d
Connor Mcgarty-Wood,connormcwood,resolver_dev_exp,daa7f821a956e1d0e8cf954d648b768a92e6fcb2
Myeonghwan Cho,minimabot,resolver_dev_exp,9664c8d054956eb6da3bb61366f6f690d2d9f51d
Jessica Chowdhury,JessRynkar,resolver_dev_exp,cca9dd12978b8bf227b196230925480948d3b75e
Wilbert Abreu,wilbert-abreu,resolver_dev_exp,d3f0aee0ee8970f1c384d5820aa3e476a24cf2b6
Markus Renken,z0n,resolver_dev_exp,d8e866686d9f920123e0b74f4f6c0102ac3e7281
Ian Marlier,marlier,resolver_dev_exp,510ddbe255896c975415c43534f9dde5f5c96045
Kevin Mårtensson,kevva,resolver_dev_exp,3f19ee59f0e056241e35a7494d869b2958159cb6
Filip Kudła,kjugi,resolver_dev_exp,c18fcf28fe7f4eb4689123e5d8884651106a8a98
Kahfi Elhady,zamadye,resolver_dev_exp,914df17a13ca78b4b538bec11f28be34e4545537
Lorenzo de Vargas Candiago,lcandiago,resolver_dev_exp,3096a772fb1ec088a0c87b08cd259a5d8fe310a6
Matt Phillips,mattphillips,resolver_dev_exp,40290f85c356ba720e4415a2cf6e219d0eae0e87
Eric Howey,ehowey,resolver_dev_exp,6890e3fcf23c078844d8ae631ac87cdfe04ab64d
Tomas Carnecky,wereHamster,resolver_dev_exp,7f621324fcd6f4e20163fa9b2383730924d8fbc2
Uzair Ali,uzairali001,resolver_dev_exp,32f11c34e8d342d8ab7993fcde2a6c5e7033387b
Darpan Kakadia,kakadiadarpan,resolver_dev_exp,a722ae9f8f4de7146889089bb0ef808db96f63cc
Public Theta,publictheta,resolver_dev_exp,cb96548418cb856cf91d2bdda2083f5bd1e9611b
Hans Trautlein,trautlein,resolver_dev_exp,4d2ea0ce803041a12751d6d2f4340f9d2fae5ecf
Turadg Aleahmad,,sin_resolver,
Grace Yun,iteratetograceness,resolver_dev_exp,6c3560dbbd0f1b083ec9e15791cd94d1f113452e
Julien Zapata Duque,JulienZD,resolver_dev_exp,c12ae5ea39e1a2730ebcd38effa305152b9dc9b7
Tim Barley,TimBarley,resolver_dev_exp,b794c171f2548fbaa0e16f1c48e4e3ccab85e893
Brian Cooper,coopbri,resolver_dev_exp,67e597912c23cce5f75e83122972840e77aee1de
Thomas Marrec,Gomah,resolver_dev_exp,cf0414d0d04fab4bf5e4206d7407fbafec9f3767
Tim van de Vathorst,Timvdv,resolver_dev_exp,282ee8c9d0af8587873855793d873593e18278c4
Sidharth Rathi,sidwebworks,resolver_dev_exp,7b83c19da50d0eaa942424a2fa5492e05cde488c
Vic Vijayakumar,needcaffeine,resolver_dev_exp,48b3f8e899d166fa0565be614bfb6a39d108f174
Jonathan Ho,H01001000,resolver_dev_exp,d174698cded19687b7b97b281c49b4dd2086a367
Andrii Hrynenko,pathliving,resolver_dev_exp,91a812729aa1f177e30201f133a16f3006241927
Callum Locke,callumlocke,resolver_dev_exp,c4cec5b7d91873884b4311c69dd1274b8fd7f0b2
Richard Littauer,RichardLitt,resolver_dev_exp,1d126c7d143f1bdd989818ba435cde3ad5f7faf7
Sjoerd van Bommel,sjoerdvanBommel,resolver_dev_exp,9817442e22232dfc68b908aafbcf4890a2c80221
David Sa,davidsa03,resolver_dev_exp,7725047c89f1b364fc847c38fd4088bb9d141034
SADIK KUZU,sadikkuzu,resolver_dev_exp,59f3b6487fe235481f716e9a85726e59a20c42c5
jascha ehrenreich,jaeh,resolver_dev_exp,6e89d49f996dcb0cdab3011c37fc7714f0ab8ec6
Karl Keefer,karlkeefer,resolver_dev_exp,303e1966def7312ce535612fa3c3c24da88a6f46
Hassan El Mghari,Nutlope,resolver_dev_exp,ca73cbf6570ce586b7d935b1213c7d39fb4bee4b
Robert van Steen,robertvansteen,resolver_dev_exp,6eea915456b41414a95ef6ea06e08f757540747f
Christoph Tavan,ctavan,resolver_dev_exp,17d7544f456feb22e37549b0e85310c98cef6391
Sangmin Park,steadily-worked,resolver_dev_exp,6a18991d3eb14ce8c12a417680d31831b033a6e7
Diego Gennaro,crashncrow,resolver_dev_exp,85d58298a3e324eabe8f27a2b243928d1edbe652
Long Zheng,longzheng,resolver_dev_exp,2f79baf94b616e19dad995101768ffffaac4c691
Rafael Mariano,toruticas,resolver_dev_exp,75efa817c0c24c6db8a17ee58edac5516b779730
Jonas Herrmannsdörfer,jonasherr,resolver_dev_exp,c7df8e99205e1f84c4d27ffaee55a4137f76e308
Chloe Yan,chloe-yan,resolver_dev_exp,bd727d6f19852cc7ffd44b0321fd35b5f88c55e3
Sebastian Markbåge,sebmarkbage,resolver_dev_exp,f4932f357edf065537f69bc5ecb72d53281b5bff
Antoine Bourin,AntoineBourin,resolver_dev_exp,08e87fb4051ef048be1ec8b9edacaf3b6fd8218c
Henry Blevins,Blevs,resolver_dev_exp,8b485e161df72b9f33e62f441a32607997ee98e4
Stephen Daves,sdaves,resolver_dev_exp,b7406e90c570ec45cca9b20794503932ed5160b2
Rayhan Arayilakath,,sin_resolver,
Bartosz Kaszubowski,Simek,resolver_dev_exp,31c46418541522e89ffb2722d88ca2e7bfe1cbf1
Balázs Orbán,balazsorban44,resolver_dev_exp,0ffc5f7b5901d3a6d84e9af3c5d72fe36c43d7d2
Brian Rayburn,bgrayburn,resolver_dev_exp,cbe70e95a82429becc312d69c329cefd278aed20
Sam Becker,sambecker,resolver_dev_exp,82c1e00c177df75e19f414634f2c8eb6dce9b42b
Todor Totev,todortotev,resolver_dev_exp,b0d2a80a18645b5b7278c8e72829e76063b91945
Mario Pareja,,sin_resolver,
Michael Squitieri,msquitieri,resolver_dev_exp,98f4bdd12d894f036440609db137654306bf6e91
Peter McAree,,sin_resolver,
Soonwoo Hong,soonoo,resolver_dev_exp,0bd3422b6cd7c52a02aee48f04fcaed93d536c9b
Jordy Fontoura,jordyfontoura,resolver_dev_exp,1d62f471ffe21650340c5ce8fe7add24d0f65137
Fin Hopkins,fionawhim,resolver_dev_exp,47d57f4bcd214d74e30f2d344db1bc5d96ba66b8
Avery Morin,Schmavery,resolver_dev_exp,eb0bd561a9aae973a5239474595a4d133df94b3f
Lyderic Dutillieux,lyderic-dutillieux,resolver_dev_exp,50400f7eebfa1f2ff11b2f662d79e4e7ea54de7b
Arseny Garelyshev,MonstraG,resolver_dev_exp,a123983994ef87e68e890e286aab43b57bb027f1
Larry Lu,LarryLuTW,resolver_dev_exp,4fb7e4bc6443b0218a6a2702e5b6f896a29bddee
Johhan Santana,johhansantana,resolver_dev_exp,dff20eae0137ee121c703733fbb87084a8cd86d3
Fikri Karim,fikrikarim,resolver_dev_exp,fe72c828b6506d8acdb9a45e192e6ea2d41a2d01
Lucas Varela,lucas-varela,resolver_dev_exp,7fd04c956d4607ad3b1fde6251a513d2f73f6449
Junyoung Choi (Sai),Rokt33r,resolver_dev_exp,a25359bf3f6a481fc1715d429fb521e5087bedec
Mert Can Altın,mertcanaltin,resolver_dev_exp,469c799c00684ce36a2affd7e9e2d93016758fef
Jiachi Liu,huozhi,resolver_dev_exp,9f4a0ce090658283276fa6418ff766f5232ac5b0
Bobbie Soedirgo,soedirgo,resolver_dev_exp,9e56a92b3b14d260aa0d5f3c287679d812de003f
Sultan Tarimo,thysultan,resolver_dev_exp,1a416b688ec90fe657512af059aedae16b71b2e4
Will Djingga,alotofnoodles,resolver_dev_exp,13ccf784986107a339218b3d43a7e4ce3bdfd919
Burak Tokak,btk,resolver_dev_exp,130039c3e55a86b51d541769342242f8a854da7c
Emmanuel Gautier,emmanuelgautier,resolver_dev_exp,4a203a08787e5a9a6ccf5ffca10bf48a630ac575
Frieder Bluemle,friederbluemle,resolver_dev_exp,9281f4651ad9f7cfee830e40a6d55af941022a75
Johannes Obermair,johnnyomair,resolver_dev_exp,82ed6a3b0dec4d5b382fbc44a79ceed49ad3fdcb
Suneil Nyamathi,snyamathi,resolver_dev_exp,6eb32cf7e649600a3edadea6dbb23c52b07a7fb8
Josh Parnham,josh-,resolver_dev_exp,5451564f364399003b05939fa6dd7d32c1dabec7
Seth Falco,SethFalco,resolver_dev_exp,adefdd2aaaf9e0c05b616e5db2657858888df488
sagar talla,sagartalla,resolver_dev_exp,6707909690d6098c2524e2aa87864173e128ad78
Andrew Gerard,kinetifex,resolver_dev_exp,ab40370ea5b69aa4dd601907eb85d25da1140b6b
Artur Bień,arturbien,resolver_dev_exp,e0ca2ba544b562bf718afadbc75db1885cb41504
Ravinder Mahajan,ravindermahajan890,resolver_dev_exp,1c31d79c386d2d6dd3af0a5b4eb72285c88d5ea7
Lenz Weber-Tronic,phryneas,resolver_dev_exp,73a05e1e3c7c8e742f08afe1213b7aa281f56d43
Romello Goodman,romellogoodman,resolver_dev_exp,fad1265d178e6599c3fba3e9344b916f31f49f63
Bernd Strehl,Strernd,resolver_dev_exp,9dc96c89e5e828ba97a4ee13827c3fddab59f7db
Chris Lloyd,chrislloyd,resolver_dev_exp,52c2f8b4dde10a8322bf3c9b4358866e689e1f9c
Keen Yee Liau,,sin_resolver,
Zane Chua,zanechua,resolver_dev_exp,3b3d249c48052224a184e121443733a2d95c0e88
Aziz Khambati,azizhk,resolver_dev_exp,b72b8e225dd02ff10ed1d85230218b4a67938ae0
Jonathan Chan,cusxio,resolver_dev_exp,1efd6b2f73d282aa07c4cd80ea6e0a335781388f
Vinay Puppal,vinaypuppal,resolver_dev_exp,7b62184c0b2e8f24aca7730c103238453098ae74
Paulo Augusto Silva,p13lgst,resolver_dev_exp,54d70a0f532f39e00720928194876c0d4166c9de
Rishabh Poddar,rishabhpoddar,resolver_dev_exp,4fbf3d374c26fc4ae209d67e4412adc48b685b2b
Isaac Ellmen,Ellmen,resolver_dev_exp,dc07cd1b19f9236f5d906a7b288c01a91d2ce645
Kai Yen,kyen99,resolver_dev_exp,d72d3c09ef3dd0d77c86433ace5c1560f43cc32e
You Nguyen,nguyenyou,resolver_dev_exp,bbbbe20c99ee85ca85bea62c40a7afac91b5e22a
Aleksandr Kondrashov,aramikuto,resolver_dev_exp,a3243e6710284621a7379162f28f0807e7e274af
Zack Tanner,ztanner,resolver_dev_exp,10439f3c6f058794f7d395dc347663271bf780ce
Nikhil Bhargava,nbhargava,resolver_dev_exp,24cd55c09fc3676fd8eafcf66c174114fbc18362
Juan Campa,juancampa,resolver_dev_exp,efed85e495142b8f575dad431f0e8b7dcf7652f4
Farhan Ullah,farhankk360,resolver_dev_exp,9a73db703f672f6fb995deb37411b5aee6bb9f4b
Raphaël Badia,raphaelbadia,resolver_dev_exp,d07a370dfa26e5c16ba8af0583b7a2f2f82475cc
Akhila Ariyachandra,akhila-ariyachandra,resolver_dev_exp,032ca0364dab3e0772486bd53f10fd10276d2a75
Melanie Seltzer,melanieseltzer,resolver_dev_exp,c650ed9a2a5572f53de2f82e149548144ffb9b66
David Ascher,davidascher,resolver_dev_exp,84d4197a6db3c257a0e729d5e600cfddd5277477
Tanmay Laud,tanmaylaud,resolver_dev_exp,f00ad581a16a3023f4be88940d3330550544509b
Wiktoria Mielcarek,wiktoriavh,resolver_dev_exp,7c8b504252f94079f39304f5023818e84b7cff7e
Pau Fernández,pauek,resolver_dev_exp,bd97c01fca49f3d66cd2dc82e5da0742a3237d13
Mr Hippo,Lucian-4a25,resolver_dev_exp,0644bd499697c57439e84fff32298631975950d6
Murat Ogulcan Sahin,olci34,resolver_dev_exp,e7589e05db7eb80cafb09ede74f9d3c8a5759bf8
Jake Leventhal,jakeleventhal,resolver_dev_exp,e99b3ac0e508cfccf4ff4178bb24bc78bb91bee2
Abe Chen,abe1272001,resolver_dev_exp,cb03a79968c3703e65fecc015443999dc0146f1c
Marc Abramowitz,msabramo,resolver_dev_exp,59e5ccb225189d366f57f1b204c5f44053a434ce
Vivek Kaushik,greatvivek11,resolver_dev_exp,bf45353af12166130527694a1f8ea806a8e1fef4
Cauan Cabral,CauanCabral,resolver_dev_exp,722d08ee13334187a8ea0349d66cc608f6a4e411
Francisco Pizarro,dvaJi,resolver_dev_exp,4b3967fa100bf5255a0e22f9a6a125b498cbf9ea
Adam Hunter,adamrhunter,resolver_dev_exp,2c1c8fa089afef116ec1a08b321fd0e5419f5f3b
Oskar Oldorf,divslinger,resolver_dev_exp,d167ecce47dee9105f1a8a797bc356ab1ce9e47b
Josef Kahoun,kahy9,resolver_dev_exp,f29dfe247f5399ec3241098fb67c02eb1b349b60
Rounak Agarwal,agarwalrounak,resolver_dev_exp,512782ee2916bd03725af249f7718a0f643bc095
Shahzar Mazhar,szmazhr,resolver_dev_exp,2145300fe15d0708ad3c2fe8f9f0ec02bfb79517
Patrick Smith,pd-smith,resolver_dev_exp,98568046a328ec4fb050d8770ac1d06f69e509fc
Dominik K.,mezotv,resolver_dev_exp,a8d189769fd9c64c183586526f4bc34f62599368
Azim Atefi,AZIMAT,resolver_dev_exp,a0341ea150fee7d8892c3f7b013d8a59a3e2ba65
Rob Pruzan,RobPruzan,resolver_dev_exp,65950f7fed1d4f43eb731b7bc8e9a20b32208ff5
Curtis L,Sylith1231,resolver_dev_exp,96e13c3bf1ca4f0874de0ea0e9783d722e5ce354
Kazutaka NAKAMURA,kaznak,resolver_dev_exp,5d5862693fb9518ada5abc00a5be30076319e77c
Pepijn Senders,PepijnSenders,resolver_dev_exp,6914a25dd2c64775d3bf4b8f7bad4611c641017c
Maria Vanessa Salim,sqidermad,resolver_dev_exp,5cd6fdfa77619c820eb4075f1a827a2cdc9f5a83
Lucas Vieira,Lukazovic,resolver_dev_exp,58796411a4c5492fb9362a968634e1c4a2651a9c
Marcos Taron,arroiz,resolver_dev_exp,1cb83c1b351550f1b74eb7167e11ee62a6c1da2b
Kanitkorn Sujautra,lukyth,resolver_dev_exp,6de34e7557fd247118d74fbfb91da29576c4d61c
Fouad Matin,fouad,resolver_dev_exp,676d82abf9d1752fa89ccd432584e62da8e0bf05
Sævar Berg,saevarb,resolver_dev_exp,f4c1594a6bd975016e5b8abf03f541afcf4723ad
Andrei Zanouski,andreizanik,resolver_dev_exp,e8bbf14865924e8ef1f876c31670f52a27bba4f6
Mokshit Jain,Mokshit06,resolver_dev_exp,aaa999d69623267aa55bf775f41f747a8f64649f
Tom MacWright,tmcw,resolver_dev_exp,559c25253ea4a50fbc04ef37f466d9e9b616512a
Tom Lienard,QuiiBz,resolver_dev_exp,a720dbdc4c0411ff0384449d00e125b4d3f0f1c5
Luke Edwards,lukeed,resolver_dev_exp,8d0fdc09f71c62d641524c6a5265d40dc20eb28c
Artem Zelenov,artemszelenov,resolver_dev_exp,0c6f63572db5230815467ba1e26666938342d119
Kim T,kmturley,resolver_dev_exp,ea026151b2e0d09e82e620f277147e9767e05f5c
Paweł Ciosek,pavelee,resolver_dev_exp,8d0896a22162d4f019263222be11c709612a26fd
Alexandre Cisneiros,Cisneiros,resolver_dev_exp,398dcd42813dc4074bfc319259d543e77fd1d090
Mostafa Gouda,mostafaegouda,resolver_dev_exp,8f7d83f1fde9c9d6e1964e70f9aa1e59b793811a
Rodrigo Feijao,rodrigofeijao,resolver_dev_exp,3aca97b410913ff37093c0a01ad5a15e47a5c71c
Daniel Karuna,iamkd,resolver_dev_exp,3d5e14104b11077f8f81e7e17b0ac62edeb19946
Cody Olsen,stipsan,resolver_dev_exp,cfd816ddb8af2e075d605b3b66d6794795a77e80
Chris McGrath,Phiction,resolver_dev_exp,a9e4b795d70281fd4daacaa27aa9c8a9a02dc1b7
Jan Beseda,Cheprer,resolver_dev_exp,bb81f2e6a66cf9fbda39bde8414ec7c16809047a
Martín Granados García,mgranados,resolver_dev_exp,8724b3cd2fc7cb390caf4828f6b2c1bc475a36f7
Thomas Hermann,novascreen,resolver_dev_exp,83970c908d808a48175382f2df62bac579b0df26
Karthikeya Thatipamula,Karthikeya-Thatipamula,resolver_dev_exp,76ebbb9768e09de48b43898904d71095857e1ba7
Donghyuk (Jacob) Jang,DonghyukJacobJang,resolver_dev_exp,9f2949feba8884af4b59752231bdc3f03ae7569b
Wyatt Johnson,wyattjoh,resolver_dev_exp,092458fd6a84bd0cf1b6fa7eb814bcb13f4e6637
Yahya Muhammad,yahya09,resolver_dev_exp,e94868215db82c994af0bd9cfb644ed2eaa8afa0
Yiğithan,yigithanyucedag,resolver_dev_exp,ce483fd7c38ec137e862216974828b97c5dbd329
Thomas Schrödinger,Thomas465xd,resolver_dev_exp,6dece1b365f32de374e96534025ca7aa10b1d3cc
Honda Yuto,HondaYt,resolver_dev_exp,a225045924f20499e3368bc5f96db8c12d6f093c
Nimit Aggarwal,nimit95,resolver_dev_exp,182ab2ebf8c21f8be3ac5ed296ce30b378a8ca82
Severin Ibarluzea,seveibar,resolver_dev_exp,dce8c0ce9d2af48ae29489dab7d052ff79acd357
Dylan R. Johnston,DylanRJohnston,resolver_dev_exp,5baedf55670b0a8d64a01211f84aa0a9694b298c
Julien Benchetrit,julienben,resolver_dev_exp,646a881183132b0756818bc48484360c1fa12cf8
Mayank Kamboj,mayankkamboj47,resolver_dev_exp,a5d34d53f8b118ef97935a08fe1c960bd3ea9503
Kristian Heruc,kheruc,resolver_dev_exp,82314137d095ad290b3c157f0a72460d54de8500
Adam Mcgrath,adamjmcgrath,resolver_dev_exp,fda1ecc31e3a76a488330acc84241a6a9470d6a5
Jayden Seric,jaydenseric,resolver_dev_exp,9fea9dbe6dba910c7457e58c74328b357b9ddfad
Thijs Koerselman,0x80,resolver_dev_exp,8243af2519093b08a504f0c4180a86a84f7a8255
Pavel Prichodko,prichodko,resolver_dev_exp,2ba8ad9760ad705650919e179ede5893ec04146b
Stephen Sauceda,stephensauceda,resolver_dev_exp,e2d331dbcc521c5765a4fe29cacd4ffb345444c6
Callum Booth,callumbooth,resolver_dev_exp,f300ecaa94eb1ece627b95d5a8af079e4c5fe3e7
AJ Livingston,ajliv,resolver_dev_exp,cb312eb18ba18d2d1448ab6123e84ce5581ae591
Mingjie Jiang,itsmingjie,resolver_dev_exp,8811c1f3f678a9513ac06f7a643ffb9def326861
Wesley de Bruijn,wesleydebruijn,resolver_dev_exp,bace43d6212e6e1f6cd8ae9eaf86ea4b16023b5a
JINSOUL KIM,jinsoul75,resolver_dev_exp,7727c5c4117a66619bd8c93d6da00c11f0f886ea
Hiroaki Ogasawara,xhiroga,resolver_dev_exp,b6b7d85f6d42dd04ff5062380887edd16f3a6d0e
Rohman Masyhar,rohmanhm,resolver_dev_exp,320d98e051c005ff71d9179b00dbd7b0dd3e72a6
Tibor Vukovic,tiborv,resolver_dev_exp,e8f39ad74c70b6a292c1982349b9cce12e6701ed
Michael H,RiskyMH,resolver_dev_exp,4fda39ce1069efabd2c7a68da3963cf1840572e7
Viraj Jadhav,DeveloperViraj,resolver_dev_exp,593cef1b97c7524d786510487c6df240d7453011
lichu acuña,,sin_resolver,
Maksym Anisimov,kaguya3222,resolver_dev_exp,74891fde180281cabbc0e7472dd986ab8c76df03
Shiro Wang,startracex,resolver_dev_exp,993e4d39299687d2a36701fae56e81e8413a5531
Ismael Martínez,ismamz,resolver_dev_exp,ff5d5c501cbf6242827f428287dbdce3ab0f8ef6
Sriram Thiagarajan,tsriram,resolver_dev_exp,eec18ecafe217ffc6727920b2eae2e746fff7ede
Vu Van Dung,joulev,resolver_dev_exp,a0ea5f2d792e395e6f1bf241fa3a1dd5de13f338
Rob Johansen,rob-johansen,resolver_dev_exp,166f556f6900f75af2a46ab4906ba9837d7bded3
Sam Ennis,samennis1,resolver_dev_exp,e224c2251a780388336d429a78c3e115c5b87135
Ricardo Pierre-Louis,rickyplouis,resolver_dev_exp,f2989c57396e917e736024c6a1dd515b1af3fe06
James O'Halloran,jamespohalloran,resolver_dev_exp,b0d7881ca7b4012fec841909efb20d9c20311c26
Tom Scott,tubbo,resolver_dev_exp,73e1fb4da4f8db524a572b5391dff65735c7560b
Bjørn Nyborg,Bjornnyborg,resolver_dev_exp,1207df686da0841b4cff8defdca65d6a34f2052b
Josh Chorlton,jchorl,resolver_dev_exp,15bcdab55c05637692ea3572a69374a107e4dd90
Lihao Wang,LihaoWang,resolver_dev_exp,ead6e95fc1c16c63e567a403c766ab5a61b2cc91
Benjamin Pearson,benjaminpearson,resolver_dev_exp,aef7f27072112d0d723c50c28ddba864397f6bfd
Muhammad Zeeshan,zeeshan56656,resolver_dev_exp,fad317505d47cc0d47ca6973f8470494ece4f289
Petr Vlček,petrvlcek,resolver_dev_exp,ed0c144af9d0a80c2999d970c5de41453e9c955c
Jefferson Bledsoe,JeffersonBledsoe,resolver_dev_exp,26105e285de056ff59ea3597a4b2d1293f82b5cf
Kyle McDonald,kylemcd,resolver_dev_exp,3d569bd92a393e4cfe5d0d16aa3e018a93d98dd8
Ozan Sevkin,ozansevkin,resolver_dev_exp,97a0a3373f2f477a1298166e38647e05ed771d1c
Kelvin Mok,kelvin9314,resolver_dev_exp,72fd04a6362309e286d692ef51db9768b7e3704d
onFire(Abhi),AbhiShake1,resolver_dev_exp,dcb7e681fd47c27d1a6df1f7ff399781637316d0
Richard Park,phs1919,resolver_dev_exp,44d661af670533b62c9225a667617924fa640e85
Wojciech Maj,wojtekmaj,resolver_dev_exp,f7fcd2b773816a4d2c0560704f487449a7ea35d6
Mike Rispoli,mrispoli24,resolver_dev_exp,69ef5d43d6fea620a8ea7405cb81ac3393fa139b
Aman Mittal,amandeepmittal,resolver_dev_exp,4726b5a618fc0ec3e206c633a0f2fd22e6a9dfee
Tawsif Haque,Iftee97,resolver_dev_exp,674d32bed3a4ed361ed7f8f2a649b37056cacbf7
Zack Jackson,ScriptedAlchemy,resolver_dev_exp,8f2e058c2435e78542f7160627180f0ff8c74cb5
Quentin Sommer,quentin-sommer,resolver_dev_exp,def2ce7eda519fd59a8025adb8e1c5465c941e74
Evgeniy Kumachev,EvgeniyKumachev,resolver_dev_exp,18ecaa9d6bebd2230da89cfd6a4f0ee2f2567dc2
Jiwoo JEONG,jiwooIncludeJeong,resolver_dev_exp,b8e08abf9e2a9faccd9532c940700dc9237ba245
Irek Róg,irekrog,resolver_dev_exp,a0c4354be82415cd8c3013fbabaeb050f57dba1d
Yuri van Geffen,yurivangeffen,resolver_dev_exp,7b4242a936879afe069bfda2ba9a53011b89d404
Adam Bosco,bosconian-dynamics,resolver_dev_exp,b3d90983836ee56925d8f3c831628a905ed99787
Hiroshi Ogawa,hi-ogawa,resolver_dev_exp,4a22059b118c6c6531bb1d72e71b323713ee8376
Tim Huff,timhuff,resolver_dev_exp,31b8e7ed47329a5d4490d08510cf9d8a60f85e72
Mohamed Achaq,,sin_resolver,
Anvi Banga,anvibanga,resolver_dev_exp,936a4b83d394e0afd22c3126fab4a8857bb0d032
Amr Saber,AmrSaber,resolver_dev_exp,c8a29235b5c895ece454ea65389c1eb9ee48f89a
Wei Zhu,yesmeck,resolver_dev_exp,9263ad13f73cb4583720f3b284cf6015a7c50f47
Colleen O'Rourke,ceorourke,resolver_dev_exp,23ebe3e4aac920b57cf71cf5a530bcfaa7b186de
Akira Tsuboi,AkiraTsuboi,resolver_dev_exp,cb3ce2105fa0bee392c3c4643d73b2e8dc1d4032
Victor Eke,Evavic44,resolver_dev_exp,2de7f953b16b0834f14f64f42d0aab1f6b99f9c9
우혁,wo-o29,resolver_dev_exp,8f7790ab4750e358b33506d6bb4b2ad505420557
Yiming Cao,ymc9,resolver_dev_exp,4a8eeab2fc61247132c95812a9ad2a7befc34979
Joshua Francis,Francoscopic,resolver_dev_exp,e005cb54c841308da94a8c1b4e654f3fc5dbadfe
Ehren Nwokocha,Ehren12,resolver_dev_exp,00d11899be2b34cb5a67087cd89478735774f098
Mike Holloway,ministerofpanic,resolver_dev_exp,8ada894a2c8a07b00131866f965cdd7efc9a01a7
josh-,,sin_resolver,
Eric Burel,eric-burel,resolver_dev_exp,5035075556495f78062b59f20d11a0c0845357cf
Joe Palmieri,,sin_resolver,
Everton Nunes,pepoeverton,resolver_dev_exp,59b144c2642708e36499f0331a6fae7e8dfb8633
Chris Wheatley,,sin_resolver,
Vincent Cordobes,VincentCordobes,resolver_dev_exp,a1374471515498048d0c49a302810365934c24df
Roger Hutchings,rogerhutchings,resolver_dev_exp,068dd825f3a06f1bc90f1bbfd0fadf22d9fdf6ae
Joshua Santos,MrNiceRicee,resolver_dev_exp,f163dd097f2dad9a7a56e8d67646a89b9032729e
Shogun Sea,shogunsea,resolver_dev_exp,605eea316cf8c11897c6fb9956b86e14988539d9
Ivan Kryvorotenko,ikryvorotenko,resolver_dev_exp,7f6e8dbeed1651667e6167975d59a99f2b3f5385
Tom Milewski,tmilewski,resolver_dev_exp,c26c7713b5078e9e362d9a73e51550a82e6d3c09
Mikhail Guskov,Megoos,resolver_dev_exp,e9e06099cd4fc70362d44292f4cf32659d782f9a
Eisa faqiri,eisafaqiri,resolver_dev_exp,d36d61465a878e5bfbc3c635331b7628e43351d1
Kristóf Poduszló,kripod,resolver_dev_exp,bc0b50d60d6402eacd2643371832f16b02c9b249
Michal Landsman,landsman,resolver_dev_exp,4b13d80744a082b858840048bb00ec3c6c76202c
Neeraj Rajpurohit,neeraj3029,resolver_dev_exp,6d0bd20ffa6ab628247bf419fa5fd408bc658ea4
Emilio Schaedler Heinzmann,emiliosheinz,resolver_dev_exp,a699c980aa6461638084fb86d6c9f0fd02c42c79
Jordan Pittman,thecrypticace,resolver_dev_exp,4d4f3093019179b1928ec07c16f38882241c0375
Archana Agivale,archanaagivale30,resolver_dev_exp,154dd2405020e2783a66846d0232f7b3469681dc
Jono Hewitt,jonohewitt,resolver_dev_exp,7d59da97aceadd8754156b91bc01ca0387848125
Ahmed Essam,Hanaffi,resolver_dev_exp,5e255b5fa2874d9d65eda0be0e79e22312327e9c
Eric Piacentini,epiacentini,resolver_dev_exp,e18f74fe2de0672e372aa6425b6b6313a23b91fa
Lucas Felicio Adriano,lucasadrianof,resolver_dev_exp,35d6fdf074445854c0ac883cbd089eae2c158375
Lucas Constantino Silva,lucasconstantino,resolver_dev_exp,0350e00d0da389670eb1f4550631430097b52f00
Seiya Nuta,nuta,resolver_dev_exp,882f3380eef219432543e98393550f2ed65624dc
Miguel da Mota,migueldamota,resolver_dev_exp,ca559a5281ff2e2f345cc45e4d05a82e7ba83c9f
Sebastian König,smaktacular,resolver_dev_exp,5fc8d487327a3f722825b7fd95802b3342523fc1
Valentín Costa,valentincostam,resolver_dev_exp,c0431d0e11269b8bd65fab9f85c8d2a925bfafde
Pau Rodriguez Molina,Silinde87,resolver_dev_exp,58318a8545807daab0eede1e6ac84f2d61ab3df3
Dario Piotrowicz,dario-piotrowicz,resolver_dev_exp,d6fd8d5755970bf989dbc56a4018375810d42b3c
Lau Wei Cheng,weicheng95,resolver_dev_exp,274310ac9625001e57f08deb8f52c52df466bd78
Jepser Bernardino,jepser,resolver_dev_exp,993cab89e52e3754f71f4baaf2175e12f18eca1c
Ricky Abell,RickyAbell,resolver_dev_exp,a1f7186658429ef8337316b18526a5d1f11416e4
Anuj Singh,AnujSsStw,resolver_dev_exp,8006dbc741eb7256e9ed00dce48382ad4e0f809a
Esben Anker-Møller,esbenam,resolver_dev_exp,a9772b13100b58c217760ea85a8804ae0c961c04
Elliot ⋇,robiot,resolver_dev_exp,ffb10ce22687504d7d8047465a637aa7c12f254c
Abhishek Warokar,apollonian,resolver_dev_exp,372031246daf598bd2896fe923280ddfee84b5d7
Aaron Scherer,cryptiklemur,resolver_dev_exp,8078273a7f81e3fca499630138989a959639d32d
Ben Heidemann,bcheidemann,resolver_dev_exp,fbf1c97eac7769be7a6fc038217176298bcfd1ee
PatrickCodes_,thepatrick00,resolver_dev_exp,3817770bc02d3988d2d2c49a747daf8d679c191d
D. Kasi Pavan Kumar,kasipavankumar,resolver_dev_exp,b508d90449515d8eb892557b6db0e9b57ee444a5
Julien Karst,JulienKode,resolver_dev_exp,8e4123e9d90409b84acf9276586f341db3bff5a3
Gökay Gürcan,gokaygurcan,resolver_dev_exp,121f6c2801c3f20be0c66c9e209f5d57044f4839
Michiel Van Gendt,michielvangendt,resolver_dev_exp,d7062dddcc4f7e679cf52214e2a9fc0d87e4f068
栗原和也,coffeecupjapan,resolver_dev_exp,2baf4f74e4d1b60c37c6ac78ececb6af3d72d22b
Italo A,iaurg,resolver_dev_exp,5e36c349925ddf71ab48ef44e3d713ddc5afc883
Pakapon Kaewmark,pakaponk,resolver_dev_exp,9aa282b4a8ee82b095140a1a34589bc20749b100
Sonam Serchan,sonam-serchan,resolver_dev_exp,5936213e747c3bf49fd079791243ffdfe98d93d3
Klein Torres,kleintorres,resolver_dev_exp,a34b20e6f220c3ced00b5b23e3fa43e1cf394771
Mahmoud Abdelwahab,,sin_resolver,
Luke Schlangen,LukeSchlangen,resolver_dev_exp,0ea127c642b21b432efdfeb69fe1d96c3ba462cb
Omkar Yadav,0xHexE,resolver_dev_exp,bf9b96bd81d62d8fe62487ef58509dd958d76bcb
汪磊,zce,resolver_dev_exp,ba23d9861155c1b14b33e4ad0011cf248c3b3fb8
Dom Sip,dominiksipowicz,resolver_dev_exp,814db26c9cb09ebdd97c9b63fb4e1b220290e326
Robin Frischmann,,sin_resolver,
Joel Watson,watsonian,resolver_dev_exp,318ff7b604f0e882691f6f9c61c03f661a01597b
Faizan Virani,,sin_resolver,
Keisuke Nagakawa,KeisukeNagakawa,resolver_dev_exp,cf754976e5ef47bfe84713ad931f721a69f0cf88
Thien Do,thien-do,resolver_dev_exp,f0eb9283f08d4566aeece2597e3beb87854e4f8e
Spyros Ioakeimidis,spirosikmd,resolver_dev_exp,2b11d01a8c07e346bdd726c064d41f7a613a8b6c
Carlo Palinckx,CarloPalinckx,resolver_dev_exp,136dabc51de634ef3f2b16415c7824d4e98bced7
Esteban Munoz Facusse,sopranopillow,resolver_dev_exp,aaf8b0b8f7755680b9bc7c7a55418938ecc637ab
Fellipe Utaka,fellipeutaka,resolver_dev_exp,3e449b235d787f5e124e86a2da6eaea8c511b80c
Jason Leibowitz,jasonleibowitz,resolver_dev_exp,126507cc1c7c9ab87e9cc826a74840bc63af2eca
David Ďurika,achtan,resolver_dev_exp,55b5dbf9cd477cf7a07a9107fa462d3265dccbb2
Albin Ekblom,albinekb,resolver_dev_exp,992ea2e875a8ad606e0a91f94c028d3b0b4300b9
Theo Strahlen,theostrahlen,resolver_dev_exp,38a4e56cfa2c5d6708197207bd24ff5c3046bbee
Dovydas Navickas,DovydasNavickas,resolver_dev_exp,f4f3649de33830d6758172a8d9df8b9a3e7142e9
March Works,nblthree,resolver_dev_exp,7678ee2f2e327d01015a23785d0d2647ae5477b8
Pablo Espinosa,espipj,resolver_dev_exp,a8088bfd670840a8c95ef5651b7456f5bb4471ae
David Golden,davidgolden,resolver_dev_exp,3d0e30ef122583a449b0682447e9126b9dfa6034
Jazib Jafri,jazibjafri,resolver_dev_exp,9e2ae6997334917eeb1af0b4fb4e462f6b450b62
Jumpei Ogawa,phanect,resolver_dev_exp,dc2be6483f7aaca86e60bee03abf15d572b872b4
Ankit Kashyap,SwitchBladeAK,resolver_dev_exp,4b68d55b39bf3cb1876ab51c1bd9106cb9eae0ab
Kenneth Lum,KennethKinLum,resolver_dev_exp,2af5a0e47cb2246cc373736c05e8d76778f73c36
Ben Butterworth,uxduck,resolver_dev_exp,f46bd5f8296854ee8689e10ce64d33c29e5df708
Felipe Lima,felipeptcho,resolver_dev_exp,c2c1b965440fd6ce062c0601a077a0a31021ae83
Nick Gauthier,ngauthier,resolver_dev_exp,bbbf7ab4987e8037801b6ee4b652b06b0901a495
Jeffrey Zutt,Jeffrey-Zutt,resolver_dev_exp,c1ca6ac92b7b86c32e3a977b212886acdc5b679f
Aleksa Cukovic,AleksaC,resolver_dev_exp,bcd8de32624c444a5e08d119ea8c3c673d7354b2
Steamed_EGG,nk980113,resolver_dev_exp,d08caa88ba4332bf30de4774c886404115afc366
Shun Tedokon,tdkn,resolver_dev_exp,385ac94afd7ade198246dfe15717932e58c4c0dc
Sireesha Aguru,sireesha-siri,resolver_dev_exp,b00043645367450df1bdc9bc4bb94e19916e52e1
Guillermo Rauch,rauchg,resolver_dev_exp,fe1b3e89f1d6253726074ee21755422b0c664197
Piotr Kuczynski,pkuczynski,resolver_dev_exp,e28ce34ccb3b656eb24c9e8d555f6b18d386b71c
Simon Boudrias,SBoudrias,resolver_dev_exp,01779429abbf28b46c6b48f4e8338161a029f610
Martin Alix,malixsys,resolver_dev_exp,b2ee0a93fe5653a050550455d817f7e460205b4a
Niklas Wagner,Skaronator,resolver_dev_exp,85fd832ed8afb24543e5e036d8c3b0c481c236be
Yordis Prieto,yordis,resolver_dev_exp,1e3534e1694f2c59b32025357039cd006d6e3532
José Netto,mineiro,resolver_dev_exp,362fcf917a88f68eb7817d3b620cf7b3b39ecec6
Joe Warren,Joezo,resolver_dev_exp,5fd7b85280c1a17e4d32350e1c302516945aab92
Horacio Valencia,idoob,resolver_dev_exp,081b8fba67b3b9eac58f07ba1bf2dafd1fdd89cb
Muhammed Al-Dulaimi,that-one-arab,resolver_dev_exp,88d774f9b5308c09780222b6e701cc27099b9d32
Nick Anisimov,none23,resolver_dev_exp,4016eb87ba608c85f38feb852ace0f8d2fb9107f
Emmanouil Zoumpoulakis,emzoumpo,resolver_dev_exp,ce3112048ffe53b0ac8e4c292cfd8ab3bbf9c5d6
Alex Kirszenberg,alexkirsz,resolver_dev_exp,117f7c75f5fc32ff24793b7a0c075cd99078a8f5
Syed Basim,thesyedbasim,resolver_dev_exp,4c8bc158fe0f171b70c7e26f22c7fe31a75dab30
Theo Browne,t3dotgg,resolver_dev_exp,d27500c5a17fc6e56ac7bd33eeb40997308f27b2
Koutaro Chikuba,mizchi,resolver_dev_exp,267b74b2566c0ca4e81d3414f117fdb35fe0f7a1
Kaic Bastidas,tcK1,resolver_dev_exp,d3955cdf514e7d5032d5929e551796106ede21c7
이동현,0ldh,resolver_dev_exp,fe87d7ac7578917a237dd32ec6ead890940f6870
Ellert Smári Kristbergsson,ellertsmari,resolver_dev_exp,08d7a7e5189a835f5dcb82af026174e587575c0e
David Babel,DavidBabel,resolver_dev_exp,320986a2b897bc512c21f7148f4a4c8ce749dcae
Miroslav Petrov,petrovmiroslav,resolver_dev_exp,47d2dfdb5472e14320fe7e824cc680b6f28b58bc
Shawn Kelly,skellyb,resolver_dev_exp,7d4d709587a49ea77758fbacfcadbf6847546955
Karl Horky,karlhorky,resolver_dev_exp,ca2a022c26c054a9e593e8e144c0073e8f302eca
Tomáš Hapl,tomashapl,resolver_dev_exp,99362592b935f8b204348e07ad5cac015b9fa2a7
Ankur Prajapati,ankurdotio,resolver_dev_exp,13dad0ddff5bd91e7fbe7c07bb5c2e3f5dc498ed
Hemanshu Upadhyay,Hemanshu-Upadhyay,resolver_dev_exp,51892ebbfd1c31f36edd6d09b1385a52c84b0aa3
Mhmdrz_a,Mhmdrza,resolver_dev_exp,5773c53f5f8ab216e9cad662ab3b89f9ecdfbe85
Abhishek Mehandiratta,abhi12299,resolver_dev_exp,cdb78b4e61a252ee9ed4105212809db42569b5f2
Perry Olsson,Perry-Olsson,resolver_dev_exp,3b55a37c8168d8043a284bfd85f59e298592674e
Patrick Arminio,patrick91,resolver_dev_exp,a40fa12c50ae528d6a0faed1964fa0f25653e2ab
Konsti Wohlwend,N2D4,resolver_dev_exp,1088ccdcfb8588ea35d8f213059051d2e81ccfe2
Bing Quan,chuabingquan,resolver_dev_exp,ca49c547d06c4ea292fc91996a74446ee76aafec
Mikihiro Saito,mikinovation,resolver_dev_exp,3d894025372d880f344724572978dd8efe1e62db
Yuki Takemoto,mottox2,resolver_dev_exp,fe77761ee8eb87f6ccba4f4795bfd9ed82781ace
I am not shine,,sin_resolver,
Max Schmitt,mxschmitt,resolver_dev_exp,b7f8025c66158fbe4e431046070d4c1f2a5ae48b
James Perkins,perkinsjr,resolver_dev_exp,b5cc91e2bacee2d9eb3d4034778c6cc397ad7576
Kevin Old,kevinold,resolver_dev_exp,fe246bae36dc29324ffe60499eaab26ef77ad067
Kumar Deepanshu,kumard3,resolver_dev_exp,9081cf870b14844da189007287a4de7ee2932fd8
James Mulholland,mulholo,resolver_dev_exp,9f08e48d728faf6a64cb9079269a8d36fe5f3d83
Arya Emami,aryaemami59,resolver_dev_exp,7d4821de6f44b9356318886a6e899c96fe2910c3
Pieter Bogaerts,,sin_resolver,
Deepa Subramanian,sdkdeepa,resolver_dev_exp,9e3c1829b0d904910ea1718f02a46888138bb8ea
Thomas Knickman,tknickman,resolver_dev_exp,8177d04bd2b19e75d7ff1b9c747a9d05ce8326c2
Maikel van Dort,Netail,resolver_dev_exp,355d4484e5d7d923c8508695d9d14d11e812ebaf
Kitty Giraudel,KittyGiraudel,resolver_dev_exp,3ceb9c567339e50fc6326a228841615a9a9edeac
Hamidreza Nateghi,hamidreza-nateghi,resolver_dev_exp,d1643b47c4c30b1e444a8c35fe060841246dd261
Bee Ellis,hegelocampus,resolver_dev_exp,d166840e5a2d10ec10dc40105f79f2de80a30c42
Victor Machado,vamcs,resolver_dev_exp,8360ca0332d00afe8e3c646af38d53868d2a3db9
Islam Shehata,,sin_resolver,
Ethan Niser,ethanniser,resolver_dev_exp,4551373c972d0a9c49874258f66ffff73d7109c3
Rafael Fernandes,raferdev,resolver_dev_exp,14a653bfabfc4d2d0f10b7000c55fc796e07734c
Will Meier,willmeierart,resolver_dev_exp,4570f2d050e8110901c2ce3a1a544f46b605b1d6
Anay Paraswani,,sin_resolver,
Yohei Tsubuku,y-tsubuku,resolver_dev_exp,df16f74f0f8207073dead088cbdf6514255cfcef
Omar Houmz,omarhoumz,resolver_dev_exp,1c1ef0ef3f0b101c65b31646b1ff59ff1d33c023
Max Gudkov,amgud,resolver_dev_exp,9d9bd8be15466cffe647f8f2d98c5d368ceaa6cc
Marton Langa,martonlanga,resolver_dev_exp,5f003105ef594ac062dafa131b970046824f8023
Joel Hooks,joelhooks,resolver_dev_exp,658ffe2e0edf17cfd56a4cf64fc0803bd27ead6f
Josh Pullen,PullJosh,resolver_dev_exp,e4bf0d4c909dcac601d540e38cfb445ec72ba0eb
Ahmed Ayman,aayman997,resolver_dev_exp,e0e573546b6eb13247fc61e4360af01a498c7b60
Aryan Malik,0xScratch,resolver_dev_exp,4f0b7156a44c517d978fc655fb19f821503a5e25
Balint Lendvai,bogy0,resolver_dev_exp,f3f4ca3ef50e1f794032d03df101dd0866f2cb77
Yavor Punchev,yavorpunchev,resolver_dev_exp,495c3183f8ff4c66e105b86acbaf04af578dcb28
Alessio Maffeis,alessiomaffeis,resolver_dev_exp,fb1659ae05e10d5c68ace53fb90159bda9414bac
Rokas Simkus,Cicada95,resolver_dev_exp,3c82d05aa6ba10e61244f582f752c5d2051c610a
Tyler Arthur,tdarthur,resolver_dev_exp,c23f3434a3e34ebf7b0b15afc115d94fa0238076
Joe Lutz,dizlexik,resolver_dev_exp,e3bf20cbcf43ff3a062afc1c70e983e75e041895
Christian Bromann,christian-bromann,resolver_dev_exp,62efca150bfd7d82c3c19bb6d9e664e1c7476526
Truong Hoang Dung,revskill10,resolver_dev_exp,10f41f5d4702056d829f50c3fb7080db3753edfa
Diogo Capela,diogocapela,resolver_dev_exp,f412c5e72a068d3667e0005f33a9ac7802634b61
Freddy Montes,fmontes,resolver_dev_exp,15cc88909c2480816b127d8a4f7448e0170d61cc
vikas singh,v1k1,resolver_dev_exp,13bd196d082c8056e15f4145b57bd652231a95a5
Luciano Mammino,lmammino,resolver_dev_exp,812596e77e73f0a7f02ea3ec34d5bc2c0e9f9093
Kutsan Kaplan,kutsan,resolver_dev_exp,6f64af6e66fadcb27b4db0facc1b402378a927b2
Tom Coleman,,sin_resolver,
Ryan Gillie,ryanagillie,resolver_dev_exp,90b0352a3e76dc5e909663b8460101094b6106fa
Jerome Fitzgerald,JeromeFitz,resolver_dev_exp,bfbc23d71076c17fe083f8820cdc150afe2f241b
Dusan Ralic,dusanralic,resolver_dev_exp,87c4d17726ce060519d4170d00e645ac988a03a3
Alvin Bryan,alvinometric,resolver_dev_exp,1f6bc34751d650bd909d796c9bceafdfe632b4de
Quinn Rohlf,qrohlf,resolver_dev_exp,af6c26ccc90d7015c7e972c87bb3d0ca10f6cd02
Vorathep Sumetphong,phillip055,resolver_dev_exp,4152e0cee43bc528910a767ab85140071e24fe79
Michael Hsu,evenchange4,resolver_dev_exp,62905ce683823ca026ccfdce3401f438c92e45b2
Ivan Kalinin,IvanKalinin,resolver_dev_exp,c851da25f4f9828ee26844df4ed84d33151d3ce2
Guilherme Baron,gnbaron,resolver_dev_exp,0d49d9f22fe626a97188ef688bd45e6cb400d79a
Ilya Konstantinov,Marcus-Rise,resolver_dev_exp,4d2b7e573a4aa4ea3d4ef46c8679f1e730791797
Jan-Philipp Willem,jwillem,resolver_dev_exp,9cce984834140bfc9f078ec630fca33a856e3fef
Zeeshan Ahmad,ziishaned,resolver_dev_exp,c49c6ab31b6c05e4b369fb8a5e0be09a05e21ded
Cristian Dominguez,cristiand391,resolver_dev_exp,f4f6fea71f761f4069dc5ae3dcbf0c725cb8aad3
Yang Feng,yang-feng-yfeng,resolver_dev_exp,06770e4c641320249e8e38acb808db6f01087b7c
Eldar Amantay,steppefox,resolver_dev_exp,0084166caaba402c1f8218da48e32855bc7ee48b
yeji kim,,sin_resolver,
Reza Mauliadi,rezamauliadi,resolver_dev_exp,f713c954a73019ee28be3a1d54624f87e0aaa41d
Justin Braithwaite,jbraithwaite,resolver_dev_exp,db91fbf407b45f075cc4c5b18f3b46c893c42aa0
Lukasz Ostrowski,,sin_resolver,
Francisco Moretti,FranciscoMoretti,resolver_dev_exp,b4699b860ea698e5236485f5d0592a9ad2f6cab6
Zach Curtis,zachariahtimothy,resolver_dev_exp,829f4e581c0c32188f6fe1f59620f99b0b0a2173
Sudhir Mitharwal,,sin_resolver,
Erik Nguyen,,sin_resolver,
はとぽっぽ丸,hato-poppo,resolver_dev_exp,7965dd748481f2b14cb65d06100a8ad6aa239129
MUTESA Cedric,Mutesa-Cedric,resolver_dev_exp,730b43d0ce6d328245d1f22be72880ed0d0b4844
Leo Gaskin,leotaku,resolver_dev_exp,d92e75cb30cc1f31a7ba8132e94686d6aca58d24
Mileta Dulović,M1ck0,resolver_dev_exp,3892453cd7c72b92cbb5c7fd0925ee000d142e0f
Hammad Khan,hammadxcm,resolver_dev_exp,8b33bf2ff891c5eca885e86e6d9459766fa3678e
Matt Snider,msnider,resolver_dev_exp,d715c13f41961eda13af576655c09bf96224e481
Nabeel Sulieman,nabsul,resolver_dev_exp,8050a6c8e056efb336f15f6fa5be789cd040574d
Kye Hohenberger,,sin_resolver,
Mike K,,sin_resolver,
Robin Weser,robinweser,resolver_dev_exp,b5b8cd8642be4b8b4e582b8d73bb148da74470de
Adam Pietrasiak,pie6k,resolver_dev_exp,41706d6fd3ae61d087997abec5012014b936753d
Nicholas Ramkissoon,nramkissoon,resolver_dev_exp,2af441cfb75c17b7f01294cddfbded81ae374394
Jens Meindertsma,,sin_resolver,
Terence Bezman,tbezman,resolver_dev_exp,b20eb99a4d11c2622ea0bbb06c68c895fc6faac1
Zhe Zhang,zhe,resolver_dev_exp,14efae931a224521434a55869616aac1e101b20e
Abhijeet Singh,cseas,resolver_dev_exp,7581beffe2af663a2a20a7c11ca4d3395c8c45fa
Jason Tan,banchichen,resolver_dev_exp,2bf38b01154ab1b3b0de0e4a5094f4cffb6c20d2
Nicolas Froidure,nfroidure,resolver_dev_exp,2d52962dfd37c2c52765fbad744680f5a050623d
Josh Story,gnoff,resolver_dev_exp,0e912cb9010def935bfbd07611c84c733738b733
Andrew Johnson,andrewrjohn,resolver_dev_exp,38169e338559207f851fc6022c9d7638417d94a0
Lucian Buzzo,LucianBuzzo,resolver_dev_exp,a5a92931d19e739620584c555f467459635ad7f1
강동윤,kdy1,resolver_dev_exp,81c5511b74ff44dcf4a90e828e6f36682b0059a2
Robin Tom,robintom,resolver_dev_exp,5218e76818c42f6179ad5d027c1febb578ce98bc
Rodrigo Delduca,skhaz,resolver_dev_exp,4aa17e7ebaccf646974b99945b402cc982b423bc
Kolton Gagnon,KoltonG,resolver_dev_exp,3a0065d701d243d1564f20ca6f437117f5ea7ce9
Chris Barna,ctbarna,resolver_dev_exp,2958e3e8371fb3edecf03cb59163c6fed4fa9054
Brandon Owens,Bowens20832,resolver_dev_exp,862f556c69b05b4c5d5701028818ed5707da3b30
Alex Cole,alexcole,resolver_dev_exp,aacc0ce90f1ab59ebc8eb2b44c668611b3f2dcaf
Seiry Yu,seiry,resolver_dev_exp,9f08ef8daf28bd4e19894c617617f88ad9d1bdff
Phil Wolstenholme,philwolstenholme,resolver_dev_exp,e93a35bb2616f3ef36c1c1cc18fca74b2665404e
Igor Varyvoda,IgorVaryvoda,resolver_dev_exp,d4b7c86ecf0e5b52c9ad61f777eab0f1592badec
Glenn Gijsberts,glenngijsberts,resolver_dev_exp,91146b23a21e33d54332a469f30afe6e6156cd65
Ben Brook,bencmbrook,resolver_dev_exp,a4f8b179e125265af9b79e28c8bf5e7322e66fdd
Janicklas Ralph,janicklas-ralph,resolver_dev_exp,ce92cea18de30ffb2d40886f7dac2d469373ad66
Andres Alvarez,andresz1,resolver_dev_exp,6424e1f1d90b47cb4a52b8282b043ca81a10ab4c
Adam Soffer,adamsoffer,resolver_dev_exp,5d714341211898e17a762425e4e517bb5677c9e1
Bart Nagel,tremby,resolver_dev_exp,a77f3845f6292e9a67ed4dab63767832b018a9d2
张昊,GuinsooRocky,resolver_dev_exp,668094edce26ce888e59e0f5a81966bd68d991ec
LEE HAJIN,betterthanhajin,resolver_dev_exp,32c9b7bdd1097ceff2c016e1dbea56bacfe3fc1c
Josh Goldberg ✨,JoshuaKGoldberg,resolver_dev_exp,72a64081b4a1e18c9f3728e56a96b1f8aa367e6d
Jigo Palillo,jigz,resolver_dev_exp,923547c056057cadc5b18d615412be76d7c5e318
Sebastian Benz,sebastianbenz,resolver_dev_exp,bbe8a9e1911fb8ee36d65f4a04575c8a0cf8520a
Francis Gulotta,reconbot,resolver_dev_exp,2ba4dec18b6fd5e870ce3f16c1bc687156b23710
Jess Telford,jesstelford,resolver_dev_exp,1545af5803c3250d0796982391df6af92c627467
Mark Steggles,FutureKode,resolver_dev_exp,fcf129d90dc611c4836bb148a6bb7ee77067d82c
Már Örlygsson,maranomynet,resolver_dev_exp,08b1916126f8df79813b6985255f30adf0938138
Carsten Lebek,carstenlebek,resolver_dev_exp,beaa4df9fcab1df7e24342ae1c103c44f84c3cde
Sergey Rubanov,chicoxyzzy,resolver_dev_exp,35cd36e9d5ce0e92c9b8a348429ac0a4f0a86fa0
Tim Reynolds,timReynolds,resolver_dev_exp,c28f46748854390d92c655ebbd72b37018aa0aff
Rob Brennan,TheRobBrennan,resolver_dev_exp,0330962618d1ff7d6bc2d40eda6a6cf7e69f312f
Daniel Lutz,danlutz,resolver_dev_exp,20c546710d758a17ecb7abac64208d2fa09186e4
Robert Bradford,robertwbradford,resolver_dev_exp,17da2ca1fef5c043155bdb1d66574d02d9749c84
Darshan Jain,darshanjain-entrepreneur,resolver_dev_exp,8e3cd83dc89207dfbdbc25c63efc7e389db06994
Tom Dohnal,tomdohnal,resolver_dev_exp,eb4be226fd6789c4a90ba8a9291c370ceb984158
Adem ilter,ademilter,resolver_dev_exp,d58e2e4a71daaaf7023d279dab5f13a33c822514
Christopher Snyder,KB1RMA,resolver_dev_exp,c294ad0a53a31fe699a6c536f1e2500686362088
Joseph Garrone,garronej,resolver_dev_exp,f5272acbe5628164257ef8e584c8a469a4af5cb8
Aydın Akan,aydinkn,resolver_dev_exp,9721aaf73a2dbd8c69d208838d751b2254932fdd
Ross Sullivan,ranger-ross,resolver_dev_exp,8a53b57d4b79df40db32937decb7e0876a419caf
Kenneth Auchenberg,auchenberg,resolver_dev_exp,20af8cdabece57de21d9cbcdba7361a09bf66fbb
Arthur Puyou,apuyou,resolver_dev_exp,fac083bcfa558a3112f7764ba411f68ddc54f5bf
Khoi Le,nguyenkhois,resolver_dev_exp,3641f79a0f68d1093cc238b50b8d47eec1c25cfd
Hamad Ullah,HamadUllah16,resolver_dev_exp,85a2a029bcffe64aacf5c5872db43b70d8c660f9
Mert Duzgun,mertbuilds,resolver_dev_exp,1ccc9e8a0492f9a18cbc70fdda6674c7c516b04d
Ben Botvinick,botv,resolver_dev_exp,cf916f99061b3e72604bc4937a86a9c6b6274f35
Chris Watts,seawatts,resolver_dev_exp,735613bc7ef7e51bd3a72aac0b155238b614a55f
Alexander Cai,adzcai,resolver_dev_exp,b8a552b93b80b0a2acd9c08e9ba7ab61553b0357
Denise Yu,,sin_resolver,
Ismail Ghallou,smakosh,resolver_dev_exp,ef1fb152602e6cc53919a679b6e4ed96ef6fb659
Mitchell Hamilton,emmatown,resolver_dev_exp,31db8dd932cac69b737decb1eb041a6ab0948f0e
Turcan Vladimir,justman00,resolver_dev_exp,b22769194262a700728be9b912cce2f63383bca0
Ryuichi Okumura,okuryu,resolver_dev_exp,5be9c04007aebfcc05f364470309346f7fb82155
Pascal Pixel,PascalPixel,resolver_dev_exp,c9bc101df89d28e33497e62371816abdf6b2a68e
Michael Law,denchance,resolver_dev_exp,4697b1591d7920d4718a5c9a75f3cea3024bc304
Dan Mindru,danmindru,resolver_dev_exp,503fc854886eea6ae5c99b8efcf256c83687acf3
Nemanja Kostadinovic,KkOoSsTtAa,resolver_dev_exp,693619fddb64f684ba4167736d92087c3037e63a
Kevin Østerkilde,Kosai106,resolver_dev_exp,80357700df414aa117dd18699cd44a87af00eeed
Emilien Kenler,MiLk,resolver_dev_exp,64d9475f37b3aac21b16eef022e0946615fb1276
Jacob Hummer,jcbhmr,resolver_dev_exp,392507b0231048ba5db59d2bbc78fce390f74c81
taisei mima,bhbs,resolver_dev_exp,d0f1e33d537938e0ff0d9135483cfeb73eabc5a5
John Elijah Spraul,John-Spraul,resolver_dev_exp,3bdcdd1b9090b1f0a1d0eaba5ababfb7cfcfe090
Qiushi Pan,qqpann,resolver_dev_exp,455b74fe5418449b2c6a663e7b44bd0e4d9d4d79
Kristiyan Velkov,kristiyan-velkov,resolver_dev_exp,57ddbf81b097a6e9082d5db548958fae79d61095
Ivan V,ivandotv,resolver_dev_exp,14cb6556a8b3c592cbdeb8f3baf27ce7e087ca0b
Justin Ridgewell,jridgewell,resolver_dev_exp,e647db25f4c6e85d9ca937979468d93cca1f08c7
Edward Thomson,ethomson,resolver_dev_exp,dd1492d3a0992a5b3095c6d0e587d92b1f754cfc
David Madner,davincho,resolver_dev_exp,d1b61afcf803ba664f09fc5dccee83fe9b85ea53
Jake Boone,jakeboone02,resolver_dev_exp,3cd4b975c3cb9d165ac1eb784d31a5e2edf4d9c2
Radosław Grochowski,radoslawgrochowski,resolver_dev_exp,7f1c8a9bbe440e50190f0c3b287f62266a0debe5
Filip Wojciechowski,fwojciec,resolver_dev_exp,92e26ce1b1263fa66fcf8d32b74f8f71c4187d4a
Michael Sereniti,msereniti,resolver_dev_exp,c297cbd06146599ad21213cc5fcf07f525488801
PØL1,paulnbrd,resolver_dev_exp,01cd69fbc355af6bd2bbc330bc66c8b36009121f
Alex Kostyniuk,kostyniuk,resolver_dev_exp,95d3d8ec816b13a01558851ca1004c732e416400
Sandrino Di Mattia,sandrinodm,resolver_dev_exp,d0424d201dea107616ff1760a034fe336f42bf2c
Pavel Korotenko,PavelK27,resolver_dev_exp,ff2a03f30aebd1a10612d831b9fc06cc73147f69
Mohit Yadav,Just-Moh-it,resolver_dev_exp,c1991c6baed5bb0580e0936fb100647a35d82ef9
Enzo Ferey,enzoferey,resolver_dev_exp,317c1c4922ad0a73dc27c3793193c67ca5777d4e
"Ryan ""Haticus"" Huellen",ryanhaticus,resolver_dev_exp,20c1079e96698329af446ce70de7b0df53517a97
Faris Abusada,abusada,resolver_dev_exp,890a45616d4aeb19522cda78351de00ec7c86565
양현석,FourwingsY,resolver_dev_exp,160da6b80692738c575c3401c6abbfc5f52f721f
Matt Jewell,mattisfrommars,resolver_dev_exp,7076727d3e7d12b633aae1073f935e514f042a7f
Tadao Iseki,saitolume,resolver_dev_exp,d196e72a7f2c80f5e0fc9af76cf083fb24b7ff01
Teal Hobson-Lowther,olgn,resolver_dev_exp,2153789358ce6c3402d538680122460d28e8b684
Donovan Dikaio,dikaio,resolver_dev_exp,41368670a32520fddd89cc4dd4b9f085e8705587
Sam Poder,sampoder,resolver_dev_exp,b1c15da6c6b2a09ac02abf371a98b39b9d8482e9
Ahmed Tarek,a-tokyo,resolver_dev_exp,5cef35b8116400d9fdd3e5d4bceaf5a41f4a8565
Kasper Aamodt,,sin_resolver,
Michael Duncan,Kamitenshi,resolver_dev_exp,79b34f065288fb0301cb3abc625a35be6e9d917e
Jason Aslakson,jaslakson,resolver_dev_exp,00003193dfdc3c8952e71efbf47979c4dcf4ab8b
Kristian Djaković,kristian240,resolver_dev_exp,a9c3206cccc9e018da623d2fe0a89ff016c5feda
Willi#m ⬣,wiiiimm,resolver_dev_exp,78c9793a53a449b33a3da4c45cbf6cd92f75e395
Kris Luminar,kris-luminar,resolver_dev_exp,693ab4366372cfa7b444af76ec8f0f7c8166cc6b
Eric Fennis,ericfennis,resolver_dev_exp,5e716ec918014cd6d20fa01d9b16dc4a386059c3
Kent C. Dodds,,sin_resolver,
Mateusz Aliyev,mateuszaliyev,resolver_dev_exp,a759711cab5d842c4b83b00988432f4fe3324170
Luke Deen Taylor,controversial,resolver_dev_exp,e1034776487ce4c274593306a45e26ddad07444c
Arnaud Favier,ArnaudFavier,resolver_dev_exp,31222b53b4887ca3920d1f157b51e05d0a7150e5
Tomasz Tunik,tomasztunik,resolver_dev_exp,015898ef6e4e79b6ac1169b3c5c1e39706110936
Martin Goutry,tjabbe,resolver_dev_exp,e1e3332b178c8ecaff76dc7d162af42211e64f90
Đorđe Spasić,Djo1e,resolver_dev_exp,804dc6bd103dbb9867b82d40e033fb33500a45df
Florian Didron,fdidron,resolver_dev_exp,13feb8855d29c06969f0bcc459b5a445573d6b08
Prateek Choudhary,prateekkish,resolver_dev_exp,386afcd423999915958c237f6c4532f150463b18
Mariano Álvarez,creativoma,resolver_dev_exp,a7faeb0b800bf2cadd48ef5d4d19cae727d685ee
Fernando Dingler,ferdingler,resolver_dev_exp,0f332055d43fa97acbb52d7a9c187850bc08073f
Sébastien Vanvelthem,belgattitude,resolver_dev_exp,cd6dacd59f56bb5eb0ad469bf03c163e095a3d2a
Bob Ziroll,bobziroll,resolver_dev_exp,dcdb2e18d6c7faadc56c22d4087affd0d29cab48
Jonathan James,jonjamz,resolver_dev_exp,b39958e78037f2c99b2a0212355f5538ba94e589
Ari Leo Frankel,AriLFrankel,resolver_dev_exp,9b88eef897b696d77fce4703be80ec113e88b7f1
Alexandre Ferreira,alexandreferreirafr,resolver_dev_exp,cd1a50f13319a36a89e304c1773345f71cca1cf4
Ekampreet Singh,ekamkohli,resolver_dev_exp,3bf0fcf35db9e4b03b1fe99486bdb3e65e86c295
Jeremy Bolding,thecodechef,resolver_dev_exp,d2b0db811c0a9b6d0616f80148e7f9fe0d0b4818
Julien Deniau,jdeniau,resolver_dev_exp,8ebd1a24cb62e94789501abe5dbceb497f7ea47a
Tan Zi Gang,zigang93,resolver_dev_exp,2f8dec2314e43ca190b454ac73c31d54daa3177e
Jophy Ye,jophy-ye,resolver_dev_exp,126b9c8ff3b9c62eebe2b8b797de823339a3474d
Kristopher Wuollett,kriswuollett,resolver_dev_exp,049e17566b33de9645257407b3c99281a6487391
Victor Boucher,victorboucher,resolver_dev_exp,3f2b4bc904f9704be7ada9891cf80cb1373f37fe
Thorsten Schaeff,thorwebdev,resolver_dev_exp,bdc465092b0bcfad53b7fecc8f1c0a33bb7e778e
Jesús Lobos,jlobos,resolver_dev_exp,b0128c7e2d55883163c80cc4ba9cae9f7e8b1586
Brice BERNARD,brikou,resolver_dev_exp,0989ecc2237f2f1edecea2f08ad55978d28c8c54
Lydia Hallie,lydiahallie,resolver_dev_exp,abe49367012496d8a1a25e35ea1b74b7ed4d0b38
Bryce Kalow,brkalow,resolver_dev_exp,d159fb08a1cf71dd660fa52f42c3e90c0bee7744
Tomoya Tanaka,,sin_resolver,
Roman Vanesyan,segfaultmedaddy,resolver_dev_exp,01f05d8cbc0333dd629f3c6bb180d73c41fed968
Max Nowack,maxnowack,resolver_dev_exp,f2de5a08b87c22067b9876204d0b2f8ec18b2ba6
Konrad Pettersson,KonkenBonken,resolver_dev_exp,b83dccd28bc8eb867c399f2820383a5ab8f381a2
Md Rashidul Islam,rashidul0405,resolver_dev_exp,7feede955f8b5c47f7c60f94bb06a598a57ab71f
Michael Carr,xyeres,resolver_dev_exp,8365bf62df45d1cafdfbd8c4aad0a6f3ced5f854
Vlad Tansky,vltansky,resolver_dev_exp,a11479bad999be6b356cdd3cc3d02ff66f3cdb52
Alain Kaiser,alainkaiser,resolver_dev_exp,8370e52a32a56e1036941fd2829eec24d234eed8
Tommaso De Rossi,remorses,resolver_dev_exp,42ad2cef2297159aea13f948200daae2a91ab696
Nelson Frank,nelsonfrank,resolver_dev_exp,c2b6d235f2635ae8ea4fa8519f64bcc70830f40d
Kanjie Lu,kanjielu,resolver_dev_exp,cab6341545a57b1aa36cb70f6263f9547d906cda
Guilherme Augusto Henschel,cenoura,resolver_dev_exp,ed2aa607d50e22bfad48d25a34eda65be19ce2b7
Brad Larson,followbl,resolver_dev_exp,3b5029fb927d2ea258283bb5db19c7dc02a8b699
Ilya Lebedev,bacher,resolver_dev_exp,db82f9ce6df27258e665e45bca4fd94384a62def
Dharun R,dharun36,resolver_dev_exp,d43e5f9378c2e7eb093095fe8f4f816a4906f695
Raymond Cheng,ryscheng,resolver_dev_exp,ee89517848190e9f0477aa2205587684b74e2494
Aaron Adler,aarnadlr,resolver_dev_exp,ee266b9d9b3ceefa6410cf0f186468e46d18d279
Alexis Rico,SferaDev,resolver_dev_exp,a45bf8c93bd5b28cf9aa9dcb4a0df06af41a7cac
Xuezheng Ma,xuezhma,resolver_dev_exp,4eb86dc5f8cf0aaab6984956deed40a440ebfd11
Vlad Frolov,frol,resolver_dev_exp,7bb5f1a2fc1e5204d8c03f6a3c32ce4d520df42b
Ev Haus,EvHaus,resolver_dev_exp,bbf19cd99ef7d6a4af5e69f10df23ab28f190cfc
Tim Caswell,creationix,resolver_dev_exp,7061f9428f692cc3de006b70bf85daa6fd7893a0
Agustín Tornielli,agustints,resolver_dev_exp,447b416f4d90d5f53681a3d8909aa1d82b7eff24
Youkyoung.Park,,sin_resolver,
Arthur Petrie,Arthie,resolver_dev_exp,453adc68648b716ed1311f99bd5301f35fbb596b
Yufeng Xiang,xyf7,resolver_dev_exp,71c0e9a546853933bf493a2ffd01ec115d218c19
David Agbenyega,,sin_resolver,
Chad Luo,,sin_resolver,
Jeongjin Oh,ojj1123,resolver_dev_exp,04c87ae2d7373f443f34a3b1cbb87c1e93c6ab59
GH Lee,sphilee,resolver_dev_exp,fb843a5577fb9382203702926391a9628582c706
Ken aka Frosty,KenAKAFrosty,resolver_dev_exp,e7e567b1fc6d61fd21124e96f08141c4b774f9dc
Kyle Marshall,kylemarshall18,resolver_dev_exp,a29d8c9eaf693f6022ef4b0584fa3bc51fb57dfc
Rafał Ruciński,fatfisz,resolver_dev_exp,8889430777632116555e3ac5ded1e993d001f599
Robert Komaromi,chipit24,resolver_dev_exp,dd0c9881ac0ecf041eff32feab3e3ac64c5c1e6c
Eleni Stavropoulou,elenistvr,resolver_dev_exp,41cb6c488dc2f7f3c22dd1ae3094ea59a7ad9d7a
Sokratis Vidros,SokratisVidros,resolver_dev_exp,e89a080c46e413a571375aa0a96daaa64e1bfdd5
Jarrod Watts,jarrodwatts,resolver_dev_exp,c481147b865d5d34afafb89c863a4e68a6cfac84
Prateek Rastogi,prateekrastogi,resolver_dev_exp,fbd023c0320e99db6b8ea01cf77a357c0e2ffc63
Marcus Wood,igas,resolver_dev_exp,6f6b83362f01d7aa4ed321a200ad10d5f5f592f9
Alexandre Spehler,aspehler,resolver_dev_exp,a07e0de64fcde7d53620a41914e63ae9663a680a
Taylor Bryant,taylorbryant,resolver_dev_exp,8484a6b9c259a0770af37ea83c746a8bd73cb116
迷渡,justjavac,resolver_dev_exp,4a864ca951aeb180cab896d6efa983c008daf1a0
Sitian Liu,goldensunliu,resolver_dev_exp,6de3ff9d78108dc439cb49bbc22c8cf1bbcd8a5b
Krisztian Puska,,sin_resolver,
Hendrik Liebau,unstubbable,resolver_dev_exp,1fffea65b678744091a6dc13996339dcf8dcfe4e
Junyoung Choi,Rokt33r,resolver_dev_exp,08b14e49b005223aeafcaa4de55d3185443b51db
Anderson Leite,andersonleite,resolver_dev_exp,a54b4ed0c50399f5a80dfd509a2957ebd23c072c
Keanu Lee,keanulee,resolver_dev_exp,d0ca9c9eb5db4067e456ef642fe7a28d39b47b28
Hyewon Kim,hyeewooon,resolver_dev_exp,85fb714f1665f3afaa49663ed5b2d01f6b88164d
Jehun Seem(심제훈),,sin_resolver,
"Kim, Harim",iicdii,resolver_dev_exp,b290a3dc38fedccf71b62c94eefc76af9aff1453
Sebastián Espinosa,sespinosa,resolver_dev_exp,c1fd2ca79f52119557415487a8ff863da2f89000
Daniel Almaguer,deini,resolver_dev_exp,af9099c2a531df22b36eb50607c264808da09f80
Timon Jurschitsch,DerTimonius,resolver_dev_exp,c07dbd723c179d9bef1822ab8ff6ab08340e2318
Jimmy Chion,cjimmy,resolver_dev_exp,8c242ac095737fd5f40795bd6ae76c942cb929ee
Kirill Konshin,kirill-konshin,resolver_dev_exp,65f0574c169895092ae4e3d2dd13625b68a23f74
Slobodan Mišković,slobo,resolver_dev_exp,8ee536df098543c5798cc9d15cd84c2594471078
Christian Nwamba,christiannwamba,resolver_dev_exp,09e506482123f4657f3cb170710ba7987a216a97
Erik Hedberg,gish,resolver_dev_exp,2b3a38ee472e6d0854c35cc46f12f8bad769d654
Jon Espen Kvisler,jonespen,resolver_dev_exp,127bbc0ba69463638bcf2b059846fc6a481747d5
Iaroslav Kolbin,ykolbin,resolver_dev_exp,29b3cdf93f483b0081512bd3a21ff7e0bd72f2ca
Brandon Duffany,bduffany,resolver_dev_exp,548a01754dbb11e6a2f9ca1a3cc6d95b7acea0e2
Vishal Jagtap,visshaljagtap,resolver_dev_exp,c8a5bd5ebaa7572f941dd6e8fb5ecd836b146e9f
Rahul Mishra,BlankParticle,resolver_dev_exp,9973770b43dde84d66fbf73725716e82107db635
David Fateh,davidfateh,resolver_dev_exp,3861e4b8eca997a8cdb46c7bd8feef3ff8aec000
Ishank Sharma,ishank-s,resolver_dev_exp,9bbb968c43b8c79692b22a54e2045c66463fe49f
Lachlan Campbell,lachlanjc,resolver_dev_exp,ce4d40b00b53aacd546bb061b9964cc34cc3f076
Ingólfur Valsson,IngoVals,resolver_dev_exp,ee6601ceda4735727b96865795a27e0b21a51f0e
Colin Sidoti,colinclerk,resolver_dev_exp,713a5aa701be000e412d9d2b8f6eee1acc61abad
Sam Royal,royal,resolver_dev_exp,c4f9f1e1e0a7aac49d06e6ec12e0bb76840a525c
John Polacek,johnpolacek,resolver_dev_exp,b50c596d0644da3759809dcd10b7144ffcd1d54b
Mark Barton,MarkAtOmniux,resolver_dev_exp,aaf7fa5d257ed7d9e9201f324cd247f0b8ae82f8
Sashank Thupukari,helloworld,resolver_dev_exp,4ba3607dcbb6ad88a9ee6935504f2dadc91dd0de
LIU HANCHENG,CNLHC,resolver_dev_exp,2139a141cb7b92e937d727918c249268a7650581
Sam Gluck,sdgluck,resolver_dev_exp,828dac7d6182095bb53e90441c184c46858cbc5a
Connor Prussin,cprussin,resolver_dev_exp,20d8e93d1e95015621b2cb095e26210af1e8a263
Apurv Chimralwar,appsplash99,resolver_dev_exp,429f63dd76817f4a275a0caa73d3a0c90497c617
Joshua Baker,joshuabaker,resolver_dev_exp,2d2180f43d146d9fe605edb820a470d06468050d
Joon Park,Joonpark13,resolver_dev_exp,c76170e82929bcf960ae577280eb5cb81f9919bd
Nico Domino,ndom91,resolver_dev_exp,fe529c49bf2642777c6f4c24c8ea1045ed5cd339
François Billioud,Sharcoux,resolver_dev_exp,9efe8eb01919ce9456fc7c791c5f0f8b5638decc
Kosuke Yoshimura,eyexx,resolver_dev_exp,2728dbe633b9f06f4575c80f16f8e278fa15eea9
Sasha Aickin,aickin,resolver_dev_exp,12dc11455011f85909455e65300b4036caa7b973
Fatih Kalifa,pveyes,resolver_dev_exp,27106a481b4e5611c2d262c810f6b44e707b8c4e
John Albin Wilkins,JohnAlbin,resolver_dev_exp,1e796726ee0c40c69213fddf9d8d1ab77a4394b7
Julia Qiu,juliaqiuxy,resolver_dev_exp,a9b1383b5d27aea18b5509b09f118a9be69dfdab
Akuma Isaac Akuma,Akumzy,resolver_dev_exp,7631c1cac5527c44360cd96a8184af73a81e89b6
Sergio Xalambrí,sergiodxa,resolver_dev_exp,e91c0fccbb7ab2efa53004728e9f7494c840c264
강노아,knoa0405,resolver_dev_exp,940c192530a44f10786831828c5982cd6222c89d
Ben Ilegbodu,benmvp,resolver_dev_exp,41ecd5e6e251c8650c253616a8fa8826b8eece5a
Jo Liss,joliss,resolver_dev_exp,b8c193bb58e323ba2b2d5327213d3229b0fbf0c5
Wang Guan,jokester,resolver_dev_exp,0d4707d69c39aab471c932c275c40e180f97c28b
João Henrique,joao4xz,resolver_dev_exp,ce56f8aa918237fdf5fd391a8cbbc93782b6f727
Louis Juliendo,louisjuliendo,resolver_dev_exp,24f056c9b3e18ccfca26272234fa231a8411f77a
Eric Ponto,ericponto,resolver_dev_exp,84720697e4f00bd77689153f7cf39421be9b1d25
Lucio Villa,luciovilla,resolver_dev_exp,beeefaaea3991a6c83e729b512cbd236204dc0ac
Ben Kweon,ben9543,resolver_dev_exp,26633cede2318d6f4e08f5b4954fc57fda38d65e
Adam Goth,adamgoth,resolver_dev_exp,c6ec289c55063b4e7a8eb0ad78df93660cbbefd7
Raibima Putra,raibima,resolver_dev_exp,3922fa0584ff481f15cd1b4de689967df88159b5
Nicolas Bouvrette,nbouvrette,resolver_dev_exp,80c4766d2c16ca37cbf915512075273cbf4f610b
Dustin Goodman,dustinsgoodman,resolver_dev_exp,7f6b8ac7eef59975d476ababd17758643676a1e8
Dustin Thurston,DustinsCode,resolver_dev_exp,dd61ee44c59ea75f8a25ca4ecbf5f9e8db8cd223
Roko Bekavac,0xroko,resolver_dev_exp,004ad62d6b69534bf7cc0df13cc174167e616aa8
David Spiessens,davidspiessens,resolver_dev_exp,0fc46d0b7062df35c2ccb517da11de947c923824
Alexander Sviridov,sviridoff,resolver_dev_exp,f5cb7bd829a47e0384adc8f677a83af728f60622
Brian Mathews,bmathews,resolver_dev_exp,d467e040d51ce1f8d2bf050d729677b6dd99cb96
Callum Gare,callumgare,resolver_dev_exp,574891585158fae53dd7e4020ee90d186de662a6
Adam Lavin,LavaToaster,resolver_dev_exp,00eff94d8c1fd070c50d46cd55becb85b5588c38
Yuhei Yasuda,yuheiy,resolver_dev_exp,052a9d235333f0e9de5962536c197f201f277431
Sam Ko,samcx,resolver_dev_exp,5c34f87bbe507adc7c07a9f9cd1095d8e2c5be2f
Matt Auerbach,mauerbac,resolver_dev_exp,298d0d167041659a58cec288d350a02420cb0065
Cory Sherman,coryshrmn,resolver_dev_exp,e2535575d211b73cca725ec246c85a29726d01e7
Sampson Oliver,sampsonjoliver,resolver_dev_exp,35d32b48cc1c53a2ce483f9f8a70599e0f5b956e
Nikhil Mehta,technikhil314,resolver_dev_exp,c502308bca73a0cbc615ee56cd08eeae317fd4ce
Tim Lucas,toolmantim,resolver_dev_exp,bf1927436c5be7442ab6e2ae73156d02cedb50b0
Pradip Caulagi,caulagi,resolver_dev_exp,3766cff9b7bf0618f4554c594795850bd5b2e4e9
Ryan Clements,RyanClementsHax,resolver_dev_exp,6b73acfaf5c782358258f737942d691af7b4162f
Sergio Daniel Xalambrí,sergiodxa,resolver_dev_exp,1bb20b1930fb9d849c8e091847664cd1c6b91b40
Heloi Neto,heloineto,resolver_dev_exp,c6d30da39407d1a0af10df35e5fa4003acf5ba3a
Luca Ziliani,Luk-z,resolver_dev_exp,d828c19806f5d06bfea35117bf87457a92fd03b3
Wojtek Olek,wojtekolek,resolver_dev_exp,6444006f231c148bcee146624d4bc8ae3ec7adfd
Rafael Almeida,rafaelalmeidatk,resolver_dev_exp,521cc621d80542071df6c7ee299cb6ec88e5a4db
Justin Smith,justintemps,resolver_dev_exp,8d92010979ea91d27303e47917fdab121ae5f150
Amy Burns,timeyoutakeit,resolver_dev_exp,56fa9cd452be4daf63fcd5f778b0b8553b471dae
Tim Suchanek,timsuchanek,resolver_dev_exp,40573317f7704ec2da2566a9a052d4db1c88ebd6
退之,,sin_resolver,
Dominik Koch,mezotv,resolver_dev_exp,b91c7cecab114b98b5430bf296de6de2dedf9cb9
Ian Sutherland,iansu,resolver_dev_exp,1a53f4500aaa5a211540e7aa86858521f34e1ec9
Erlend Åmdal,JamiesWhiteShirt,resolver_dev_exp,31f3d693325c5d267d9693d0abe0ba1ad06f3bc0
Alabhya Jindal,alabhyajindal,resolver_dev_exp,30150e449c99077cdc22bd51d8e9a527a2923f17
Luca Forstner,lforst,resolver_dev_exp,93bdaf1078ebdfdb9a541782fc946d0b59b49425
Benjamin Coe,,sin_resolver,
David Ramos,ramosbugs,resolver_dev_exp,36a6e436b32c03ec7e5f8608dac17bf3e7d074ef
Dmitry Rybin,dmitrika,resolver_dev_exp,41d1757b4ecebafa989586932366a29a6b99eefd
Jacky Shikerya,eshikerya,resolver_dev_exp,4adf710788b5287f28f4e6fe310d6cd912af74e1
Thomas Jaggi,backflip,resolver_dev_exp,de6521a481d4c4cd072cd0c1620cc259725e8abd
Nghiệp,nghiepdev,resolver_dev_exp,111d2df90c3718965a5f54c83c3e8f19714c6bf7
Baheya Khalifa,Baheya,resolver_dev_exp,f9b7a391b7166fb2b0db5efdaa236528d44617f3
Dmitry Ishkov,TheRusskiy,resolver_dev_exp,b3fad60d7d49fee1ef6f2f60f6be5f520f4456a8
이현재,2-NOW,resolver_dev_exp,889e2203a5ce97ddd566d0f7ecec7ac43fbd82f0
Marius Craciunoiu,mariusc23,resolver_dev_exp,64a709db6c8d3b6fb90581585ff090779aff5abb
First Kanisorn Sutham,heyfirst,resolver_dev_exp,ff5dcacc2e845d3c2c0d5c0b2821ed7b48c83c5d
Dueen Eduarda,Dueen,resolver_dev_exp,b760c8dd0a992cd4fceb15cc603de86f2457988f
Jesse Warren,jesse-mw,resolver_dev_exp,a6afb3b9d8d5b579ef8bfcb8caed092e3187bc94
Carl von Buelow,cvbuelow,resolver_dev_exp,75e5616ce4d20db7f8c58839b806527a03a6d119
Gregor Adams,pixelass,resolver_dev_exp,6582ecc3485099d6a98b9d9ca0ac5c66bc8be750
Elliot Sutton,imskyleen,resolver_dev_exp,f2b0f9d26e963c9fed070a53515c5a4024fea1e6
Hung Viet Nguyen,nvh95,resolver_dev_exp,0f873c7eea6755462e9f8cda200867b8b32189f1
Silvio Clécio,silvioprog,resolver_dev_exp,10b635ea60100e750cbd82a86be6e19137ef6cd6
Konstantin Grushetsky,grushetsky,resolver_dev_exp,2f304bd10eab2dbe5ba91e746c656e0bc9bf7b52
Yuko Murayama,Lada496,resolver_dev_exp,1209660353535fa3d3c645c614284e4d0fba5954
Dingan(Will) Wang,anonyknight,resolver_dev_exp,5cfb936edd154ebc107e0d3da47a9828b422b3e0
Jack Sutton,,sin_resolver,
Rostyslav Melnychuk,,sin_resolver,
Eric Zingeler,,sin_resolver,
Jared Palmer,jaredpalmer,resolver_dev_exp,a0b5cf6bc14c040cfae4c856fbbce43abe527ebe
Raul Melo,,sin_resolver,
Colton Ehrman,coltonehrman,resolver_dev_exp,9994e74a6c233ebb05ea986c44b979f0cb43c4e3
Willian Justen,willianjusten,resolver_dev_exp,afe475d3d4f339f2e327fe332cdaebbff2f483a9
Zach Brown,cpubot,resolver_dev_exp,8873735de38f52735682fcb6877aae193c5192d7
Peter Kellner,pkellner,resolver_dev_exp,4a5226890746174c60146d1d7e5e5227d8b224ef
Mike Timmerman,miketimmerman,resolver_dev_exp,6b88dc55ae2146a8af432eb5a3dcfe306002b67a
Hossam Magdy,hossam-magdy,resolver_dev_exp,e19023d67215f64aeb3fe9cf46729e276a6716c4
Mustafa Dağkıranlar,Mustafadagkiranlar,resolver_dev_exp,9b2f29ebaf5add67cec0cac7296f9e64567b3fb4
Ali Othmani,ali-othmani,resolver_dev_exp,bd68cef7b37a9bac8a2d6c4357bde18bb8283670
Thomas Marshall,thomasmarshall,resolver_dev_exp,ccb62f8636f3f4a25d7ea58edd3d9747cd6c0f99
Filipe Medeiros,,sin_resolver,
Zana Abdi,zana-abdi2002,resolver_dev_exp,92210e34b87aa0c70d6f59af863ad7193b04a07c
Takashi Sato,tksst,resolver_dev_exp,e6e6609674e2872aaf47d0f7035b12f6ceb4b8d5
루밀LuMir,lumirlumir,resolver_dev_exp,4d133b0aeb1da1a376ef533271f2c8ea289639bc
Umoh Andem,umohpyro,resolver_dev_exp,055b5df50d9ca0f9550bef26f09a47ae88fd605b
Seth Bertalotto,redonkulus,resolver_dev_exp,b03381c432c0ce617929e568013f0f7c398debe4
Bennett Dams,bennettdams,resolver_dev_exp,6ae660571637b4a7d3f25b4bf09f2510b78f41c9
David Barker,dvyio,resolver_dev_exp,44c7fd79994d4515dd47e3c8ac94cb0e9f670027
Asher Foster,AsherFoster,resolver_dev_exp,33234ca1f1db41def6ea78d0fc220b40c4d3f785
Aral Roca Gomez,aralroca,resolver_dev_exp,2865e18209fb4e579fabe610b6d9e449a21b1e9b
Igor Agapov,harryheman,resolver_dev_exp,bdfc4c2e9c7858371adcd759844791bec5e65a9e
Jakob Klotz,JakobKlotz,resolver_dev_exp,f41c80935323ad2021c2b1ef97a47ce8d9408093
Stephanie Dietz,StephDietz,resolver_dev_exp,b0843fea2662c38beb16c6b2d50d23b44e79ea1f
Gabriel F,gabrielrolfsen,resolver_dev_exp,9870faf789875c54551d97333fbc8ab4482edd69
Felix Shih,fufuShih,resolver_dev_exp,4d047b28be3227a1f4ece6679677b7392de0cb02
Rich Haines,molebox,resolver_dev_exp,e80a85bcff19a4764182cb90bc34da4559fc5fef
Adham Fayrouz,adhamfayrouzamf,resolver_dev_exp,a5d7c97d17da90272bc9878577cfabd5661b9cfe
Kavikumar M,thekavikumar,resolver_dev_exp,2ab4a443a20d3f8b977c18b94c93f23d4cecb413
Bart Deslagmulder,bartdeslagmulder,resolver_dev_exp,7e6e25de7cf92c9028f27f770323d839c233e7f6
Christian Vuerings,christianvuerings,resolver_dev_exp,7458ffa042c2141bd18b119d93d064acaba42315
Abhishek Kadam,lycuid,resolver_dev_exp,a8621c7bb2f913ab378825f9b65e562be0b35974
Ante Sepic,OriginalEXE,resolver_dev_exp,e404b9962bc1666b5c049f050d302b3fb6e9d251
Michał Miszczyszyn,typeofweb,resolver_dev_exp,e2f579e0a941ebf110d88578593425da0914f11b
luo jiyin,luojiyin1987,resolver_dev_exp,e4211f6ba2d7aa862bd8489efa66b89c17333e83
Jorge Antunes,,sin_resolver,
Hank Andre,,sin_resolver,
Oiva Eskola,oiva,resolver_dev_exp,c78b249c663147416ef1dcd752e91e63b9aa30e9
Syed Sohail Hussain,syedsohailhussain1,resolver_dev_exp,4abf9cabdede75175356ed177fdfb574980427f8
Sandeep Mani Kumar Kushwaha,Sandeep-Mani,resolver_dev_exp,2d488564e6e93aa8d97edc935ccbc17ea24f90ea
Jerry K Jia,,sin_resolver,
Marco Dotzler,M4cM4rco,resolver_dev_exp,1092d21556a7cbc31b80afffe4fd647e7bedd129
Andy Wooldridge,awo00,resolver_dev_exp,a6223ac95d5e5a2f542d9bb76bd41e7451a21c73
Vinicius Camargo,viniciusCamargo,resolver_dev_exp,fbd4f03254d42493f14de1e3045e964af891d52f
Aravind Putrevu,aravindputrevu,resolver_dev_exp,4f3e9e1009a5878292eb85a049e0a10e0b089400
Bruno Crosier,brunocrosier,resolver_dev_exp,83f89c4f87a7d3bf90bf0b54a0ee7132fa769dfd
Ian Jones,WITS,resolver_dev_exp,52ba486253fdd643c7f803fd37035becb498a221
Ben Spinks,spinks,resolver_dev_exp,a9891095eceaaa2cacce14edc2d3c069d8a0e113
Prottay Rudra,Prottoy2938,resolver_dev_exp,ac54573b74d50469c826d438d72929cfc34ad369
Thomas Boyt,thomasboyt,resolver_dev_exp,327488dacb8a2dfafb72149afffd1816ff9534a8
Tim Phillips,tim-phillips,resolver_dev_exp,b990b29d2d64a7c12152752264fbd79e5371681b
Krishnanand Yadav,Krishnanand2517,resolver_dev_exp,f6d6acd9ec801724726c888b5b7f4706addbc1c3
alex newman,alexnewmannn,resolver_dev_exp,8d2bbf940d52c8f44709a62bcd6d46ca34171e2d
Jeremy Stucki,jstcki,resolver_dev_exp,a81d7620a40b2006cb6726236402fc3f82f65ab8
Antonio Young,Gomurmamma,resolver_dev_exp,86c1bf6d2b74fa9fa2288a73b529956dd4841bcd
Will Heslam,willheslam,resolver_dev_exp,b3d9fd2a0d7be9070242c4534059dea1c1b0c55a
Sami Jaber,samijaber,resolver_dev_exp,32bc8065127d72b4856c909ee40fd032364c1fbe
Mrugesh Mohapatra,raisedadead,resolver_dev_exp,539cca853af13229b540872ef219aea4cf51b149
Evan Bradley,evan-bradley,resolver_dev_exp,f3f4fced098b6075358be0ee39ed7e2c43bb0264
Joe Bell,joe-bell,resolver_dev_exp,98acfaf8ccd21e6965dc5c9ca38d15c454848838
Iegor Azuaga,iiegor,resolver_dev_exp,06ded795bea91346a6c88dbe04b3eb954a5ff2f4
Brandon Bayer,flybayer,resolver_dev_exp,a753a394793d58184c02496bf2162f9e26d8a371
Adarsh Konchady,AdarshKonchady,resolver_dev_exp,d2efbc88190742de2c87f5833b1b7f836fcb7e8c
Bernardo Gomes,Bernardoow,resolver_dev_exp,f77d0ee46947087544f26a6282f6e83823903b45
Arinjay Dhar,Arinji2,resolver_dev_exp,12f2fa7ea6017ed2dc0a7ed4d8c6b1830203a89f
Taro Shono,taro-shono,resolver_dev_exp,ec958a3bd055ce94cc547faf92520bdcbc42514c
Bernat Orell,borellvi,resolver_dev_exp,3b1f7115a369c22f937d2d34373edfe5fb494387
Oliver Wickham,ollyw,resolver_dev_exp,241a340c50df961d6130ace9a399b515d2caf10d
Mikkel Laursen,mlaursen,resolver_dev_exp,9ef0fae889b70163ea924ce30dced90b4c8678e2
Boris Besemer,blurrah,resolver_dev_exp,a79950dc8c3b543fbc40a8e9e90d840b59e435cd
Andrew Hurle,fracture91,resolver_dev_exp,88f27ef9477e2e417c35dc7373ea0c99b2d98d5e
Vlad Filippov,vladikoff,resolver_dev_exp,23c9f0eef20c5f425da28da872b4951d8c4029f9
Philip I. Thomas,philipithomas,resolver_dev_exp,8cf8b98f2fb2deb2ac6949c0d91a96b89a7fe5e3
Peng Jie,neighborhood999,resolver_dev_exp,3c992063135f553b507dd49d28d2b19aebed3ac6
Matt Cote,cattmote,resolver_dev_exp,08aafe4b2e162755781c56b25c8f22eccc9cdf4b
Broda Noel,BrodaNoel,resolver_dev_exp,8c1f210019db953e2bf0dab36420ae6f176ac8e7
Rhys Arkins,rarkins,resolver_dev_exp,baabfbd777e075d0774555cd84e688a78f1615e9
Marco Valsecchi,valse,resolver_dev_exp,22676abb31387086defba59edc6afa2b10f3033a
Curran Kelleher,curran,resolver_dev_exp,19db04f3023f2625287fa6d33cc90856eee05495
Justin Sanford,jsanford8,resolver_dev_exp,a2056c7383a49a529abcb82d1dd2493aa8c4bcda
Kazi Mahbubur Rahman,KaziMahbuburRahman,resolver_dev_exp,1dd580dad8e8977dddb9876fc260558c567618d2
M.K. Safi,msafi,resolver_dev_exp,d6f5ebf773f28026e230885b783c611510688c43
Kyle Boss,kyleboss,resolver_dev_exp,688611a5829742b6cd0fd8b7afb8ffd38e1cbc3f
Sang Song,ssong,resolver_dev_exp,9352392f4f374e4883c24e9409bc353fc36cb9e0
Theodore Vorillas,vorillaz,resolver_dev_exp,de8ecbbe1972619917854c491ea34e7b5a160df1
Brian Beck,exogen,resolver_dev_exp,b91a96018277ed5f8c423abd814a34e2213ca107
Adrian Faustino,adrian-faustino,resolver_dev_exp,51ee1c7f591209f4551dbdffc2d86afb7b74f6b0
Benjamin Hoffman,benjaminhoffman,resolver_dev_exp,e1d5c3df55925f0d13efc7fdde6a4599e939dba9
Armand Abric,armandabric,resolver_dev_exp,fa1261cbfbc79fa3f6c491a186b18204d6b71847
Christian Ipanaque,,sin_resolver,
Colder Xihk,cncolder,resolver_dev_exp,75de0fa5fa5513aabaa1d570b8e4f4f23e06b8d7
Baffin Lee,BaffinLee,resolver_dev_exp,2bd76827f09bbd9c60ac87af0d8f48e815272ea3
Phil Z,pbzona,resolver_dev_exp,5f98a8def02e4aceb84b13990fc7888f5d0c5527
Emilio Cobos Álvarez,emilio,resolver_dev_exp,05a732eb7ae4263ec1f1c1d647f4e581edb0c936
Evan Winter,evanwinter,resolver_dev_exp,8f85d9f7e9616bd361ed58514abc2bb104ff3399
Onur Temiz,onurtemiz,resolver_dev_exp,aaec9a93536b2535a8c8af94b707e91d3e596a9a
Kevin Donahue,,sin_resolver,
Zeki Can Ekşi,zekicaneksi,resolver_dev_exp,47c101966672eb3bbbd41c36e4403650a99dce51
Sven Anderson,,sin_resolver,
Ondřej Chrastina,Simply007,resolver_dev_exp,c348784aeb7a60f5f2f6aa8d40ec512c3b0cc487
Marc van Gend,marcvangend,resolver_dev_exp,b7a12655e27df3d2af4f5038135def8817693263
Remy Sharp,remy,resolver_dev_exp,4c18678d54947811f1f557c1396e3a3e7ae120cb
Flavio Wuensche,anteloio,resolver_dev_exp,ee184a11d8ef5f60f1be0551f3d64fca596fdaba
Josh™,praizjosh,resolver_dev_exp,ddca4983a2e42ab437f1dc1869bac0ddc1d7e437
Mateus Etto,Yutsuten,resolver_dev_exp,3a2af8fb0bdaabc7ca5ae7f06ddd929c91b0c88c
Aaron Reisman,lifeiscontent,resolver_dev_exp,8f4e265f76db4480576e9b7a3223853946f74f19
Gergely Gazda,gazdagergo,resolver_dev_exp,b71f9d9475f0a1790744fe4c9e8d125d50c66f4a
Tariqul Islam Tuhin,TariqulislamTuhin,resolver_dev_exp,f23a96f0da2d77c931a56b02632ca6af0d01dfb3
Axel Mohamed SADAT,moh12594,resolver_dev_exp,d459b5f99a5a5c4f82f12713ac1bdf1d83f7df41
Hirofumi Wakasugi,5t111111,resolver_dev_exp,e463c2a1bb9f483ddb3658ca99b386f1ee100014
Shahzeb K,shahzeb1,resolver_dev_exp,c97617fdf5bffefae864519ee3d2b9a757aa873c
Long Ho,longlho,resolver_dev_exp,67b67b28b229fca0bd937d154270c6a6312e2bce
Marcin Czenko,,sin_resolver,
Jonathan Wu,jonowu,resolver_dev_exp,affbc1589802c03aa83ad0fda293ef2f1d99839b
Swarnava Sengupta,swarnava,resolver_dev_exp,d9831527496e3a66afb115ed56ff0196ec54fefc
Ian Mitchell,IanMitchell,resolver_dev_exp,0e4d2a15a7cee497ca3bb38dbcc503e5c308a70d
かがみ,KagamiChan,resolver_dev_exp,e0ed599f43d3a0114e19f7ba6522270e5384e190
Sam Holmes,brhx,resolver_dev_exp,9a3a0da319f566caba7fcfa225ab9214e92c935b
Yudai Oriver K,oriverk,resolver_dev_exp,61981da9e00493da9aa1cfa8c95ed7a75fde27ee
Wesley Luyten,luwes,resolver_dev_exp,d4a191e9a97bc48422f6d0b2fe7b548973a04c04
Woosik Kim,well-balanced,resolver_dev_exp,970f85e40c9d1cdc02bff0c1d668cddea2b067d8
Nicolai Calinin,mindmind,resolver_dev_exp,d93e68fbb824ee1ef473cc4e930dba64aba2829e
Arthur Maverick,ArthurMaverick,resolver_dev_exp,91b4a2b37ea51620b2707f945e12b790ebae428a
Trevor Sayre,TrevorSayre,resolver_dev_exp,528d39795f2345e245da34c72a820aa30b398eae
Tyler Sebastian,tills13,resolver_dev_exp,70b78c2945832db6ba2c0a72677c30fb512bde46
Akindolie Oluwatayo,its-tayo,resolver_dev_exp,b922fe8abf4bc613806edf98f5ef01c47ba3517b
Florian Lopez Plaza,florian-lp,resolver_dev_exp,7ba4a0d53d57caee48234bbece3305c59316d0e2
Emil Bruckner,,sin_resolver,
Niklas Ziermann,N-Ziermann,resolver_dev_exp,781fa7745da29082c6267005d098dbbbfeabea2a
Heyang Zhou,losfair,resolver_dev_exp,860c97ccf597eddec9422cab06ab8a7cc328d8bb
Jamie Kyle,jamiebuilds,resolver_dev_exp,c88bc178301eecce8026534f8d43147a61193e74
Guillaume FORTAINE,gfortaine,resolver_dev_exp,4a2bfa7aa62c5a58191d3f3e2222ef650749230f
Arne Wiese,wiesson,resolver_dev_exp,2be9ccb658458b2ceb9268a734e33f28146549a2
Bashu Naimi-Roy,bashunaimiroy,resolver_dev_exp,3dc4b524e79754804b8e53bd1783967d48ce5d13
"okmttdhr, okp",okmttdhr,resolver_dev_exp,69f8024aa1cdef3125113c0e6e3cb4ec7c44fe8a
Sean Massa,EndangeredMassa,resolver_dev_exp,3003bff6fa921c1df851d3e442beba9f1e5c65ef
Neha Prasad,nehaaprasad,resolver_dev_exp,abfd99455120c5636238ddebb63636b19011e556
Ivan Storck,ivanoats,resolver_dev_exp,3af5a0188a49c172bfdc6e1cb84faee61a62ecfc
Robert Valmassoi,valmassoi,resolver_dev_exp,05f61b22adb4d7d636bbaad531cb6eb2ff5fc391
Ananta Bastola,ananta,resolver_dev_exp,5f30df2f061b4aad8199ea019990f4a1450acc75
Kelly Burke,klyburke,resolver_dev_exp,64f3720e7f0a964e3488b6306b037e1da14011ae
Luis Alvarez D.,lfades,resolver_dev_exp,6b7241a3cf49b12fb83aa35b35cb244b35449ab0
Seth Mcleod,sethmcleod,resolver_dev_exp,7a5a6bcef2ec3e4e81a668b97cda08a90ff76a1e
Armando A. Calderón,armando-andre,resolver_dev_exp,d38b4c225629052e6f2b876f04e7b87771aa265c
Asher Oloo,omasher,resolver_dev_exp,f22f88456dc41aa5375582ea926d8e79d6e8e0ce
Paul Barry,DevLab2425,resolver_dev_exp,85676da42cc7bb79ee15e9b1188e921cc8756f18
Adrian Bienias,adrianbienias,resolver_dev_exp,8f023992a2072209be8db1345fbbbcc293eee13a
Pranathi Peri,pranathip,resolver_dev_exp,15a0dee80a6fb2f41fdeb10ca5e42e59eb979228
Arana Jhonny,aranajhonny,resolver_dev_exp,23574b5489752f3930bca56c2e8cda7654d28e6c
Justin Bennett,just-be-dev,resolver_dev_exp,68fc4deaefb2a6e17c82dfa0c7586bdbe7aabb9d
Shashi Srinath,ShashiSrinath,resolver_dev_exp,9fd9d83221c064eddb14cc3d34bb3f1200ead9a6
Abhishek Y,abyii,resolver_dev_exp,12a03abc3925250f04d74f69f56020d2abf08d40
Anders Kjær Damgaard,akd-io,resolver_dev_exp,428342dbdf8cb0f6c6af60ddfa59a9f67369ea30
Kristoffer K,merceyz,resolver_dev_exp,d24a0c18c1338453dcea7128474e37217e1bc031
Tantan Fu,futantan,resolver_dev_exp,4c38e3ed8ec402862ea6b42b02297f8c28ab9b53
José Fernando Höwer Barbosa,Josehower,resolver_dev_exp,268dd6e80bb4e17096c0e75da94cf4de0b809697
Jahanzaib iqbal,jahanzaib-iqbal-dev,resolver_dev_exp,c5a826f59d9385363774c292d420bdfb54f02ec2
Herman Nygaard,HermanNygaard,resolver_dev_exp,12d2424e86ee0bde868fb7c7d986fa7e173984a8
Jay Phelps,jayphelps,resolver_dev_exp,bc185878e8afae7de6598b5b7538170756143ec1
Michael Stramel,stramel,resolver_dev_exp,ea0d916b50fdf7faa0534446a4bf672bedb0e344
Luke Fender,,sin_resolver,
Erfan Mirzapour,ErfanMirzapour,resolver_dev_exp,cc41a191fea02235f97cf7f53c1dc63071bb0bac
Ricardo Fiorani,ricardofiorani,resolver_dev_exp,9d6eee11a6a56017c4fcb59c00a9e5a432ebc381
Ryan LaBarre,Rylab,resolver_dev_exp,b436589ff86a8a4c5109120d07148ec75483ecdd
Noam Nol,NoamNol,resolver_dev_exp,7ec5d29d1f9a0d14d7e310204a70f8d07c9a7fd9
Lafif Astahdziq,qutek,resolver_dev_exp,377fddfaa9b82edb9f16050ea871a1a814b0870d
Gabriel Schneider,gabschne,resolver_dev_exp,c9d87eec7ca0616fb541b1a10a4e107ab5a86685
John Jago,johnjago,resolver_dev_exp,c6ba29da00a16ecc49f615752bb1490bab8ed9fb
S. Suzuki,terrierscript,resolver_dev_exp,32383521cca321a56d22e7b58a2e71c48eea2628
Jason Miller,developit,resolver_dev_exp,aac46c0be8f0b87532283b5c57ee55de27d58813
Becky V,RL4422,resolver_dev_exp,98c831f593c9f2be4ad7a13fb2b21fc0ed7747a8
Gummalla Jashnavi,Jashnavi25,resolver_dev_exp,f9cd8dc1d5522c81a81312ac1efe93466fc411b9
Jonathan G,gelbartj,resolver_dev_exp,6c59cbb46abc025eaf226dd01b44971f22014081
Ionuț Botizan,ionut-botizan,resolver_dev_exp,d9bd32912949bf4c676af9f45f95e13642a5fcf5
Matheus Martins,mmartinsoliv,resolver_dev_exp,91fd5971d68ec87be8a0f496471053cc699c8962
Michael Oliver,,sin_resolver,
Kevin Decker,kpdecker,resolver_dev_exp,6e44cdef5f877a85d9015002d3f77640c0e1ba21
Anatolii Kurochkin,anatoliisf,resolver_dev_exp,fdeff57c7d32cd8904e625c14f962d4a52ebc50b
Dale Inverarity,diit,resolver_dev_exp,f7477a9e2e74179b6c6a1b8afdc2eb63407e7419
Jinsoo Lee,01-binary,resolver_dev_exp,5c589abdf42d768654bc2a07a6a9614a0f617e80
Bryan Lee,liby,resolver_dev_exp,7bbc782e4e25a6037f89162ca12a5f7c5072d873
Andrey Marchenko,Tom910,resolver_dev_exp,b66490835c1708f625874eb67cfe2cd632976bbf
Rustam Gilyaziev,r13v,resolver_dev_exp,e2b518525c558b8eaf4def88002c401ea5a04c5b
Reza Baharvand,rezathematic,resolver_dev_exp,797dca5913446c15ea7787f05ec3cf8b27edb845
Jip Sterk,JipSterk,resolver_dev_exp,e058fa49d099c052a84e8f2b2149d25a9ba625a4
Lakshya Thakur,lakbychance,resolver_dev_exp,8039c6b2b564a82ee67d4abdaae0771cee5e69b7
胡子大哈,huzidaha,resolver_dev_exp,bdd5b9ef3d25fb35fde33966520474c5fc4ec894
Aziz Abbas,teleaziz,resolver_dev_exp,de54ad895c075761723f8de5c8e7041ec04503e9
Trystan Rivers,Trystanr,resolver_dev_exp,26a23e98b0b6c654df3f624941925033c506b593
Felipe Barso,aprendendofelipe,resolver_dev_exp,6249307b75ebd21bbf86895cde177d8c6f82fe94
Joe McCann,joemccann,resolver_dev_exp,2e0f52acbafb116da08ea0c9a2f1cf9e3fb2b812
Bryan Nguyen,nguyenbry,resolver_dev_exp,67acc5ac4db6a152b3ff90d38cbe4b08d4e236ed
Luke Ingalls,lukeingalls,resolver_dev_exp,67f5830acc39d24cd81cc58aa7f26f09ee3f37d2
Nick McCurdy,nickserv,resolver_dev_exp,c3c6214c09ab1fbcaaa7fe74e909f36eab93cbb7
Sean Kiefer,sean6bucks,resolver_dev_exp,5d9310e3780006a245cec06f244729a1b23b20f7
Juan Olvera,juanbzz,resolver_dev_exp,cb22d3671ff548d57b3b54b6459a942c40cbdaf3
Daryll J. Reillo,daryllreillo,resolver_dev_exp,66f0983cb881f9c2f52127eec67c4d140eda67b5
Pierre Nel,pierrenel,resolver_dev_exp,c6aee1efb0c8cca38deefafe76d248cae2864b52
Matt Mayfield,themattmayfield,resolver_dev_exp,8a69b959680414172ae908e88b3beb413100bc77
Mehul Kar,mehulkar,resolver_dev_exp,3a3640071e532674df71c17aa61e7a090a4a7cc9
Richard Lee,dlackty,resolver_dev_exp,e3244e96a69fad7eff92a025c77e98addce8c520
Frederick Fogerty,frederickfogerty,resolver_dev_exp,a13c6ccb1182af32923e587a0d86f2eacac0e022
Gaspar Garcia Jr,gaspar09,resolver_dev_exp,134a59de4f9f477ab45fe091ed522b3f3e861121
Rhys Evans,wheresrhys,resolver_dev_exp,446e1112a6af484042f2f0d196965e680430e89d
Landon Colburn,landoncolburn,resolver_dev_exp,cc57fe850d9b8fae02940fc1905198cc6a35059b
Matteo Bruni,matteobruni,resolver_dev_exp,cf3ba271e9d9ae5f7ba85901eb0b644a86241567
Théo LUDWIG,theoludwig,resolver_dev_exp,20835f15a3006b9196b708e41f5dc13becc7dfe3
Jeremy Asuncion,codemonkey800,resolver_dev_exp,1f9a40b644dfd847d6f30c200377d84bcda8a7e5
Paul van Dyk,paul-vd,resolver_dev_exp,feb10f45c10c14c834902d7cfbac7b56b06a2c02
Dennis Morello,morellodev,resolver_dev_exp,b79d72ce602b861c0443216a8da71d655f89fc89
Dima Voytenko,dvoytenko,resolver_dev_exp,9358f480e1bd65d1a7d01fa1c3219981ec841247
Jennifer Proust,proustibat,resolver_dev_exp,605f7e0e0cd779170e009ae75467383ce498aaf4
Abdulrahman Alfawal,alfawal,resolver_dev_exp,55834d982ae4618dbd5023e9170dbca5330bd4d9
Lance Chen,lancechentw,resolver_dev_exp,93fa12921bd1d3026571b7e15edbcb35cbfb0678
Martín Stanicio,martinstanicio,resolver_dev_exp,3e637cab8cbcaf2e408423b33b4082b26ebd0849
Mathis Chenuet,artemisart,resolver_dev_exp,16d22358829ed1aa20d0b86a2b5cd409c1c6c542
Mathieu Triay,MathieuLoutre,resolver_dev_exp,be86ab00e1c217cc4773ad7409c79bb1acda9aaf
Bu Kinoshita,bukinoshita,resolver_dev_exp,31ba48ada29e5910db7537bb62c2b5975ee4c0ff
유경화,flex-kyunghwa,resolver_dev_exp,755661144979db84e44caa5bb66b62e350f8a107
阿豪,ahaoboy,resolver_dev_exp,5f005093215410222604f78a907ea5adfa4ee2dc
Charles Dudley,charlesbdudley,resolver_dev_exp,f17614abd14c46a083e33e2f1ec69d9ef4c15add
Aki Matsumoto,nonoakij,resolver_dev_exp,4fe968bb71d5e3f074297e8c6ee9131c1dc67eb7
Afsane Fadaei,afsanefdaa,resolver_dev_exp,12a380da2304e66631197e0938200dce39bbec6e
日高 凌,ryohidaka,resolver_dev_exp,6a80f2b25d385bc8ec20fd24047b676b121a0979
Akshit Sinha,akshitsinha,resolver_dev_exp,9dedc94500cc059792abf5c71484b871140e6049
Chancellor Clark,chanceaclark,resolver_dev_exp,7e195a29c1c1d73b4adf462be1cb3f7ffca84fb1
Jaga Santagostino,kandros,resolver_dev_exp,b91ee110b773179c65427e1092bfb08f9410fbcb
Adil Ansari,adilansari,resolver_dev_exp,2505e1114616990759ad75712840140289aa08a7
Wayne Warner,wawjr3d,resolver_dev_exp,78347669078bbc4e82ad00cf871898dbd48976a5
Alexander Mandrov,Unsleeping,resolver_dev_exp,ba60761a51f82853fc91095040816f705daf816e
Leon Si,,sin_resolver,
Dimka Vasilyev,gHashTag,resolver_dev_exp,763ddc08a113efa5809de65cd7818d7ef94b1ca0
Bhavya Patel,Bhavya031,resolver_dev_exp,854a7db88cfda76e59bc40b166242c05313d042d
Guilherme Diego,,sin_resolver,
Remco Haszing,remcohaszing,resolver_dev_exp,820578db40a90200859b94f0fae544e241d29465
Sojin Park,raon0211,resolver_dev_exp,23ac4351f41f13afc17ceb7ca89aacbce5f13e4d
Keerthi Ramanarayan Meda,krmeda,resolver_dev_exp,e3ad371c97abb7cc6282998984fc3ec5f85d39ba
Mo Beigi,mobeigi,resolver_dev_exp,863168d4adf8b31dc34e3fa37169888d2aedb134
Prateek Bhatnagar,prateekbh,resolver_dev_exp,7c29a262e17671b03d260b929a155383da4bb8b9
Yash Singh,Yash-Singh1,resolver_dev_exp,f59710e907c01ab57730eec0ae571dfff80f49fa
quisi.do,quisido,resolver_dev_exp,19fa1fa579fa3fd8e799af954b91bf3610503b02
Slawek Kolodziej,slawekkolodziej,resolver_dev_exp,4238878c172458d7cd4a878fafa76199b6c8b2a0
Eugene Sokovikov,skv-headless,resolver_dev_exp,3684231add868fca87ff10feaeb7956c5cab7914
Rubens de Melo,rubensdemelo,resolver_dev_exp,5c05f35a947706e951fed92195b271e770869f80
Jesse Ditson,jesseditson,resolver_dev_exp,a79357f2a4bc8eca1bcc64ff30c411fee4842d98
Jonathan Reed,jontonsoup4,resolver_dev_exp,7dbe837ae4fd974899e8051a6db1039f48feef40
Mert Can,mertcan,resolver_dev_exp,2c6206d66c18d52f8b4f5d90dc0249f926d936cf
Avi Aryan,aviaryan,resolver_dev_exp,920bf7657994cd1f204573617760d55273ec65a5
Talasan Nicholson,OutThisLife,resolver_dev_exp,337471d6846b905b996fd7873dbd5254b5b07cc4
Matija Marohnić,silvenon,resolver_dev_exp,3c92524b06a73f4252e52f28dbbd4fd2c6e3fe3d
Daniel Treviño,,sin_resolver,
Daniel Paz,danielpaz6,resolver_dev_exp,599d6f71bb01591c5cff5c651796928be79d13fb
Adil Amanat,AdilAmanat,resolver_dev_exp,e5997dce72190362a6b174a3485ad054feab8e7f
hui.liu,hulufei,resolver_dev_exp,11cb49b3855a5485d0bcccd271f4b91ea8c2c119
Khang Hoang,khanghoang,resolver_dev_exp,a30870bd37390543c3e1b0512241b0569788c940
Peter Halasz,peterhalasz,resolver_dev_exp,01b34bb7841f9fe43d00adbba743bc7172eac428
Ivan Vasilov,ivasilov,resolver_dev_exp,2b7a259169b85d82643b95eaf8d0601f1a9f3e7e
Dilwoar Hussain,DilwoarH,resolver_dev_exp,1cd34dd640f868b405a834e6e1755711c2cfcd33
Voon Ming Hann,eldyvoon,resolver_dev_exp,e3c7d3fdb8ea9ef80e84a573efd2e4032d3f7eeb
Arda TANRIKULU,ardatan,resolver_dev_exp,00d7a35ed79b34042b0d102f47fc5df35db7f90a
Sacha Stafyniak,stafyniaksacha,resolver_dev_exp,c3ef208282b1cb05ea4f63b5825ad2980cd79614
Abhishek Ghimire,cypherab01,resolver_dev_exp,15653f3a280b61734ba6ec80542284ed06ba23cf
Riccardo Di Maio,rdimaio,resolver_dev_exp,10f7b8f941ed0d907193b2593a1f60fdba04dee0
Prakhar Shukla,,sin_resolver,
Ash Connell,ashconnell,resolver_dev_exp,b8c49ae97a3e729d9c8729eb1b818bcaf74cc4d1
Stoyan Delev,mutebg,resolver_dev_exp,a7793c7a0c5c5e4496594a3010152cfba31920de
Jinhyung Lee,luciancah,resolver_dev_exp,89d2c79250d62a66ecce4e43f737d97310c0b96f
Lazar Nikolov,nikolovlazar,resolver_dev_exp,2ce15c4d3c233d3b5bdb66b96d10e9602afdc2b0
John Doe,seosmmbusiness,resolver_dev_exp,22800319159d8594224e22766c33ca387761d05c
Rishabh Saxena,rishabhsaxena,resolver_dev_exp,b46abed61bdf6c2ebee414f545838e701d461eeb
Janne Sinivirta,vertti,resolver_dev_exp,97b5c0ae5ef912bf8d1c76a9a1fed3070ca2983f
Syed Taqi Haider,syedtaqi95,resolver_dev_exp,bb5fced30aeea4f9ba77cb22d4d505e7c71d3a98
Matthew Lilley,matthewlilley,resolver_dev_exp,8e9e9494dd4bc241f4cae06a77f582def81ba719
Deni Mintsaev,mintydev789,resolver_dev_exp,91bf04930da717ff167f9bb12e704436613c6316
Mаартен - Maarten,maapteh,resolver_dev_exp,8357f46413d578f5e3ebb46eb3a5f15a0bbfdeeb
Alexander Fradiani,alexfradiani,resolver_dev_exp,6d0eef601ff6d9e7261c615825023302b11f9de5
Ali Yusuf,AliYusuf95,resolver_dev_exp,d7e83704bf8c20cc885bd3e5c82e99d0a23afa97
Edward Brey,breyed,resolver_dev_exp,4c86976b360908d2fb3a34711f46c5fd9c11e141
Steve Korshakov,ex3ndr,resolver_dev_exp,7fcfb8bde91af096af6905ec8c426934f667f0b6
Yomi Ikuru,abayomi185,resolver_dev_exp,0e25f8c629819976a2189354f3da389103738baa
Dominik Felber,dfelber,resolver_dev_exp,1dc430883e5b9447d433fb04fd32608bbd2b1cc0
James Reggio,jamesreggio,resolver_dev_exp,1a3f9507773a43e44748cbe5c0017223b99c3980
Nils Schönwald,schoenwaldnils,resolver_dev_exp,72cc7db1bda874a354cdc07cdd0a8503a0aaec15
Mikhail Danshin,EffectDoplera,resolver_dev_exp,b5f241de67dec8899cc4c69fc3111c06b81f8e26
Marie-Laure Thuret,mthuret,resolver_dev_exp,94c484e80d2aaed86a604658eea5d493f50b563a
Mohammed Gadi,msgadi,resolver_dev_exp,bc41a7f829587eacf5c88d5ca966043ccf1a24ab
Bill Searle,searleb,resolver_dev_exp,77d5f36eea94eb825568e641364e80f8a0ed261d
Alex Brazier,alexbrazier,resolver_dev_exp,14cedc755bab61d5b63fe46c01ac4a432218b538
Matt Hooper,hoop71,resolver_dev_exp,b5beb3a968d97acf3fc412a8ba563d675435c5ca
怀瑾,symant233,resolver_dev_exp,9c5ac4770ffdfa1bd85969eff484d9034da3e09e
NAVEEN K,naveenkarmegam,resolver_dev_exp,c2001edd618aa61942271e1c9a5f9d8d1043888d
Adam Wathan,adamwathan,resolver_dev_exp,0b496a45e85f3c9aa3cf2e77eef10888be5884fc
Гончаров,goncharov-vlad,resolver_dev_exp,e2e7f04c9808af13e062559e1e1a90e2053b52a2
Andy O'Brien,,sin_resolver,
Hugo Morosini,IAmMorrow,resolver_dev_exp,226387694be17d198c61270bab7c5cb684420b94
Luigi Colombi,Gigiz,resolver_dev_exp,59564af9cbdaf21c1b159669ec8a9b3eeb1d6bc8
Darius Cepulis,decepulis,resolver_dev_exp,6616e203054523961ccbc53e841f7b8877025285
Andy Kenward,andykenward,resolver_dev_exp,f400adf5e9a5a5471cb0b800a5c336b07cab8d3b
Allan Guigal,Lezzio,resolver_dev_exp,4ba1f06380146e714a7c2affbab609ba766ff3fe
Bill Hefty,bhefty,resolver_dev_exp,af7993683bb0cb210d01c21b54c14e22eeec8ab4
Hyeon Kim (김지현),simnalamburt,resolver_dev_exp,552aa9df1ae670d9c8ee872880af980d72eebc2d
Chan Nyein Thaw,chanyeinthaw,resolver_dev_exp,a2211210027bafb4ff0abf7dc9e729a1484424ea
Tomoya Kashifuku,tnyo43,resolver_dev_exp,5f9d2c55ca3ca3bd6a01cf60ced69d3dd2c64bf4
Wiktor Tkaczyński,Sekhmet,resolver_dev_exp,9d059f60077cc86358c9a85b097fb8da18f23cd4
Hugh Lilly,hughlilly,resolver_dev_exp,031ed5557db0ffb336502ab670081e91cf6f1966
Ole-Martin Bratteng,omBratteng,resolver_dev_exp,5f36f4699cd595685262b339510bb71cf985df89
Filip Skokan,panva,resolver_dev_exp,f796ea3e7da332bd83d92e16c1a9042489ec963c
Lon Ilesanmi,lon-io,resolver_dev_exp,81802d2e60a9c3eec2fa7f1d522ab1c89b55bcbc
Tony Kovanen,rase-,resolver_dev_exp,61582433396ca41c4a411b511d90e528d80f8998
Kohei Hasegawa,banyan,resolver_dev_exp,63ac27b9001005c96cad10283a19569dcd06f9fc
Lukas Strassel,sakulstra,resolver_dev_exp,83a10eefee1fd1895b260b1cc7482ce2586def52
Jan Piotrowski,janpio,resolver_dev_exp,3eea290d82f234a4469e543b5255cb48ecd2d093
Oskar Radziewicz,Goodosky,resolver_dev_exp,aafe7154bc4a756750a07b4b23b3f3aa5bb75122
Kuba Juszczyk,ku8ar,resolver_dev_exp,2debe7fb7355ad56f043af5241ee7f7ef5c37618
Ken Murphy,sp00ls,resolver_dev_exp,836539d083601a505925bdddf65228084cc81bca
Tejas Kumar,,sin_resolver,
Ayodele Samuel Adebayo,unclebay143,resolver_dev_exp,22fc63da725551e7a87be573a0c8fb22a397ff0b
Raphael Costa,raphaelcosta,resolver_dev_exp,a2cba246fafb1b1a668ec4a5f90e5970228d1bb4
Alexey Boklin,bapjiws,resolver_dev_exp,f5edfebc82d8886e7b7e2d087dee09093ea56f1e
Rachna Chavan,rachnac-emeritus,resolver_dev_exp,639c731600746c9be4543c9662b540e7d5ef0fb0
Ilham Wahabi,ilhamwahabi,resolver_dev_exp,12a877d8c8025d1db8454427d66be0aacc7c4b32
Kam Figy,kamsar,resolver_dev_exp,b95bc4b74bfa457ee2250108be86fca702cf8461
Yeoh Joer,yjoer,resolver_dev_exp,9c2f690c0a56c954768526d400a70dc9e7f11533
Junya Kono,konojunya,resolver_dev_exp,554d0613267a5765772980491968670b5f46ce7a
raeyoung.kim,raeyoung-kim,resolver_dev_exp,d2a17d945cad1417ac0d0757a30912317d0d3543
Martin Bavio,martinbavio,resolver_dev_exp,f8f308d6dd6c23476383b2e8d6f80484c194cf6f
Kunall Banerjee,yeskunall,resolver_dev_exp,c380d9156270d21c9683393a31312c0e5edc81ea
Bhaskar Murthy,,sin_resolver,
Evan Tahler,evantahler,resolver_dev_exp,a39e54c675db18dc63db848afc02011337a7a495
Sølve Tornøe,kamerat,resolver_dev_exp,07723be8b3debd159f096be34327b79326443995
Björn Tegelund,bjrnt,resolver_dev_exp,de6741f886178d8f9b4af6e109838642aebda1c7
Qilin Yang,kiriny,resolver_dev_exp,74d0329bfc503076ebbd006879f2c2516bfad5e9
Joe Seifi,joeshub,resolver_dev_exp,e82e7f2ae622fbedc8968d33bacfcc5cf17c3c29
Nilesh Suthar,nil1511,resolver_dev_exp,ab7b0f59fb0d793fb4ee593ae93f7e08bab23b5b
Maximilian Grundke,Parnswir,resolver_dev_exp,c11716703bfa3cca7d53d345486ab6588e9159f5
Anish Paudel,Rpaudel379,resolver_dev_exp,1e47930d5f8f7d6da8c9353933b7a948c031fd7e
Brian Noguchi,bnoguchi,resolver_dev_exp,01268f61ce136386743700fcadfa0236389a939f
Shohei Maeda,smaeda-ks,resolver_dev_exp,6b3d145e7e7e88037f4e326cc63038814ab5fd76
Hofer Ivan,ivanhofer,resolver_dev_exp,9ab6ca5d5fd5b7783ab88a5fde211fc708ddc24e
Prachi Sharma,Prachi-meon,resolver_dev_exp,9cce76ac64d0dca2af890bea7a78e1f6b412def1
Artur Muller,arturmuller,resolver_dev_exp,c88898be120bf598958438b9bc07cc6fe6c4636a
Victor Nahuel Chaves,nahue,resolver_dev_exp,5187fcdb80fafe080becf9aa70fb909c9d3713af
Bruce Rodrigues,BruceRodrigues,resolver_dev_exp,8316b8df437cadddeaa1c023890957e5b847a637
Luc Leray,lucleray,resolver_dev_exp,f52955ec94e6d1505792b02d88048e18999af5be
Iakhub Seitasanov,r34son,resolver_dev_exp,78923b14f213e1f18203b2aa9b8e63dfb4a5b447
Alex Johansson,KATT,resolver_dev_exp,d2eb7861c3f61d45d9555132deed355deb9caf41
Ludovico Fischer,ludofischer,resolver_dev_exp,406c9961895ee9faf68e1a7b97e4a9d4d2930e0d
Jim Johnston,JohnGemstone,resolver_dev_exp,465214b21fc1f5865dbd746352c7788247414821
Weston Thayer,WestonThayer,resolver_dev_exp,365881e1bbee9f7cc499dc8b0f1991344d129988
Masashi Kawafuji,m-kawafuji,resolver_dev_exp,2759ad0fe2e95fd732699a6b413d382204434a7e
Mike Hedman,mikehedman,resolver_dev_exp,d209435724891fd20222cd268d95bf0f304ffaa4
Lukas Polak,LukasPolak,resolver_dev_exp,b088881a5d307b35c90f437b854b0fae13312db8
Dan Argue,dargue3,resolver_dev_exp,a8c344fa19ae242f90277391340463c5050b107e
Ives van Hoorne,CompuIves,resolver_dev_exp,5ab7463b93a83685dfb59f4c0fc0369e3339d0fb
Sakib Hossain,sakibsecondary,resolver_dev_exp,3b72c5217682b4ad3e8bad7fa9713bdfbf49747b
Jiwon Choi,devjiwonchoi,resolver_dev_exp,f528c5cce83d3576191c5546fefd78de8fcda046
Anthony Oyathelemhi,softwarebytony,resolver_dev_exp,467ec2115cd41f6e785933374e4df8fe7f68d9e5
Matt Knight,abstractvector,resolver_dev_exp,fa5db9baebb1df4f89ec9cfae3a5a7178c4b5caf
Boyan Bratvanov,bratvanov,resolver_dev_exp,54fd984060f191ecaa4e0a42290d8790de6ab13f
Vicente Soriano,vicente-s,resolver_dev_exp,ef7e70ee5d07455d5e34b3e2df97240a75dc5486
Dmitriy Glazkov,dglazkoff,resolver_dev_exp,26d0bf27fb55543c17f236585aaee45b0185bd42
Björn,,sin_resolver,
Timon Borter,bbortt,resolver_dev_exp,c25447ccbbdf16fb9915e41c29e04f19d3976724
Martin Šťovíček,stovmascript,resolver_dev_exp,849a79fbc2cdc346be8e5df1a6c3e5107598b514
Luke Bussey,lukebussey,resolver_dev_exp,1aab5ee91527259662cfde4290593510a51368c2
Ryan Nauman,ryan-nauman,resolver_dev_exp,c09ce24a0cb2a9427f5447be45dfa5ec570ea5aa
Max Romanyuta,xom9ikk,resolver_dev_exp,c8837dcbda055a3b145a84113fc5e4e193dc286b
Connor Bär,connor-baer,resolver_dev_exp,defde85e81ed596c061a80b4f5f19accb29ac8a9
Karthik Muralidharan,karthikmuralidharan,resolver_dev_exp,16ff96b107651198ab3bc61fb19f2af0d92495b1
Andrew Fiedler,andrewkfiedler,resolver_dev_exp,5936cbbb69de4dbd3a205e96f0464bb3044ac85b
Grachev Mikhail,mgrachev,resolver_dev_exp,44d02a2619783d5f64ba5bbdcfe5288e56db449d
Matt Ruby,mattruby,resolver_dev_exp,8f0c15544da45da835512e0cea507a5b8f8c4e3c
Jonathan Hefner,jonathanhefner,resolver_dev_exp,7e8fe8707ead2c92257f088d2cbfe827b3c8c263
Vojtech Miksu,tajo,resolver_dev_exp,693ba44ae8809acad2c0403852769b3d88284b89
Ankit Tiwari,anku255,resolver_dev_exp,14b7b37a84130f0ad29f746ddd2d76e2feb5b5ca
Morgan Feeney,morganfeeney,resolver_dev_exp,fb79c116c69f8143058f054ffb6a9554b0c16dd1
Hyeungshik Jung,zxzl,resolver_dev_exp,c8dbc7e572d0e827eff9b2703b11dfa1da9c0774
David Stotijn,dstotijn,resolver_dev_exp,ebe4bb1ee4fb79fa78bf7ef5ee23f3c035becf75
Sachin Raja,sachinraja,resolver_dev_exp,ba88bfde3e729d0c1f02034161d323d06a5bed09
Daniel Kempner,,sin_resolver,
Aditya K,,sin_resolver,
Andrew Kim,smilevideo,resolver_dev_exp,e2de7a8e784093132a91c88e3adc19312a4c0c02
Ankur Dwivedi,ankur-dwivedi,resolver_dev_exp,e2b56d62cf6205926382074e02ac773277d29bb6
Ahmad Awais ⚡️,ahmadawais,resolver_dev_exp,a86640b309e8881e10cef9ac1150eff78308c6ce
Chaitanya Reddy K,chaitanyareddyk,resolver_dev_exp,6421d68e01f1cd612add146cda0dd68246c44270
Thuy Doan,clearlyTHUYDOAN,resolver_dev_exp,44b5534b8526e95410fc2bd74cfd92a324a309b0
Julio Carlos Menendez,juliomenendez,resolver_dev_exp,7ae0ff38e9427b8cb466090b4f703de2868c86b2
Ivan Tyrnov,micro-chipset,resolver_dev_exp,a8d8480164b405b68795ee12c5cf1abd1493bb4a
Colin Diesh,cmdcolin,resolver_dev_exp,a9894692284cc3220d3fb38e740d1e703c64bb96
Anjorin Damilare,dammy001,resolver_dev_exp,a37abc62ee7b0f176290b6de8ee6a2a4d4419dbc
Olivia Isaacs,olivarity,resolver_dev_exp,91900d117283fd29b616fdb3f5ce79b110ba70c4
Evan Bacon,EvanBacon,resolver_dev_exp,33800de9f844f326419bf6a996e635c21a606625
Anshuman Bhardwaj,Anshuman71,resolver_dev_exp,c35549a5c46df854e63e73891d9d971123fd33cb
Huzaifa Arif,huzaifarif,resolver_dev_exp,ea87415fd9fa56014a1b100d2ea22a3673cef1b9
Travis Arnold,souporserious,resolver_dev_exp,843332f0bd4eb9eef96d3333c58030b78879e566
Sol Lee,saul-atomrigs,resolver_dev_exp,0ab8c20978740e896ef24ba2d0877275f550f2a8
Rinku Chaudhari,therealrinku,resolver_dev_exp,dff39acc30d60741f700b46fd849f6dad4f8c5bf
Josh Flayhart,jflayhart,resolver_dev_exp,ddef873b3baee41ffca432c60d8ec383808dc158
Daniel Lindenkreuz,dlindenkreuz,resolver_dev_exp,f275fcff7a0ab0772a0fec9c53f839436d4e4411
Talha Zekeriya Durmuş,zek,resolver_dev_exp,16131e2d4905dcf8f2e8629d1007b47112d80461
Guilherme Samuel,guitheengineer,resolver_dev_exp,55f3a6d8fb4e55a45115da150fdb8aca0bb72cce
Sam Washburn,samw3,resolver_dev_exp,70aa2b58217a2f156f64636198d23486a5e347f1
Juan Miguel,juanmiguelbesada,resolver_dev_exp,d40f010df38c033ce711bea5f445e6f365f258ef
Tobias Koppers,sokra,resolver_dev_exp,e489aae4a78e5dfec6e309bf3c0ec8bcf0cad5e2
Robert Webb,robert-j-webb,resolver_dev_exp,7c9be45a48ea58a2ddbe37c2840142dd79cc7b3a
Nataliya Karatkova,natkaratkova,resolver_dev_exp,a25085f37e7676cdd2f3bb5e7adb932032b3a953
Leandro Ardissone,lardissone,resolver_dev_exp,a35e747e24dd43687ab6e6a8efaf684298135638
Alexey Avdeev,avdeev,resolver_dev_exp,fbeeb11ee84c10d1f19bba06ac3597161979664b
Woochul Lee,woochul2,resolver_dev_exp,f467bf2e3a07a448fc52d2c6608fa365d0b71ef8
Will Ashe,willashe,resolver_dev_exp,e71046b61077d1e70ef3d2e64fdd34fad2545d32
Manuel Muñoz Solera,mamuso,resolver_dev_exp,eda6948fdf9744456b7cdb0329f44e993535a413
SangWon Kim,gloorx,resolver_dev_exp,37362c3e9810ef17366da9083c676774a52dd9b6
David Brookton,brookton,resolver_dev_exp,2efc944cb9e2670c24deb089b1567f8002c417ae
Nyasha (Nash) Nziramasanga,NyashaNziramasanga,resolver_dev_exp,b5ca544dccedf512d6b2f899e9be77ed992056ff
Tomas Roos,ptomasroos,resolver_dev_exp,9abbea8571a8cc23f78cb3f201e0c06acafd5ec8
dongwon kim,dongwonnn,resolver_dev_exp,e35ace65754ad4ad5bd30434b0f873056a00d433
Genet Schneider,genetschneider,resolver_dev_exp,e3135ccde61c8bed2398962c1a24548a1f774757
Yichi Zhang,YichiZ,resolver_dev_exp,9e4bb5a1299360042cb9170b5717be5657b75df3
Brody Dingel,brodyd795,resolver_dev_exp,33d961510e1234db6cff8618822a720a58c40761
Florentin / 珞辰,ecklf,resolver_dev_exp,ffd504c43fd59bfddeb9b5ced176860543a4d42a
Angel P.,PlagueFPS,resolver_dev_exp,9cedecff26f66f01bc0a18e6cdbdb393ca51c5c0
Obed Marquez Parlapiano,obedparla,resolver_dev_exp,5a00d62242de9f3b10dd7a3996a8fd3ca8de63c5
Martijn Hols,MartijnHols,resolver_dev_exp,67bc262b69c1c819681b51992a03987403ef3c04
Tom Chen,tomchen,resolver_dev_exp,aa929c4bee74c8b5cd4b4ce104d0598202e20132
Luis Durão,TheDSCPL,resolver_dev_exp,a433b9be6a3a73b300c21e28f57296471b0ced66
Brennan Colberg,BrennanColberg,resolver_dev_exp,99490de928fa6a5309e1f52523438b74a2b4dbd6
Divyendu Singh,,sin_resolver,
Saro Vindigni,sarovin,resolver_dev_exp,c957c9d1a0843a52a1cbc4b04c65b5dcd99c964b
Leroy Witteveen,leroydev,resolver_dev_exp,d8cb8c5fbcab02bba22e90407732a12e23e0d206
Simon Vrachliotis,simonswiss,resolver_dev_exp,972d29b6d5b06cf641fb455dbb100f4d34318aa8
Alex Matseshe,ajmhyd,resolver_dev_exp,e78324a742fb2903e7799169eb212e4d7c71fef5
Daniel Eden,daneden,resolver_dev_exp,a2d83952c1c35fc83542bf0e5542b899aab0d6ef
Steve Jarvis,stevejarvis,resolver_dev_exp,5014362a7a6359fac8fc1bb8a02eae6736805d7f
Yangshun Tay,yangshun,resolver_dev_exp,c110dfd57c754f88cb239dc154a4b7d49e5696a3
Benjamin E. Coe,bcoe,resolver_dev_exp,9ac79ed1ae1b6a96eb0214b04a187346e6af6a14
Jonathan Wilsson,jwilsson,resolver_dev_exp,82bad10a29d944e86cdc5370e0d9ded5c5a408c4
Gustavo Edinger,GustavoEdinger,resolver_dev_exp,9b22406e36d45a6ae005bcd9c7750c2095dd2636
Ahmed Abdelbaset,AhmedBaset,resolver_dev_exp,ba99599328b06831b93e11ac0e14f1fe360b730e
Ålex,alevosia,resolver_dev_exp,5b0ed99093c895a1c00c14091773d5cf1f64e352
Brendan Houle,bhoule,resolver_dev_exp,d7d61d3d4a7ab4562c39629c96301f374e93e9a5
Tim Neutkens,timneutkens,resolver_dev_exp,52788bdfe16de091f037748fc8a1837d770aef4f
Alex Hawley,ah100101,resolver_dev_exp,90181316258bb2028fa3fffc1150cc3185ae498a
Jose Manuel Casani Guerra,MrJmpl3,resolver_dev_exp,f226a376b139b7285ee1d1dbc1600f15eb4cf2c1
Arya Sadeghi,aryasadeghy,resolver_dev_exp,1b518f065f9e6164baaefdc74f503c08dfe32e47
Luis Alvarez D,lfades,resolver_dev_exp,20b63e13ab2631d6043277895d373aa31a1b327c
Lacy Morrow,lacymorrow,resolver_dev_exp,3958fc0732a0fa6588d1e92dea1e84d9868c2ae8
Felipe Chicaiza,FelipeChicaiza,resolver_dev_exp,3b94ab2dd9f9241ad3a7a680719e1a713d9e7126
Ankur Datta,ankur-arch,resolver_dev_exp,92a9d2840db6521190f28755c3905c3000caeb4b
Shawn Callegari,shawncal,resolver_dev_exp,0d5a692d0e85293e2997ed05c9914e5b169f0f64
Kanary Hong,Kanary159357,resolver_dev_exp,36664910cc38853ab5294d7cada755bd1a76d254
Marcus Silva,mvfsillva,resolver_dev_exp,0b9475624fbba23f8fdcc7040298a55305df7af4
Rishi Raj Jain,,sin_resolver,
Resi Respati,resir014,resolver_dev_exp,42bf21091e59e02c604aac776fec4fcaf10e888b
Aryan Beezadhur,cobrexus,resolver_dev_exp,e63322f4329b71ae4b3c66a5eee14a93f0662af6
Abdelrahman Rifai,rifaidev,resolver_dev_exp,1bb318c082e17b70035e6dae7933c507a394ca5c
Matt Oliver,mattyocode,resolver_dev_exp,49fbbf4e348280bd0c412efcbfdd91dc56eed5d3
Eric Redon,coox,resolver_dev_exp,96f5bcbd57f058cd144c1040b0abe8693d5eac35
Joshua Byrd,phocks,resolver_dev_exp,2c3624269ad8b9d53935603c65a7df7d21c9d1ea
Mohd. Nisab,nisabmohd,resolver_dev_exp,d4136d99668c8d78994d78af1068802bedf7bbb9
Alexej Dyschelmann,alexej-d,resolver_dev_exp,6163f30ad805dad0b5253efa6f9a2306bf8df43b
Nate Moore,TranquilMarmot,resolver_dev_exp,2336274a2e41b67c550b6d29d0d18ac71d81ce37
Matthias Wilhelm,kertal,resolver_dev_exp,b0a469233b6069627d3cf1e232fd05077f5c798b
Maxim Baz,max-baz,resolver_dev_exp,de8ae7313f9b4cf84825ed1e330976427dc10fc8
Chris Tate,ctate,resolver_dev_exp,daca04d09bf9aaee9e1c63324166985b643e9844
Wesley Tian,wesleytian,resolver_dev_exp,1231ddb001da4ca9b3377f3fc8b990a986bcff1f
Dongho Kim,mass2527,resolver_dev_exp,0191ef85e1767b638388ce31480aed4f631f19ca
Didi Keke,nyedidikeke,resolver_dev_exp,ae5502eaafea1ac90065e7e1833af952c6d63c67
Carlo Quick,CarloQuick,resolver_dev_exp,04c7cef99b9effee8a92563b0f70db45621632ae
Christopher Lee,ChrisMLee,resolver_dev_exp,98eb710189a844433fa51001f9b75cfde08e20ce
Lorenzo Palmes,lpalmes,resolver_dev_exp,90c0dcec0bfb00af298a5d179bba8b3125756632
Omar McIver,omarmciver,resolver_dev_exp,3172cfedc8b759fec89fda373c86b86931fc02f1
Paweł Tymczuk,LetItRock,resolver_dev_exp,36b81f989c01bf8bbf823de8d2677d98b82390fe
Vitaly Baev,vitalybaev,resolver_dev_exp,cb95c59ad5a4f8b308126e54a37f2f659ede4389
Selene Blok,selenecodes,resolver_dev_exp,0a5097c46626b38cc00ea4086463ff1caf2ab43f
Sanjaiyan Parthipan,sanjaiyan-dev,resolver_dev_exp,173381a57239e25291116f12b522ccdc64e42624
Nhan Doan,dnhn,resolver_dev_exp,33720a3be2e6f161723e747659888dabf044af06
Dave Cardwell,davecardwell,resolver_dev_exp,07084d48199e8c6708cfeee4a7cfa42a7b4a2fef
Freddy Jimenez,alfrejivi,resolver_dev_exp,f2315ffc8fc484177e5b9e4e08aeaa5f930da5a1
Rexford Essilfie,rexfordessilfie,resolver_dev_exp,8dfaa486684f089de81004c9ac9a76529c412498
Dominik Ferber,dferber90,resolver_dev_exp,301e79db455f2c1c4eb2448dd074863ae3512269
Thomas Wang,,sin_resolver,
Cody Brunner,rockchalkwushock,resolver_dev_exp,d7d4b7c332a30b13ddf78ef45772a46ec52ac4de
Aly Ahmed,alyahmedaly,resolver_dev_exp,19c2e197ea177170b404c6b17df31168d00cbce0
Evan Yu,Badbird5907,resolver_dev_exp,efb699acbb2a5cb59acd112aca259d34777debfd
Homer Chen,homerchen19,resolver_dev_exp,ad84d23a02550663a10502cdec148e126935f795
Tran Dac Anh,cheshirecode,resolver_dev_exp,c87b471b223bbd49903d294517b5f3ded3dfe092
Rousan Ali,rousan,resolver_dev_exp,d58603fb6364c3fbec6436331d751359f892501e
Anders D. Johnson,AndersDJohnson,resolver_dev_exp,1f0f5d51ed1ed2ab961673849e726a1bc3e3f919
Vishnu Paduchuri,vispaduchuri,resolver_dev_exp,ce4def79b3a04a336ec60de66a5be2f0fa9d86f8
Andrew Cherniavskii,cherniavskii,resolver_dev_exp,d9a1c4315e4319b0f5e168f1587ce4b18b60a130
Craig Johnson,craigdanj,resolver_dev_exp,114f4801dffd342cf2f8c8febadaee8c11dbfb76
Roman Ernst,pex,resolver_dev_exp,c8e5f925a0bd441fd8a01d96bc757add5d3918f0
Matt Wood,mattfwood,resolver_dev_exp,7e9f801b47225c692b6dc3d69c26dd2cfa0a760b
Max Stoiber,mxstbr,resolver_dev_exp,80202069cfd5161db4511fb4fd2e09f9c664ff5f
Martin Grubinger,mgrubinger,resolver_dev_exp,60e62241a8c20e22b3117096a0cbb3f9e4881b79
Nicolás Figueroa,niko20,resolver_dev_exp,29bd0980cf06bf2702867706cfcb7baf442988b2
Victor Berchet,vicb,resolver_dev_exp,02d693057fa489b049c586e00eeba48e65730e7c
Abdón Rodríguez,abdonrd,resolver_dev_exp,75c1cd0ed5b592b37988f8093b81184c237a16d3
Daniel Lauzon,daneroo,resolver_dev_exp,571f8bedf7f21e9786da0635afeb6f8a7fa592c8
Tomotaka Sakuma,tmtk75,resolver_dev_exp,aada946f84dd6ed77001450c3dfcb381c95ffad6
Jan Czizikow,janczizikow,resolver_dev_exp,9d50f8afb583465c2f7a2ff0dd95305a414a150e
Iago Bruno,ntwoss,resolver_dev_exp,b68b705446dcaa18ca1363f3a8bff71d63e53517
Ryo Matsukawa,ryo-manba,resolver_dev_exp,7a18e6da37f3a4c53a151e90bb9601badb2e6d6d
Marcos Martini,marcosmartini,resolver_dev_exp,dd4593b937dcd24445cb45db11c3d59bc936f994
Kevin Jennison,kmjennison,resolver_dev_exp,450e7130b082d8982f3e46c0e3e4dd7fad2d8048
Néstor,Nsttt,resolver_dev_exp,5cd31e41ca652a3ecdf5966733242267da6083fc
adrian acosta,aacosta11,resolver_dev_exp,dd374da668829a04ed310c1536069ca88cad3ca9
Shodipo Ayomide,Developerayo,resolver_dev_exp,3f2d2f6949aced93d1b0da9a3b939963867ed60c
Smit Barmase,smitbarmase,resolver_dev_exp,74e0c6d6d85919479fffb1f83c4d98f679045158
Nikita Borisowsky,nikitowsky,resolver_dev_exp,5bcd33fccbb771d8004a568b67e6e03b301c5764
Tony Spiro,tonyspiro,resolver_dev_exp,6a39d5181f038c3ea0cca242442c32f69ac80d80
Romain Quellec,romainquellec,resolver_dev_exp,2a845a61b747b71adc4df84f9261391d12547733
Manu Schiller,manuschillerdev,resolver_dev_exp,9f1b4f56942b48ad271e46e5aed103e94e3853f3
jaffar keikei,,sin_resolver,
Stefan Ivic,,sin_resolver,
Marcos Hernanz,marcoshernanz,resolver_dev_exp,090f1b72753b2d0094235d27d46ffa0da5fc7d35
Noah Fischer,noahfschr,resolver_dev_exp,c81eadc6dcf64c0688be6875a660e1015e89a1ff
Sean Li,seanli,resolver_dev_exp,91adb8661dd350e37e40b15eee1f23a9d413843b
Rafael Andeloci,RafaelAndeloci,resolver_dev_exp,817a4a1914beb2aa4990ac4f61417f026419e2a2
Alejandro Garcia Anglada,aganglada,resolver_dev_exp,c30e54283f845a2cc61c67f950cdf5793fccea9a
Yamagishi Kazutoshi,ykzts,resolver_dev_exp,9244100e39052a4ed10d245b808f81579880340c
Bogdan Chadkin,TrySound,resolver_dev_exp,6687b09011f003ba55702ccbb1d1abdf77c5c2cd
Tim Teeling,timteeling,resolver_dev_exp,9ec81c00fad040154df571701b73cb6e3b1b86fa
Jarmo Isotalo,jamo,resolver_dev_exp,0b131cad2aea61a1d543f3f9c16587aba7cf7cc9
Liam Laverty,liamlaverty,resolver_dev_exp,adae5f2cdfe3a36f98cb97f4a79dd997455fef90
Jesse Jafa,awareness481,resolver_dev_exp,c0986eed066863b5ba604d25c4685cfe3f4c5823
Muhammad Rohan Hussain,hallucinogenizer,resolver_dev_exp,7296aa624e6205def670b22bdc5681f8a42eb55a
Jam Balaya,JamBalaya56562,resolver_dev_exp,7dd1fcfc924be23cf2785054f5a2ad4f5affb692
Sophia Willows,sophiabits,resolver_dev_exp,d4bef88b2b8132b5b892ddf31b5944871dd5f31e
ahmed osama,ahmedosama7450,resolver_dev_exp,0cc4a980416c8afd979558dbaf17d42fbd75633c
Jan Mühlemann,jamuhl,resolver_dev_exp,09a8960f1ae1cdb770b3d601fd1adac43f35aba7
Andrew Gadzik,agadzik,resolver_dev_exp,ef4308e0c408e95017fd30f87fb9a988545f806b
Mohamed Belhadj,madmed88,resolver_dev_exp,869a2fe881d56bf808af3786f160921e337b0220
Don Morrison,elskwid,resolver_dev_exp,3c001aaae957b13983ade32fb0ed0bcb13426980
Trevor Burnham,TrevorBurnham,resolver_dev_exp,544f52126ed0f16b78044ea16e8e1170f6503179
Mitchell Abbott,mitchell-abbott,resolver_dev_exp,670eb03841d242cadfd6040c323f256ffde718fa
Timothy Vernon,tvthatsme,resolver_dev_exp,07591042870766a6d846263e28d3a9400a5bd3e6
Koji Sugimoto,UndyingSugimoto,resolver_dev_exp,dc1658f1077aea98263afece1d5878649bca3de5
Angel Lopez Pol,angel1254mc,resolver_dev_exp,385e6fdbcf6317424e0eec010ff6ed79d26f1173
Kitti Piyapan,titeller,resolver_dev_exp,28767c06d1eae4ce53418914d29fefcfeb55e70e
Maria José Solano,MariaSolOs,resolver_dev_exp,1ca80a5db659b5b47a65496819e3f38227d8f60b
Kuzey Kose,kuzeykose,resolver_dev_exp,09c0065c3db2df2d93f7809d2c2e9760daa4f30c
Nils Jacobsen,NilsJacobsen,resolver_dev_exp,ed1589381461e66e8625a077b0547d1a1fcb291a
Jure Triglav,jure,resolver_dev_exp,c9b4add394970743fdfee3b4c8a84636a54c7f6e
Micooz Lee,micooz,resolver_dev_exp,24a67ee967f280759857dedd793d26b646647c03
Michael Novotny,manovotny,resolver_dev_exp,fbc0a0eb8c3a0da94f64bb1d8ffb52c87c68dd33
Oleg Filonchuk,OlegFilonchuk,resolver_dev_exp,aa6991f2062c6adae654f53527439bebb1d30237
Donavon West,donavon,resolver_dev_exp,47433b62ba21321fa9059abb8d089e1e02d1e9cd
Maxime COLIN,maximecolin,resolver_dev_exp,4945b6e295efbdbfbd559d5d5bd2f1db1553b5f1
Nikolas Santis,nikosantis,resolver_dev_exp,a5917317f026af4d6b5d3a85c7c8f7d7e5ed2d38
Andrew Jiang,abvthecity,resolver_dev_exp,d31b8b820646a855729ae62210e1317f15b5c550
Mohsen Azimi,mohsen1,resolver_dev_exp,1d4a024b2f0b0c0725c8d81304dbeb0d92296dfc
Alejandro Ñáñez Ortiz,alejandronanez,resolver_dev_exp,71d899f1289f79edf5f42a63cab4bedd7c38cb74
Ikko Ashimine,eltociear,resolver_dev_exp,2e2cc5597aaeac7b52d77ffd41e4c8e40ec48d91
Tobias Lundgren,lundgren2,resolver_dev_exp,f637c8a2ccdb9a3ac695a0c303bd34f14655633d
Tibor Szász,tiborsaas,resolver_dev_exp,2eda0140e3999c60006b068f9a2c2fdd010ca217
Vitor Barbosa,vitorhsb,resolver_dev_exp,7e20231643d7648e8f252f6dd8429d1811d7bb0b
Max Leon,,sin_resolver,
Ethan (Taehoon) Lee,thdxg,resolver_dev_exp,5e4a54ea39a4433b066386f36cbf1c1c74d2ae7b
Youngseop Bae,byseop,resolver_dev_exp,1e44a52d64af4172acb5df43e827ffb5d76c8084
Amir H. Khanjani,ahkhanjani,resolver_dev_exp,b1de1d10782657bf7412160f2b88314c690e3e8c
Guilherme Araújo,araujogui,resolver_dev_exp,2a5db0b58c9416381568b9716861b598b17a7015
Jimmy Moon,ragingwind,resolver_dev_exp,84493a67b322d1ade2a54ad648c4961dce99dce4
Wouter Raateland,wouterraateland,resolver_dev_exp,b49717f8dbf530f2fe8a2af8c8c3f7a3ae1209d5
Jonas Windey,jonaswindey,resolver_dev_exp,10b815b9c9a8b4855df326c3e8bc8e4a02364fae
Maria Violante,ViolanteCodes,resolver_dev_exp,fec5318e91d6b8031d8a6b90ecdfe8963bdaa9eb
Gerrit Alex,ljosberinn,resolver_dev_exp,d38dd3d7e6ed7dfd32eb3ddb3d8ffc0c7defb2b5
Camille Barneaud,gadcam,resolver_dev_exp,cda3dbfdbd8a0d2c8463c97de6475d7e515a8e31
Eric Rabinowitz,ericrav,resolver_dev_exp,9e63d487945c77e1d9054827670ee44cd3de629b
Chanhee Lee,hiddenest,resolver_dev_exp,85f9e1b7510e38d4b16676ca62043cfbb11496f5
Caleb Fetzer,lqze,resolver_dev_exp,79bab9771ca5cdfeef0705e9f0c0d13252817cbc
Dmytro V. Dogadailo,dogada,resolver_dev_exp,256f9dc765d8f1164ea3d5e46961b3b4206c7ce1
Minh Tu Le,minhtule,resolver_dev_exp,ec3e41c3cbcd0787de3c0ca11297545c97ed7c49
Scott MacDonnell,,sin_resolver,
Nhan Nguyen,nathannewyen,resolver_dev_exp,c68d18c507a278079581f54b13b2c98c79dc8374
Leonardo Ortiz,leoortizz,resolver_dev_exp,77738edea8ace901e9f5e0ff12dcf9ea3756d85c
Luke Harries,lharries,resolver_dev_exp,16d464caf6607859b6ddd9a819bfe94acbf962ce
Javi Velasco,javivelasco,resolver_dev_exp,2f9d718695e4c90be13c3bf0f3647643533071bf
Tom Occhino,tomocchino,resolver_dev_exp,1038fd53efb0601c48645638d0a5adf0f7b6b8ae
Robin Cussol,RobinCsl,resolver_dev_exp,6f6989b8e423d9808693751b8575c7cd414ec5be
Max Hao,maxhaomh,resolver_dev_exp,add70dae927d6f99ebf9acb8dcda1ec4e1293a79
Karthikeyan Ranasthala,KarthikeyanRanasthala,resolver_dev_exp,c1b2b3f91fd8b858e76353a631c7890a95db6875
Watcharakrit Phantu,watcharakrit,resolver_dev_exp,56f52db5a90aca30ef2fedaf9416638e9a783e65
Tapas Kumar,tapaskumar05,resolver_dev_exp,52c22de79093bc7c94f7bf6c88b6a57e64f53da2
Simon Gavelin,,sin_resolver,
Joe Haddad,Timer,resolver_dev_exp,87f114f641e5bd9ab0a192b4ab6352f49d1af246
Alejandro Roigé,roigecode,resolver_dev_exp,4c6d4b35b46536bf81ac82dcb6c5ae7ce3d0fca1
Claus Klingberg,cjk,resolver_dev_exp,4f0592a58426e7ef7cb30e8c85f5eeb43e1faa33
Nikolay Kolev,nikolay,resolver_dev_exp,b253479a94091bb79ea30d759b73532d7a29849a
Simon Richard,jsimonrichard,resolver_dev_exp,06eb73b2d4d3a38be7f8e350ffa7cb483b3c26d0
Chris Frank,cfrank,resolver_dev_exp,44aeb083cc28ac3535b62ca51eb47d0d7d456ea6
Armando Magalhães,armand1m,resolver_dev_exp,1253a11971c8a3c024e0483a486d217ce3c9c5ac
sreekumar menon,msreekm,resolver_dev_exp,9f92819742c0138ef90e155feb94224d450f8883
Jonas Aschenbrenner,SanjoSolutions,resolver_dev_exp,2211fd2b69b1c9b7616ef74e91d0bf5b9fadec4d
Vitali Zaidman,vzaidman,resolver_dev_exp,8cda6b41b1846ab795afb0dae9b39b6d3a74dadf
Nathan Rajlich,TooTallNate,resolver_dev_exp,70fb25d3c14c74f2a91380037f97f728599f7d85
Shunya Hayashi,devshun,resolver_dev_exp,dffafdecd3e94a8909d6042ffb5b024f885928c7
박찬혁,okinawaa,resolver_dev_exp,dba9e2a12adeb2066d0d5bb9a49bdb3e29689b92
Zach Hawtof,zhawtof,resolver_dev_exp,7b95c63ad1d2cd10e8d9f91ac256256472bf0191
Hunter Tunnicliff,htunnicliff,resolver_dev_exp,521f88e159329bdc930fa33d226f1756c96dbba0
Azeez Lukman,therealbigzeez,resolver_dev_exp,00d453d74be3144c76d159c2fb99af2f22d41168
Jacob North,North15,resolver_dev_exp,bb1dd47019f3ad3c271433aa8dec4c5f32d1f8a1
Johan Eliasson,elitan,resolver_dev_exp,a78e904fc8f51a511999caff99dccb80c7eb9f39
Manoraj K,manoraj,resolver_dev_exp,8669b07f197d579e6ed3924b5fb6e8215406da1a
Jacob Page,jpage-godaddy,resolver_dev_exp,777aab2b428b0e4ac50d3609e57f1df9e14f40ed
Justin W Hall,justinwhall,resolver_dev_exp,c9d4d6299e8626e9d4b3b61c05da7a9f802cd911
Jordan Baron,jordobaron,resolver_dev_exp,b6f168bd0ed52f0f0741645d108490f570b50a0b
Felix Mosheev,felixmosh,resolver_dev_exp,c2f8046f9b6be4fb0aaa707e691dc604b223975a
Nathan Hammond,nathanhammond,resolver_dev_exp,c962f2d6a4947ff162c3f2c4767e615147e74057
Benjamin Hanes,Cauldrath,resolver_dev_exp,dbdd66392158d3890fd89818fdd52b32bd399b73
@whitep4nth3r,whitep4nth3r,resolver_dev_exp,9d281421397d1de8e13d4c68c86ac83b641c27dd
Richard van der Dys,dijs,resolver_dev_exp,103e82260d9fbaf228fd52ed58b43db7be53de52
Phillip Klawansky,pklawansky,resolver_dev_exp,0468a566041bd8f9a5e4a0b47d92a3e0796a3998
Simon Knott,Skn0tt,resolver_dev_exp,abf9f758215c36bf5c6488cab3e372757213c5c7
Oğuzcan Köse,wssn,resolver_dev_exp,c690a68b3c01fc9381057a72b35b063028f0d023
Hannes Bornö,hanneslund,resolver_dev_exp,8b791737e1963e965e4520442f9ab91124917052
Fabian Mastenbroek,fabianishere,resolver_dev_exp,09a4fadf7978eba97850d27658f002f3cd1ca19a
George Gach,georgegach,resolver_dev_exp,ac287e67c1a791c82d4384b52500e36e5c3f2d16
Nathan Sculli,scull7,resolver_dev_exp,fa39b311ec2f029244236f895c53a90f9bb0ed19
Zack Sheppard,zackdotcomputer,resolver_dev_exp,807d1ec7ef5925a4fa4b93b61ab72a8c5760531b
Justin Goping,jgoping,resolver_dev_exp,9b61b10245d513d67621b6bf57c41d54cad5122c
Yuji Kinjo,yukin01,resolver_dev_exp,cdf4f0a20d71b365e69828942ca7bf69498fa825
Tonye Jack,jackton1,resolver_dev_exp,3a19b8ae05f638fb8108158105acb53d2f1d8e2d
Raja Vijaya Saradhi Ch,rajavijayach,resolver_dev_exp,c35aec8d9309e97b7df5df24a4a86865545fa514
Simon Goldin,,sin_resolver,
Angelo Ashmore,angeloashmore,resolver_dev_exp,3ede313e1f22a165e0d3c42472e5940ff64b40f4
John Slemmer,johnslemmer,resolver_dev_exp,e42fadacbf15dd102ea537de195d9e8e8c9f9f5b
Raj Kumar Rawat,rajraawatt,resolver_dev_exp,6b5c9548f6f08ea25c37bbdf516e846fd2227522
David Lemayian,DavidLemayian,resolver_dev_exp,d0b6026dc508567e4410331c4c626de7c8cffac6
Paul O’Shannessy,zpao,resolver_dev_exp,a3495b364de9e199e468b8f0e231beefeb9e55e0
Ségolène Alquier,Segolene-Alquier,resolver_dev_exp,e917687773bba665dfe3ec71504f4be0a6117150
Jan Karres,,sin_resolver,
David Calhoun,dcalhoun,resolver_dev_exp,ba5f1b2c212d254463640c7a6405d74d777c9215
Aite Eboigbe,,sin_resolver,
Jacob Fletcher,jacobsfletch,resolver_dev_exp,d206c68ad715595aea211376342b48330af3af5e
Sachin Hegde,hedgeday,resolver_dev_exp,5c531cc2d21701193294de6bee55c80eab6acb53
Matt Carlotta,,sin_resolver,
Jonathan Summers-Muir,MildTomato,resolver_dev_exp,9bf014809419d3c725bea7a3f4fd9c620480a5ee
Siddharth Gaikwad,sidgaikwad,resolver_dev_exp,56eeedff30500f59a7bece7c4400759064a77d3e
Robert Keyser,RobertKeyser,resolver_dev_exp,66d98e2fc658413d975146cdfc76c53ffdaab5f9
Charly POLY,charlypoly,resolver_dev_exp,792c661264dd92b264f127d2e563ad2665d12dd0
Madeline Ziolko,mjziolko,resolver_dev_exp,301cca3802c0c8f4ebe0d39a7324db35e87c4c4d
Rafael Cossovan,navossoc,resolver_dev_exp,14668aa3eee3a335a487befa13fb0e57d2c53b91
Nikhil Swaminathan,swaminator,resolver_dev_exp,db2037134b5fa91b0f3007c3e041281c16329684
Steven Primeaux,Auxdible,resolver_dev_exp,cf038a335b380ffb34d7b97c9e57902e009e6274
Daniel Salvadori,danaugrs,resolver_dev_exp,e486d74464078888426f9ad976f90996a0e0708a
Zoltan Kochan,zkochan,resolver_dev_exp,5daf3830db87b2d751a2e07715665d096788300b
Arek Mytych,amytych,resolver_dev_exp,9d7ee34d2cc026512ec05241d44d7b835f65c7d8
Simon Hänisch,simonhaenisch,resolver_dev_exp,f47640375ad894cdc9cc5a9fef7d0efe5fbbe22c
Marcial Cambronero,marcialca,resolver_dev_exp,cec9d02dee2ab2c6d100ad3cbcafa4c8d6ab4805
Brian Dombrowski,bdombro,resolver_dev_exp,5ede8c9dc351af94ce88aea9143bef5c347fee78
Joey Tepperman,,sin_resolver,
Minh Nguyen,NMinhNguyen,resolver_dev_exp,ec76d9265cbe61755e83a2f730db1239269dfb5f
Alexander Savelyev,alexdln,resolver_dev_exp,41e401d5f32d6e6449f9db6ec7f1fdedaeaf67b1
Seraphina Orsini,finn-orsini,resolver_dev_exp,c78d8fad19e70a71fe9975984bf6f59e3bfb27bb
Sreetam Das,sreetamdas,resolver_dev_exp,06700235dd4752aecc8c98d2c6c19d831ad4756b
Iris van Ollefen,IrisvanOllefen,resolver_dev_exp,d5d1bc0012815c5b461c4339639c44e9ad2acd55
Elliot Hesp,Ehesp,resolver_dev_exp,5610af012a687dd7ea06ee9a583ee11a17fc894b
Laurent Thiebault,lauthieb,resolver_dev_exp,71d424e80477410c374c436f1d7819c53b78bcd5
Seth Etter,sethetter,resolver_dev_exp,769d8e3a84eacc3e8c63fe2c3250cef223730308
JH.Lee,orionmiz,resolver_dev_exp,6aaa9fc2340d4b23e8653c9eb3eeca1826102d27
Pier-Luc Gendreau,Zertz,resolver_dev_exp,e6c351859f943df0ae298f344d99f744730b2de3
Jane Manchun Wong,wongmjane,resolver_dev_exp,c17ee73db70a512e86d86eb14e7909363f40842f
Nguyen Hoang Phuc,kidjp85,resolver_dev_exp,530b561039b1dfa7d7f489f39a78e0631c432166
Miguel Oller,migueloller,resolver_dev_exp,a89d760d60fbc1fb670715a010a71cf9a6c2ebb4
Shyam Gupta,sshyam-gupta,resolver_dev_exp,39302141b5ea3a1e9a55af906129a44675337cf9
Craig Ramey,CraigRamey,resolver_dev_exp,8d59de4d7aeab0fb29b43f04aa63c07983c9babb
Florian Liebig,florianliebig,resolver_dev_exp,c0e8e55a6692fec7dfbb2a0293ee97cf3403a413
Sukhpreet Singh,q1b,resolver_dev_exp,482f4ad2d8e30855ef658b53cf685fc76ed1a2f8
Julius Marminge,juliusmarminge,resolver_dev_exp,a7c24aca6fd8bf7af76a76fbe86de5495ecfbae3
Alex Indigo,alexindigo,resolver_dev_exp,e401e2cf5f944abca97efd4bd1530073e200edd7
Connor Davis,dav-is,resolver_dev_exp,c1702c2349cf0576244924fb76f2593d8b9d1217
Emiliano Garcia,EmilianoGarciaLopez,resolver_dev_exp,975d96afdd8512d17e54557139bdaa29973321c9
Alessandro Ursino,a-ursino,resolver_dev_exp,312572d02028fe980b4a81cdef5833c168bb4278
Kornel Dubieniecki,lekterable,resolver_dev_exp,d143d9879f2bbb43809f59059ab08cbe4b8fabf6
Mustafa Çor,codercor,resolver_dev_exp,873bd82ff96b60e84d2a419d43f0428a0a8e0cda
Michael Peters,michaelpeterswa,resolver_dev_exp,4701836d2fa6cedf749cfca7d6e41e7e1add58f9
Niklas Arens,Kahitar,resolver_dev_exp,6278046116611d5c62e39677d4dd6dc4447f7010
Volodymyr Klymenko,vldmrkl,resolver_dev_exp,334ce64cd7419e3be53ff1b60f886e40060da8e9
Sean Parmelee,seanparmelee,resolver_dev_exp,ffdb9f847f7b74db7daae43aa1440bd3162d76d1
Kushagra Sharma,TheDarkArtist,resolver_dev_exp,a0f334ccdaae652ad03cbaf404c290f7fabb984e
James Russo,jrusso1020,resolver_dev_exp,a7e96706fcbe10fab2bc1909eca67c5b4886e58c
Andrew Matthews,apmatthews,resolver_dev_exp,f1d1c46b99f0bb91b4b375f693f3477107306adb
Manu López,ManuLpz4,resolver_dev_exp,49f9c46fb13cce03e37b9eccfdba1e12b9e2650e
John Leon,andresleoon,resolver_dev_exp,ce8b301f240e82457b346a9433b0e205361cef79
Sharath Challa,src200,resolver_dev_exp,11ad65e4458990653184b71f64181408b62b3d64
Giacomo Rebonato,,sin_resolver,
Remo Vetere,rvetere,resolver_dev_exp,37900999971e86a078196bb06e46fe69ea5650c8
Keith Grennan,keeth,resolver_dev_exp,8f61c335cb5994cc63fb98563ed1e519b026c3a0
Saalim Zafar,saalimzafar,resolver_dev_exp,545ea5ec252779b836042e82ccd956a166efbc04
Bernard Lin,bernard-lin,resolver_dev_exp,9f54b56bdea140f6aa474ebf39ed2cd98b3f7c8c
William Li,wiiiimm,resolver_dev_exp,aac4d9c3f7999f6ef590f8282d34f75599f9ca9c
偏右,afc163,resolver_dev_exp,9ce12a03c5b6a6067ece18e7b6c78169edeaa30d
Sagnik Chatterjee,,sin_resolver,
Anthony Zheng,ajz003,resolver_dev_exp,86d3043d22e58344d785ed9cf6fc15de0c8c8c3d
Nils Kaspersson,nilskaspersson,resolver_dev_exp,d1ce7b7c580f12fc6059b662ecfb8fd7a9ecf6d2
Kirk Elliott,dmvjs,resolver_dev_exp,020471b81bb72fc7021195d4764b960d8832e534
Theo Todorov,todor0v,resolver_dev_exp,94dc45f3a8630e0b5bac657905d948fa50422935
Orri Arnarsson,OArnarsson,resolver_dev_exp,06d4bbbb2441fee598846567e4778a44adf8dc3f
Richard Scotten,rscotten,resolver_dev_exp,33b22796c753a12fb764f736b47f775801eefca2
Noob Tsai,NoobTW,resolver_dev_exp,33df8e6fa4ecd2b03f6debb4c6c993861a11479d
Sebastian Gallese,sgallese,resolver_dev_exp,3ca8ce07a6c4f456cc70fe5c23b6f9f253c4d027
Chandan Pasunoori,chandanpasunoori,resolver_dev_exp,5f7ff1c64ab83a4f71bb375e26aa97232066e624
Philipp Bosch,philippbosch,resolver_dev_exp,f16992a1560313fe992a765a094ba8a40a2cfda0
Arun S V,svarunid,resolver_dev_exp,6a9fb9e77faae76004e6fc00afa09f36de2a5928
Surav Shrestha,suravshrestha,resolver_dev_exp,869d93c7775a9a5cd0f3e0cb60d660a45eec19f5
Frank Dai,soulmachine,resolver_dev_exp,f046c0f6c2a616aa22b0c90350ec6fd04c5670c4
Anthony Morris,amorriscode,resolver_dev_exp,5460abf2d43888fa5444f57ae47ed172fe92c79c
Robbert Stevens,robbertstevens,resolver_dev_exp,6c422514f602e59bbff45d9acda598d22cc1d2aa
Rui Ying,robertying,resolver_dev_exp,49a891deb59be06b666aec0c3cddf33bf3d24824
Andrew Turner,turneand,resolver_dev_exp,535a83dbb8524a6513ce62827b7a4a9c77290ca5
Francisco Baio Dias,fbaiodias,resolver_dev_exp,58edd0998c4d3ec0967a6386dfcb877978aae4f8
Patrick El-Hage,pelhage,resolver_dev_exp,b7cd0a15aaad5cacaff2d1a221347502c95ca6ff
Nourman Hajar,masnormen,resolver_dev_exp,ea676960de45d1c64bcfa1073c959759cc40e0d6
Ryan Miller,Aerilym,resolver_dev_exp,bfecbd4a7b9bb40ed2416f30fad48eac95497808
Mike Dyer,InfiniteCodeMonkeys,resolver_dev_exp,68e60c33ca7d67cc3fb93c57597b1870c98b8eba
Colby Fayock,colbyfayock,resolver_dev_exp,f2c2b0d0feb07ea240bcd697a69dfa7d1fb775f6
Daniel Stumme,destumme,resolver_dev_exp,d49c47427bb1586936a333513e87e566ec6daf7e
Antonio Pitasi,pitasi,resolver_dev_exp,c388048f3efebff6cf6bdca4a41939e55975f91b
Emmanuel Oduntan,oduntane,resolver_dev_exp,b5b2a6c14b7914bb48b026c2ba95c083aa2faa05
Arpit Patidar,iamarpitpatidar,resolver_dev_exp,78b04980bea2678652c58ba901966892c9c40aab
Jakub Naskręski,jaknas,resolver_dev_exp,754a2a6ad8d10452634890d60736769eb23794fa
Elliot Scribner,ejscribner,resolver_dev_exp,f78ebd089583de485cbffd253a67ab3dbdd2a088
Markoz Peña,markozxuu,resolver_dev_exp,6375026a413033b018682d243686553934418086
Bruno Nascimento,brvnonascimento,resolver_dev_exp,1c89da60f0f13b57c1f37c32dd9bd6ccee77990e
Spencer Elliott,elliottsj,resolver_dev_exp,a1e76fb96678b0ac3d7a74c28d2d005516ef1cc0
Sean O'Neil,sean-rallycry,resolver_dev_exp,ea0f5163b03d56134ebf121d5acf72b20abee30c
大钊,Samciu,resolver_dev_exp,1c20a9bfdd3fc913a42037d32f038ac83d2aad1e
Andrey Lunyov,alunyov,resolver_dev_exp,831d45d73dae634db9f88ad2ea8dfe25a2f9a8b6
Yoann Moinet,yoannmoinet,resolver_dev_exp,1b61d1f5df3edffbf59bc35214ceb018ee981e37
Tomas Cerskus,tomas-c,resolver_dev_exp,ce2714de73483afb3aaf7bc68c7cd8547db64ad4
Benjamin Kniffler,,sin_resolver,
Yishay Hazan,yishayhaz,resolver_dev_exp,fe2c0cbc5daf2ed309ea3feafd4ac5346bdb4baa
Abhishek Mardiya,abhishekmardiya,resolver_dev_exp,1d8e326d1b360da4a439cf440316fe76a359bfd3
Girish Patil,theevilhead,resolver_dev_exp,241635701b07e00a8d92b160cceb531aace08089
Marcin Lasak,marlass,resolver_dev_exp,5f9e9828de7e6ea7c3bf40fa3e973d7451eb84e9
Manny Becerra,mannybecerra,resolver_dev_exp,36eba95227214437f2d2dc616a0b3129a6e7315f
Orlin M Bozhinov,orlin,resolver_dev_exp,b46502f8f13172a6cc11167e88ee01369c582e96
Jacob Pargin,jacobpgn,resolver_dev_exp,e30f6f45303e63ab08cadf0f30a3d2bae0c1658c
Ali eslamifard,alieslamifard,resolver_dev_exp,40c6ec4fb0a7e0b251c0c7bc47cd67c8c0b87863
Nora Söderlund,nora-soderlund,resolver_dev_exp,448c9c82ed0ef612e12c39d62da6c1cc07829a7b
Matthew Francis Brunetti,zenflow,resolver_dev_exp,7961946c070403397c5c3ea01e525185abc39881
Drew Long,drewlong314,resolver_dev_exp,fc112fcf735376584706b4a751e21d00d24d1158
El-Hussein Abdelraouf,husseinraoouf,resolver_dev_exp,1e62ce2c61048ddc0297f1a4f268894541975521
Partha Shankar,Partha-Shankar,resolver_dev_exp,8688f98b1e7064a24e6d604c115e52de2165c1d2
Carlos Menezes,carlos-menezes,resolver_dev_exp,9ea188a06f4717ee8307d969dccdfa19ff87dc40
Max Scher,maxobaxo,resolver_dev_exp,f0eacf66eac95db0aea40d502e0d2f049d9be3c7
Manaia Junior,mjr,resolver_dev_exp,2e8259ffdc37adfda9c6f6f7827c1d10d22283be
Eric Matthys,ericmatthys,resolver_dev_exp,d8037fd31673d541176bd2bf4526c2adacc3e415
Lin Qiu,linqiu,resolver_dev_exp,3f650e154923f4d03ff868a63891c5a89b91bf56
Francesco Sansalvadore,fsansalvadore,resolver_dev_exp,b636d3d75536809b682292c97962d1642a061727
Jeremias Menichelli,jeremenichelli,resolver_dev_exp,e72d8996b2055604a53c5799d8145e8fb598aa6e
Marius Jørgensen,marjorg,resolver_dev_exp,3ae343fa90ce59241d577e54bdd4d3e1ccdc2fe7
Niaz Morshed Nayeem,Nayeem-XTREME,resolver_dev_exp,7ed2b90651de6503ffda88b3d48ebe0431f8c8c5
Milan K,mkcy3,resolver_dev_exp,0e55bb1a4ab357e0d5947200cf93d1360fb2d3db
Anders Søgaard,andershagbard,resolver_dev_exp,e5be344932589bd71d50b9a08f54f1aeb34df7f8
James Hegedus,jthegedus,resolver_dev_exp,4f4b7a1bce91bd0d9df65c4749bd152ce582c420
Jazib Sawar,jazibsawar,resolver_dev_exp,6ce7a0378e13234098907bc55a14ed037011f0f7
Katie Byers,lobsterkatie,resolver_dev_exp,77e7529dfe493081a84b95c27ebaa1bc265d2396
Angelo P,angelopoole,resolver_dev_exp,541259d9922801027b4de29515c86a7dcbb790e1
Vahid Hallaji,hallaji,resolver_dev_exp,d4a8d4fc880e94101c260d703570e603ae92beee
Anton Rieder,aried3r,resolver_dev_exp,62633b1af56b230a9d3c35f1d93ab2bdb11ee71e
Steven Bell,bell-steven,resolver_dev_exp,a9bfe13ae5b7d891c70d3d0186e3f4625a12de1d
Yuri Yakovlev,,sin_resolver,
Avi Goldman,avigoldman,resolver_dev_exp,dcd4197c4c91a7fdaadd05f5b4f3a6cbd9ee6130
Pierre de la Martinière,martpie,resolver_dev_exp,46ddd8cf6016bd74b98a6f627149c95fa59244ed
"Yeseul, Kim",yesl-kim,resolver_dev_exp,c7b242204642692484557c47a54ef55e066b3c58
Chris Midgley,midgleyc,resolver_dev_exp,946f465a6e4aba2a2aeee8dd33666e64e9075449
Tim White,tim123abc,resolver_dev_exp,defac920cc9b12729c69fd5bb94c908ddded10fd
Tommy Ljungberg,twltwl,resolver_dev_exp,a44ab5d0c1b3d206d3a17dae7df67ca32f20cd37
mohamed bel haj youssef,mohamedbhy,resolver_dev_exp,9cf0809b77b9504fdac192a1fe548b868ab5b6bb
Filipe Marins,,sin_resolver,
Quinn Turner,quinnturner,resolver_dev_exp,6d4395f22cb059b5e5d7bc7884ba46a46583d6b7
Luca Steeb,steebchen,resolver_dev_exp,6d0d5e313b5238dcc188cf86fd130dc933527605
Hong Zheng You,vincenthongzy,resolver_dev_exp,a17f07aa5b6fdbad1f5686732bbafdc8f03da8b5
Raphael Chaula,raphaelchaula,resolver_dev_exp,5fdf3b8a46040b5ed5b8763902ef5d65348fe2e9
Nick Carchedi,ncarchedi,resolver_dev_exp,379c4c4e333d8c29ce3ec264ac6231b46ab30539
Patrick Krawczykowski,pkrawc,resolver_dev_exp,ba2fbc2b65394ba29bceba9d3c6494391bfb00ac
Thai Pangsakulyanont,dtinth,resolver_dev_exp,860390167a7e1c7d559106aecc582d95339e28c0
Scotty Waggoner,OzzieOrca,resolver_dev_exp,04cc37f763e36fc4458105d37215f79f7c9b108d
Christian Riedel,Cielquan,resolver_dev_exp,b451a7ee8ac415e0bd8b28c1700acbe29b8c9ffc
Shaun Ferris,ShaunFerris,resolver_dev_exp,3e34b9f2d2f583fc96e831f73a280d813136c47b
Augustin Mauroy,AugustinMauroy,resolver_dev_exp,c0282712ae976951ab4d1f565eb525a37ecee4cd
Aaron Campbell,sleepdotexe,resolver_dev_exp,c703fae24cc05c7fc2643835c0d9982f3422de70
Soheil Jafarnejad,Soheiljafarnejad,resolver_dev_exp,c353b5f0e6a249fcbcf6d073909d203ec7f40768
Cody Lundquist,meenie,resolver_dev_exp,fb99d2eaf5a524c0d4657e6beffa9f77d1682a86
Koji Ishimoto,t32k,resolver_dev_exp,5a11a863892cce91c7660748b2fffe73ad031b2f
Cowboy Ho,Cow258,resolver_dev_exp,70aad4a2b5b34fbbae006c477f96c54118da6381
Pieter De Decker,pieterdd,resolver_dev_exp,a09ca535c3820efd15a71f20d17bb2a27759943b
Jordy van den Aardweg,jvandenaardweg,resolver_dev_exp,f8ba588ce4e8658dbcafb39f0b6b4263e32eaa85
Michał Bundyra,michalbundyra,resolver_dev_exp,7fe8a001e27bfdddcad936bb46f6a8e17194d26b
Rodrigo Roim,roim,resolver_dev_exp,a3b2205b4214d937b1c3f108bd6548edb3e419d2
Konstantin Münster,konstantinruge,resolver_dev_exp,356e5caf0ee4d23498a3caab3d71eb2bbbf84e7a
Flavian Desverne,Weakky,resolver_dev_exp,f9cb5ac6b0e857ac25f933a451003ed67a3e8995
Nick Mazuk,Nick-Mazuk,resolver_dev_exp,1ffada9a70711ac881bf353638547d707778f8b0
Adam Cowley,adam-cowley,resolver_dev_exp,9774d9b1e0a91bfb545401096fcef3e19888a2eb
Keyan Zhang,keyz,resolver_dev_exp,8e202610a4256a21f36fcb6f8cac965cc2c9be55
Matt Cowley,MattIPv4,resolver_dev_exp,c1fa78bf6c1b737f9337bda37711433673047d31
Robin Wieruch,rwieruch,resolver_dev_exp,bbd3543af443356ea5ee0271c0a60a5bb811edcc
Shumak Manohar,shumakmanohar,resolver_dev_exp,b09cda608c0871f4633fdd86de18c212daf9bbb2
Jeff Mendez,j-mendez,resolver_dev_exp,616e0d7ee88dd33d3fda793b790adee92468fee0
RasmusErik Voel Jensen,rasmuserik,resolver_dev_exp,8b90e6f148bcad498eaf5b299e2963e340b7873f
Ismael Rumzan,ismaelrumzan,resolver_dev_exp,25d93de9fe0a18734071aaae07dec69097907bc2
Vaibhav Sharma,vaibhav-sharma-code,resolver_dev_exp,eecf90c09ae2e39965191427776713c6b636e50f
Lsnsh Xin,Lsnsh,resolver_dev_exp,d14f9ce3e777336ce802745eaf95b4d6137eb591
Riccardo Giorato,riccardogiorato,resolver_dev_exp,49129e7860698fa95cb53eafb17833a9878dd1bd
Dinesh Balaji,sidthesloth92,resolver_dev_exp,19febb10c03280c200a00033a7d59ceded0d7923
Michael Fix,,sin_resolver,
Najmus Sakib,sakib412,resolver_dev_exp,084a0ca929c61240bb488fb8176c425985210d3e
Jeroen Knoops,JeroenKnoops,resolver_dev_exp,46c9deb064739239cb5e439b1efe96c33fffed87
Brent Clark,brentmclark,resolver_dev_exp,24d862cd6bf61fe31ef26a82c52e277b15411182
Benjamin Bender,benbender,resolver_dev_exp,1a3adaa5d93730ad9d5fbffbf368d1526007fc3e
Ivo Biaus,IvoBiaus,resolver_dev_exp,d1d29cc2637c1295b10e28b75a60461ded5e7f56
Nick Crews,NickCrews,resolver_dev_exp,0608f493dd07d7d299b193e5ff1808da77973c74
Colin McDonnell,colinhacks,resolver_dev_exp,7e165384857893a25eb59b800c5af585a7778c71
Lisa Ferguson,mcexit,resolver_dev_exp,b57a2c809d4abf925038f2603723a85de1d7cc67
Dinesh Rawat,ImDR,resolver_dev_exp,02f886a082f6cc8c550a7bee090dd0302fbb88bd
Ilya Taratukhin,ilfa,resolver_dev_exp,a4117c94b00f03d0ec8afda12779335391f4399f
Átila Fassina,,sin_resolver,
Bryn Dyment,karaokeyoga,resolver_dev_exp,123f75304280df055503dbf12055631474e23924
Mehran Mirshekaran,AldeonMoriak,resolver_dev_exp,0f5b1917df317dcaa7edb42f4a539387309cf653
Jonas Strassel,boredland,resolver_dev_exp,638e6d16f8d5fcf9892cef8908efa35c782a4165
Robbie Averill,robbieaverill,resolver_dev_exp,57965770b9b149b8f9ca5b9ab2ef8ac47b157493
Jesse Hattabaugh,jessehattabaugh,resolver_dev_exp,c4a22abb4c9fa3a9b33f8e4cc3276f5b5172d7eb
Kwon SeungMin,atikpersei,resolver_dev_exp,489beb94eed07d39309dad10e3cbbe3e355a9ea5
Ignat Zapolsky,iggyzap,resolver_dev_exp,2f9e2415e5ab376577858c5d0a8219fef98a1138
Jonas A Walden,UnknownMonk,resolver_dev_exp,81164fb912de2bbfe5ec23befeaa76151dea7ccb
Markus Gritsch,gurkerl83,resolver_dev_exp,8699abf2d66132ba66eef23467b07c89fc770aa9
Mike Francis,mikefrancis,resolver_dev_exp,8e807ca2030d1957cf5983007acd8d026afb1be2
Eli Oshinsky,eli0shin,resolver_dev_exp,f5f2660cba878057be45c2ac5aadba5a4166b968
Akash Patel,imaksp,resolver_dev_exp,d88f484e895e62b7583c7ff8d7959ba00bec968d
Tim de Koning,Reggino,resolver_dev_exp,9fb7987c6937dc226537a24d9ae76d8f56cf882f
Jonas Budelmann,cloudkite,resolver_dev_exp,742fa6590c47bd83f2e13d80a423f1a834e54cd9
Amirhossein Beigi,AmirhBeigi,resolver_dev_exp,bf8b835e2e1fd4b8364d7411d630d139478e8ea5
Daniel Rivers,DanielRivers,resolver_dev_exp,5602e6bc14b572f37940964008f2e2fb26e0c28b
Luud Janssen,LuudJanssen,resolver_dev_exp,5fe332186ecfa2b10a397a7be14c9509d7acd0ca
Radu Petre Tarean,2XG-DEV,resolver_dev_exp,06ee9d7ca0a121953dfe87f6f144385b84a6f407
Pavan Shinde,pavan-sh,resolver_dev_exp,2932b93253458c08762f082e057387274edf989d
Hamir Mahal,hirehamir,resolver_dev_exp,6434035f8de1d04b861cda660730d510d6e83d86
Emerson Laurentino,emersonlaurentino,resolver_dev_exp,6b8e499c7bf13914cca92f9da1737d358133ee20
Mehedi Hassan,MehediH,resolver_dev_exp,e89bcf7e3965783424468463c0cde0b45e32f868
Shotaro Watanabe,sangotaro,resolver_dev_exp,eb9d10fa8097fc6475c6d6a7940b8232fa7441ba
Tim Afanasiev,devnyxie,resolver_dev_exp,48e9cd9b60668c556f4304f8c082d7840db8f53e
Craig McNamara,,sin_resolver,
Colin Rice,crice88,resolver_dev_exp,079b507327a79b79d51df0b15c91d4b9578ce4a3
Thomas Foricher,codeKonami,resolver_dev_exp,480f3ab1246e4fa157ea0ac7c41bdc3ca16f6616
Joe Cohen,joecohens,resolver_dev_exp,86ab7531b2617619de6a9423b96604e7ce505a0e
Andrew Imm,andrewimm,resolver_dev_exp,ca414736ba2f97cb17b656a2acc8fc849c131487
Clemens Paumgarten,,sin_resolver,
Hyeonjun (Jello),guswnsxodlf,resolver_dev_exp,8676b0ffd6ce5b403ccb1a82d098c446cd68a03d
Robin Malfait,RobinMalfait,resolver_dev_exp,3141f076592016f08dc6489d67e82b7fb2ed3d21
Lukas Prochazka,ProchaLu,resolver_dev_exp,be0480256219e54bfd40461c28bd0d3d7b2b6e37
Pierre Berger,PierreBerger,resolver_dev_exp,bce78ba89c86214ef22d02f03984c7fb1830dd99
Cong-Cong Pan,SyMind,resolver_dev_exp,eacb749030038f4a111dc63d9c2df9a44097667d
Justin Philpott,justinphilpott,resolver_dev_exp,2a4887c30a5adb4faf764c6138a2d333df24c9fe
Gustavo Levano,emw3,resolver_dev_exp,2c709bb587955d65b16dddc13463a0f317a86aad
Andrew Nagy,tm1000,resolver_dev_exp,2301331703c118927b8d09811802d9d081a392a0
Marcelo Zapaia,zapaiamarce,resolver_dev_exp,ae7e53239a6efb327edef4271d32dc3ecbe7541f
Paul Ostrouskiy,pauIostrovckij,resolver_dev_exp,b0e4d8e44739ae1f318d3cf0be6e652665a05524
Martin Wahlberg,martin-wahlberg,resolver_dev_exp,c390c1662bc79e12cf7c037dcb382ef5ead6e492
HYEON GYU KIM,gusrb3164,resolver_dev_exp,cb4eaaab6d5477c2ef54b43624820c526f57e725
Rajdeep singh,officialrajdeepsingh,resolver_dev_exp,1c6485036020b98520f99c40cc5eca89a99e35af
Kim In Seop,opnay,resolver_dev_exp,132d3e8f972a6e38f2c9a5cb09aaaf8b36060070
Jay Kumar,jaykch,resolver_dev_exp,9bf811eea0028dcc4f74070e8a98c5d11da97d41
Antoine Chalifour,antoinechalifour,resolver_dev_exp,70dffd444d1c45521df38ea6e87f9848fc157511
Dave Carlson,davecarlson,resolver_dev_exp,9bb10b1cb3f8fa9ddd4e5f61983e6515b5e2eb69
Federico Minaya,fedeya,resolver_dev_exp,6b8307b2c00cc712dc1ec8d7682d7eee34d4ddd1
Mukunda Rao Katta,MukundaKatta,resolver_dev_exp,219c0bcee98484ee82689a186c7f235cd96083ac
Ryota Murakami,ryota-murakami,resolver_dev_exp,dbf22166ca306a5e4513f7cb68fdeeadc506a978
Oleh Dutchenko,OlehDutchenko,resolver_dev_exp,f7b9843b921cb1af830de8d75a8b81e3bed9f729
Petra Jaros,Peeja,resolver_dev_exp,1e9407459dc6612d16d89d17e25a1408da2167e3
Matthew Heath,matthew-heath,resolver_dev_exp,79f081994b924a86f4061a5ba9ffbc95e4d82956
Nicholas Rakoto,nrako,resolver_dev_exp,016920e3e03c2ac607fc508572af8d3af66125a9
Vyacheslav Konyshev,Sm1t,resolver_dev_exp,e6a6beb38d71a4b165a40ae211636baf6cfb5c27
Andrew McLagan,andrewmclagan,resolver_dev_exp,2c4a5739a10c45c907aaf727edbc25744202d146
Sylvain Bougerel,sbougerel,resolver_dev_exp,c5d401150edaf037c0cb2118c9d5a394095d2bb9
Brody McKee,mrmckeb,resolver_dev_exp,1d081721168bebbb08bb82fb458d5200def1f491
Joris Tirado,joristirado,resolver_dev_exp,21fadd33587cbdbe7697ae7ec978cf2fd5db219f
Taylor McGann,tmcgann,resolver_dev_exp,270559f7be055cbca425a1633d8044e142ed7a04
Tuan Nguyen,gr-qft,resolver_dev_exp,b173abaf49164e3a7fb0f41a3ca81a48fb58bd2e
Martin Sione,martinsione,resolver_dev_exp,2950dae1e0001466d678b36bfff51a323d569fd9
Andrii Bodnar,andrii-bodnar,resolver_dev_exp,aa54867e4e20d844f7fe64f9a6752034614c856e
Hugo Heyman,HeyHugo,resolver_dev_exp,e8aa78204aafe4b1cb97226d670b4474d536a683
Eugene C,opudalo,resolver_dev_exp,134bcf8d4c2da00b7993d82b2d729f7fc2d87bdb
Eng Zer Jun,Juneezee,resolver_dev_exp,48ce83fa71b7b2cd0ea59637afad42dc1a2322ea
Fabien Le Frapper,fabienheureux,resolver_dev_exp,e04d293da3409e494acd057e7e62e512a6621a2e
JIMMY ムン (MOON),ragingwind,resolver_dev_exp,b092ff72b9be4812cfd4a80b63478076170f6c6f
Konstantin Pschera,k15a,resolver_dev_exp,f813dd4a810506e62cf2982d52a5f324f566283b
Koji Onishi,fursich,resolver_dev_exp,430e71a38db549e99d8daad2caac160316aa30a1
Hussain Fakhruddin,hussainanjar,resolver_dev_exp,9752cb85d83a08bceacdd69dc69645ed20888beb
Povilas Versockas,povilasv,resolver_dev_exp,370ba8d05e28723e424979f7a0ae7c6ebed520d9
Stig Kleppe-Jørgensen,stigkj,resolver_dev_exp,9cda84b48434ae83561023487666e6a661b77141
Khawaja Junaid,khawajaJunaid,resolver_dev_exp,5223c9242b142caeb8ff8abba6b4c3afacab4a86
Luis Henrique Mulinari,luismulinari,resolver_dev_exp,76da32e43fc5aafc9787f53a772458e828febbcd
Mario Souto,omariosouto,resolver_dev_exp,6d8923768460c2c70ad76b68d8c206378976d091
Ondrej Maksi,omaksi,resolver_dev_exp,359e25af13bb61ce42683d54a2600601da1ba307
Fabio Benedetti,,sin_resolver,
Casey Ocampo,caseyocampo,resolver_dev_exp,44626ed4e5e9929b291ee2f8c047e31e2ea018a3
Pranav P,pranavp10,resolver_dev_exp,0b79b6d73d9a33999d8750c48d8c101a31484a00
Joe Freeman,joefreeman,resolver_dev_exp,73065bebe78c8891f0a424aa20257ec3f082176c
Ethan Arrowood,Ethan-Arrowood,resolver_dev_exp,3c06a5065a3923fd62405eee8e8ee9234af2bbeb
Kévin Berthommier,bertho-zero,resolver_dev_exp,05d4c9e729ba7cef2b386284e2285ae09445549a
André,AndreVarandas,resolver_dev_exp,057d338db438ae97ebae776dd46eb04520ac9e60
Ahsan Moin,ahmoin,resolver_dev_exp,13880d37d2de730e2a5bacb4a9b749d148c9cc1f
Natalie Marleny,nataliemarleny,resolver_dev_exp,cbacc8a43cc4a77c6d86df94c835b3dbf5b6f382
Christian Nielsen,christianhook,resolver_dev_exp,c8666a17eb3b32018296994f0ee56b994cf26ec8
Paul Matthew Jaworski,pjaws,resolver_dev_exp,22e3c699f682db9f54ba9c621babd2382e24c13a
Sakito Mukai,sakit0,resolver_dev_exp,7efa3babb7564217d442078d114f15599523facd
Nicholas Chiang,nicholaschiang,resolver_dev_exp,c21278999c00f5a69ee56a12aff335ee9a5d6f74
Jan Cizmar,JanCizmar,resolver_dev_exp,0a9148901b4d23ec2361137dcbf4e05955ebc95a
Othmane KINANE,OKinane,resolver_dev_exp,39ef77cbe644f66060efddd45b88ee83fa5bc3fd
Abdelrahman Mohamed,abdelrahmanAbouelkheir,resolver_dev_exp,3fcd1a1f28e422b41ac4bca9c3029788c52cfa2f
Necmettin Karakaya,Necmttn,resolver_dev_exp,c2f38f2af043a24220171d109f3b6a00b52e2089
Yuto Yoshino,,sin_resolver,
Tibor Sándor,tibi1220,resolver_dev_exp,b4d5ddb834076aed7f25481c74d0e5f71f9eb23e
Davide Curletti,dcurletti,resolver_dev_exp,819efed2c00f65295022fc564fd48c1812d764ec
Andrew D'Amelio,andrewdamelio,resolver_dev_exp,40b924359474771cd11c25bc14bfa44d2a7024bb
Cozy Indigo,indicozy,resolver_dev_exp,c7ab218db2e4edbbf56ab7eca793dae22d1ab6b1
Scott Parker,sparkertime,resolver_dev_exp,906da4c9ec76c0f75b3d7301cf23b3ab6131cb5e
Allen Zhou,allenzhou101,resolver_dev_exp,d96cc5c5d4178910195a29b300cd8938494bf24d
Anthony Mittaz,sync,resolver_dev_exp,7f471a446336180a6a02dc302404b8bc9dd45cf4
Jean Helou,jeantil,resolver_dev_exp,17420c785c23e56b82a7fd80490559a292db1c8d
Manuel Transfeld,auipga,resolver_dev_exp,75e138198d0723dee4d0488af8516c6e8c5a6ffc
Thongchai Kitiyanantawong,tanint,resolver_dev_exp,ba740460c8cac022e4718ca76a01009eef401a50
Jesse Hall,codeSTACKr,resolver_dev_exp,cce01badd823f3e797c45faa4fb032462a62fe0b
Sam Selikoff,samselikoff,resolver_dev_exp,d6f4cd33a1bb481d6fe6ae3dcff3fd68369298c5
Herrington Darkholme,HerringtonDarkholme,resolver_dev_exp,0d221fb9e7efc7b89e73ee0b1fe13420e1cc9724
"Sebastian ""Sebbie"" Silbermann",eps1lon,resolver_dev_exp,d3a6080777fffac5fae7374cfa2e59b71fbae8c0
José Olórtegui,olrtg,resolver_dev_exp,49d4f8af3b3375504c4f5280e0684673056be42c
Abdullah Mzaien,mzaien,resolver_dev_exp,208551fca4d22a49ce3d0186bbdef7dc0150b319
Lucas Feliciano,lucasfeliciano,resolver_dev_exp,ca521b36e6d3bff0aa12482253fae76c935cbbed
Michele Salvini,slv,resolver_dev_exp,affe356a9057220a22ec762260aaa5acaf3374a8
Stephen Mathieson,stephenmathieson,resolver_dev_exp,9165d753d06e578dbcb26b4877dcb19eb7bbec35
Jimmy Merritello,jmfury,resolver_dev_exp,001230e0a889b17cb2ee92448ee8128d22d3cf67
Mat Mannion,matmannion,resolver_dev_exp,3b53d9f5c6f36f0443fce4a7a2d37ca646e20f63
Mitch (a.k.a Voz),Zertsov,resolver_dev_exp,40356974d4b944994701379ce40f90f1e2822485
Adam Misiorny,adam187,resolver_dev_exp,3eca88609a7e85d155c6d3efe712745e46c5d65a
Jorrit Schippers,jorrit,resolver_dev_exp,f441a58da7a6be66c7247515db87e500e84424f4
Mohamed ElSaadany,sa3dany,resolver_dev_exp,e4f66fe911a99706968610ebe050f5152517f298
Kom ॐ,kn327,resolver_dev_exp,d58008279fc963101f4b6b7b9af95bc077e7c6d7
Anuj Bolewar,anujbolewar,resolver_dev_exp,aad56b54f3ce4eb1cb92e81dbd7473d85ecbf0f9
Bernd Artmüller,berndartmueller,resolver_dev_exp,72ce0991064eb047717b09418fa9ea9a83990d35
Tomer Aberbach,TomerAberbach,resolver_dev_exp,4970d7a0e84dfa4101f09a4476cb123759712bb0
Ryo H,ryo8000,resolver_dev_exp,ae524fb24499fb8caf5b70eb8ce4cc96a5301565
Alexander Ryzhikov,Coobaha,resolver_dev_exp,d10d80ce3cdca4d791280dbd1d5fc923906a36c7
Aurélien MANCA,noreiller,resolver_dev_exp,cfe66e74f3d7fa252482ae0e2ff1ece438b3f3f0
"汪心禾 Wang, Xinhe",wxh06,resolver_dev_exp,0affdebf67b0b94d409285906e250acb19b2cca1
Paul Klein,pkiv,resolver_dev_exp,82fe21f0a0a9f39ad7c6ee547e9a3ecd436a092e
Corey Larson,coreyleelarson,resolver_dev_exp,42abfd694d9aa35da77d58cb81542e77743bf817
Ben Schwarz,benschwarz,resolver_dev_exp,98227b273fbe7da12790571f70f2a334cb0c1c30
Dev Agrawal,devagrawal09,resolver_dev_exp,9e978cf64f2ef358caea8b2514b393bca3f77bbe
Shin Yeongmin,ymshin-dev,resolver_dev_exp,de18a9badc6161d75bef9c66eea0d3002c2364f4
Snorre Eskeland Brekke,snorrees,resolver_dev_exp,9d30f43aca5bc7c2bda91f3cb6f88aa0de8d46f3
Michal Jez,MJez29,resolver_dev_exp,1bf026610381b0bf4d5de2886f8fab9e5d50ad4f
Sung Hah Hwang,sungpro,resolver_dev_exp,c759abe8a4e2d710ba0e44d2447a576d6860d17e
Evelyn Hathaway,evelynhathaway,resolver_dev_exp,5cfb7a087845ad1e0d0a0943ad4dd2342f0d81ef
Markus Maerzhase,maerzhase,resolver_dev_exp,fa8ab993d06ef649247ec038412f0aac934b4d59
Evan Ye,jigsawye,resolver_dev_exp,030eae17bdfda37b8170ae1da0f3b4c0b3979663
Valentin Politov,valentinpolitov,resolver_dev_exp,5b268be6f3dc12a798208475cc8b252c02e26ef5
Shubhan Chemburkar,schemburkar,resolver_dev_exp,6fd207f5ce479d3548c1f1c0a595cdcabaa861ba
Gergely Nemeth,gergelyke,resolver_dev_exp,ebcde0364846c7a52057bfadeeef4976349ee6d8
Paul van den Dool,PaulvdDool,resolver_dev_exp,9039afe75bbde13666424a3c167cd0c34773070d
Vercel Release Bot,vercel-release-bot,resolver_dev_exp,64571418c373db9cfc20cdf0bdbd415d39fdb7f2
Chuns Chen,chunsch,resolver_dev_exp,e701c715f9984a75a58aac1df2560f1d10b14ba9
Ramiro Silveyra d'Avila,ramasilveyra,resolver_dev_exp,d72b2d6e36f951fdd0ed27053adf065342e506c3
Yuval Lotem,yuvalotem,resolver_dev_exp,fb1190425cbf90bee027f8c366f7b267706b100e
Yago Veloso,yagogmaisp,resolver_dev_exp,dfebdb75d9b8629a0e0bf5894183183d9f64a098
Cannon Lock,CannonLock,resolver_dev_exp,1710b3dc5d11619fa9dd00ba848b7958012e2343
Hung Doan,hungdoansy,resolver_dev_exp,904908cf33bda1dfc50d81a19f3fc60c2c20f8da
Thomas Vogel,tomsvogel,resolver_dev_exp,abe0aebcc0e5308f92086c30a8dc6942da4de064
Jude Gao,gaojude,resolver_dev_exp,4d621240c38ebceeac693951d7c6b04636632adc
Alex Olshansky,clbn,resolver_dev_exp,7bb7f535146fe1c13e86f85593f29d5b87efaffd
Amith Mihiranga,lwpamihiranga,resolver_dev_exp,669cad973134d42b9aeb75ef952914c8e82839b5
Andrew McCloud,amccloud,resolver_dev_exp,7f0f3ae940f85d274b5d1a9307cf7c24a3df9950
Nick Molchanov,Haosik,resolver_dev_exp,09bde5a053ef0e8c0300c11427fecc433a2aeb0c
Sergio Garcia Mondaray,sgmonda,resolver_dev_exp,eae1f6b7490861da4a3426752c1a2d56ae6e79d4
Stephen Gheysens,segheysens,resolver_dev_exp,adbe237d0c04eeaa44b88687ef2bbcde5312860d
Luc Gagan,lucgagan,resolver_dev_exp,399fa9cfa9ccf1c1e1fccc97f3bbe882c3a8b3c8
John Lombardo,johnlombardo-dev,resolver_dev_exp,5e4886cdb903c5c28bb588da9942c7ac583c42fd
Hoang Vo,hoangvvo,resolver_dev_exp,ee372f472ffcb07dd1b7c19f0c707f0260f55d4e
Jon R,jonrosner,resolver_dev_exp,89b8d5856e5f129ace3ed756f0da0f21bf1612c5
Jonathan Svenheden,svenheden,resolver_dev_exp,6659334930fa538754d6c975d5e0e524545ee364
Soheil Nazari,s0h311,resolver_dev_exp,20b115e827c43d7191740fc190f20ddaf89e536d
Yann Pringault,Kerumen,resolver_dev_exp,1352ba1dcf796be72601106416f2b93ad482e610
Reynaldi Chernando,reynaldichernando,resolver_dev_exp,74f425c503748c0075f6fc18c247e279aef31628
Ray Gesualdo,raygesualdo,resolver_dev_exp,17ce04014f08849e804710ca9932e75f996d876a
Jan Varho,jvarho,resolver_dev_exp,b944b06f30322076ceb9020c10cb9bf3448d2659
Motoki saito,stmtk1,resolver_dev_exp,b4089f3732bd1746451ef0b25b217e26c83e2c2c
Vitor Dino,vitordino,resolver_dev_exp,c3293b730e78c2eef590bc1a01b1b8d9d782a195
Nick Zahn,Manc,resolver_dev_exp,5909e677652e8bf437cb7e721e32a5f9f6d81338
Marshall Bowers,maxdeviant,resolver_dev_exp,8a6c57de006e2af58d52bb8646b9b4a433f7f797
Jeeho Ahn,iojcde,resolver_dev_exp,805361cbcb32c23d366a1e69034b48e88c6aedce
Adrian Hartanto,adrianha,resolver_dev_exp,92fdcc75d47ea01e0c8e63e06396e0de6e30f82e
Thor 雷神 Schaeff,thorwebdev,resolver_dev_exp,af1948bde169bada338527f0eb4d65d7fb078b39
Baruch-Adi Hen,baruchadi,resolver_dev_exp,e2fde26b5992186d2017ce6028310ad598a69157
Amirali Esmaeili,amiralies,resolver_dev_exp,4b6e9a45a376215758eedaa1877c6155ec239049
Daniil Grishkin,,sin_resolver,
Dalton Craven,cravend,resolver_dev_exp,0d7f7653e81a4f2aa16be7ead286e09b22761f52
Alexander Akait,alexander-akait,resolver_dev_exp,65e951e412e92447390ed44817490ab7193b5f6a
Seth Bergman,sethbergman,resolver_dev_exp,f5156b229765b04a5fcc42fb40b6c5bfccf823a4
Gergo Tolnai,geritol,resolver_dev_exp,997b37ace3bdab751a24ce65a841e743d5aa9b64
Rafael Laurindo,rafaellaurindo,resolver_dev_exp,984a78d545c94f06189af45c65504acbc3287493
Florian Hämmerle,lusbuab,resolver_dev_exp,401495bcd5f0d5d72429fb6ada1c3e8007fbb77a
Justin Elias,,sin_resolver,
Avi Avinav,AviAvinav,resolver_dev_exp,c57b687abbe189fc1c0309d99d75a74773361f0d
Facundo Giuliani,fgiuliani,resolver_dev_exp,a26bac96048c7231271b5947eaf80241e94ca2fc
Stefan Judis,stefanjudis,resolver_dev_exp,98233b914eba362c734731a1a5324e7aa86f33ca
Huseyin ELMAS,hsynlms,resolver_dev_exp,4fc19792d0763efa21881cd5652fcc9d6dd52ec5
Afzal Sayed,afzalsayed96,resolver_dev_exp,b95214e2cdee3ad15f8e0fff4121605b8ae640ae
Kévin Dunglas,dunglas,resolver_dev_exp,d8660bb05901f9c4d2f112bf7f813bc51c4aeeae
Christian Stuff,Regaddi,resolver_dev_exp,d94e8db531cd6af33aa650e3478b7fb45dcfcecc
Laszlo Heves,reyrodrigez,resolver_dev_exp,c10ac686b57171ce053d344094b7f2d2359abea9
Jarred Sumner,Jarred-Sumner,resolver_dev_exp,b8eba4f7038cfb9e66b8b18def445d377b00defe
Stefan Becker,stefanb2,resolver_dev_exp,dbfce34ead5125ed9b0b952d50f7b0e1ae43154e
Usman S. (Max Programming),max-programming,resolver_dev_exp,2caf1882d9ba351eb6324c99e6eb8cf759fad5bf
Petr Messner,messa,resolver_dev_exp,76a08c9671f3eb822adbf8d8a83b004a34cad7c1
Yosef Beder,yosefbeder,resolver_dev_exp,f8ec82640e8725c21d2996f1a7c6ed6f2d86dcd7
Artur Parkhisenko,arturparkhisenko,resolver_dev_exp,37d11008250b3b87dfa4625cd228ac173d4d3563
Alex Puertas,alexpuertasr,resolver_dev_exp,898f74e7292061180fdfbcfb580a527a3def03b3
Nakamura Ayahito,penicillin0,resolver_dev_exp,e5a0368a45c93afe53ad5535b3534923745e499d
Maxi Gimenez,maxigimenez,resolver_dev_exp,c01a93ad55886ff936f952b7cdcc89eb833b3aa6
Joachim Viide,jviide,resolver_dev_exp,d670198e7c8b2d8d40080f7dbd6f29df710f6a82
Ngô Đức Anh,DuCanhGH,resolver_dev_exp,f2f582c17fed58a791c72f292a026192078331f2
Evil Rabbit,evilrabbit,resolver_dev_exp,8fed0c3ab50b1a58db6c8e84bd0d7ed52c5358a4
Ty Mick,TyMick,resolver_dev_exp,c06a3c17315d23e25441e9413ebffdf132d4b057
David Vaness,,sin_resolver,
Ibrahim Ansari,retrixe,resolver_dev_exp,99fb191286f0061d7a42266148a4e29a3e9d6a56
Chris Yang,ysm-dev,resolver_dev_exp,11bd7725b5bec00c721033d0d1f3a74f96f3cc86
Maksym Pinchuk,maksympc,resolver_dev_exp,1ab1c4ca34d04d832d955a5fa220fbf5fc31e4a0
Odin Ugedal,odinuge,resolver_dev_exp,c486682b44ba74069fcf8ea809fbcdb3ab1dce53
Danzel Artamadja,notwatermango,resolver_dev_exp,90db858b471df08bb8b61b2223e492b284bba11a
João de Vasconcelos,joao-vasconcelos,resolver_dev_exp,3b8bbe197fcf4059f715bb3d2666f0a018878e84
Tom Moses,tomhmoses,resolver_dev_exp,107458887e7cb5125940e146e2974a9a018a8a2b
Sungyun Hur,HurSungYun,resolver_dev_exp,caeaa74dda7d6adac27d355c02d60fba712bdef8
Sayuti Daniel,mrsvt,resolver_dev_exp,26a6a37316a453232b060ba641426cf81aba06c1
Jan Sepke,jansepke,resolver_dev_exp,2bfbfea635847ecf76c1aa805cb49b8a6c8b515b
Brian Kim,brainkim,resolver_dev_exp,0298c722b15610837a241b849fe50f92e47ed1bb
Maia Teegarden,padmaia,resolver_dev_exp,09227b58bcc2add4619d975b1e984a9910e80a4b
Ángel M,Angelmmiguel,resolver_dev_exp,2ba6a9aff7ad8fd1bf3df5326626f32f4d01a508
Kunal Agrawal,its-kunal,resolver_dev_exp,ee9a13aaa0592102e229bb3e5959cebe0a7a060c
Stanislav Kozachenko,StanislavKozachenko,resolver_dev_exp,b14d9a42137ec666ec37489f8ebeccec4ef7f064
Johan Nilsson,Dashue,resolver_dev_exp,f3e6545bf5e407262a3b1c062a8761c7da1631d6
Nikhil Fadnis,nikfadnis,resolver_dev_exp,48e4c771c2655c4799dc05a66d0ef3dd8dfaa427
Changwan Jun,wan2land,resolver_dev_exp,b805180f158c425327c1557542ccc3863fec755e
Cédric Marcone,cedric-marcone,resolver_dev_exp,d3c710b325c4f8e6899b3c38638ddbe11904d250
Martin Groen,martyla,resolver_dev_exp,955cc82736f6e1e3913a8d94d549e40e5cf296d0
Samundra Shrestha,samundra,resolver_dev_exp,aed7f643e2d60a3eb58ff23e038b029afe00241c
Noel Yoo,,sin_resolver,
Jan Bejvl,janbejvl,resolver_dev_exp,b8057edd6e691db4549bbedf11a526e02f0d8f4e
Jan Klimo,janklimo,resolver_dev_exp,c11310b0f152c1aef20016c6dc0e2833c35badcf
Jarek Radosz,cvx,resolver_dev_exp,6ff13369bb18045657d0f84ddc86b540340603a1
Sanath Kumar U,sanathusk,resolver_dev_exp,9dba4be1324b6eabf3977c80815fbf0872889887
Cristóbal Domínguez,cristobaldominguez95,resolver_dev_exp,48e06e23401a41ccbb5e3e3e14c0e59e319cf0f0
Hichem Fantar,clicktodev,resolver_dev_exp,5fde19b6d9812befd6591729dc6e2952f0840db5
Shen Lu,shenlu89,resolver_dev_exp,0363cef4c0b0df4353c60a2594e1cbf421450b65
Muhammad Yasir Ghaffar,M-YasirGhaffar,resolver_dev_exp,c5b39e31fd32400fff00988dacd8d40dbc296d49
Sir Tangale,sirTangale,resolver_dev_exp,41b18b39597388ec83683eff701784ff752d0d3f
Mary Lavanitha,lavanitha,resolver_dev_exp,d13d1ba23bcddfec0829dbf3cd2d1a8337263ed4
Stephen McMillen,sclm,resolver_dev_exp,3e81809df44e5c36a52abc89b46bc53f18b83695
子慕大诗人,zimv,resolver_dev_exp,088f374c16d2f1fdcc4d0d541d52e68df844763f
Behzad Mehrabi,behzadmehrabi,resolver_dev_exp,d6e82484f4009ac901486b94224f8bed7144d88f
Toru Kobayashi,koba04,resolver_dev_exp,675dec04ca9f6c391439d10a6e33420509849248
Steven Tey,steven-tey,resolver_dev_exp,989233eba3107c4d993eef285b4443b7d3887fe6
Braden Kelley,redbmk,resolver_dev_exp,d08b3ffa50cd7defc5d33dbed84a02c97d19a553
Sumanth Ratna,sumanthratna,resolver_dev_exp,a35dedb7d3c5c7e0912c9e41bdebd9f971d6739c
Jordane Quincy,jquinc30,resolver_dev_exp,76fa80000a04baaa251112ef394653190fff88a4
Greg Soltis,,sin_resolver,
Gaston Fartek,gastonfartek,resolver_dev_exp,4f59c951492b9553c5f5502ecda8194c7f28715f
Brian Shanley,brianshano,resolver_dev_exp,0589a5e3179a7c53387ea2cfa03a552ab5bb1d4a
Kav Singh,kavsingh,resolver_dev_exp,8a2981746b7083bc60d75f4a4b9374936fffd50e
Ed Putans,EdPutans,resolver_dev_exp,75c641522dd3ee6e65ccbd52cc6dab36a599f7e4
Olga Polyanskaya,OlyaPolya,resolver_dev_exp,1b77e7ea3aa367bf243d3429e499c5421f27b919
Shaleen Jain,shalzz,resolver_dev_exp,cd1d9e0c35a5623d3d252917313d43b956e7ead1
Tim Feeley,timfee,resolver_dev_exp,b009ebbec6c5b2f89c03e2fd4d0a669d465b68f8
Fredrik Höglund,Ephem,resolver_dev_exp,54e45eb74dc83e6da2e945ce62bd10485b2538a6
Sadra Bahrami,sromexs,resolver_dev_exp,42b3b162dfebc8928f695ad55dd2b9d9c12aa3ca
Vishnu Sankar,iamvishnusankar,resolver_dev_exp,17aa4b458eea66253aa7fbd24b99ef11386e22d3
Pedro Sanchez,,sin_resolver,
Andrei Pfeiffer,andreipfeiffer,resolver_dev_exp,4c33c6b9fc5a9442a8ca2ce9bc991b581a87c2af
Daniel Stocks,danielstocks,resolver_dev_exp,44932612f82638207ab9bebdf159e10d0152fdce
Diptesh Choudhuri,IgnisDa,resolver_dev_exp,869aab39f1511bf4b65e27de08a14106a718f0cd
Md Rejoyan Islam,md-rejoyan-islam,resolver_dev_exp,b1fad8009ab33ee92fffc59261dcf02dfbab4003
Frederic H-F,fhfournier,resolver_dev_exp,ad97ca57df1d5217911c0a198bb1d2632097b04b
Volker Rose,riddla,resolver_dev_exp,aec4c00214a82097d07295b00f0af5f4eb24167b
Derek Tissaw,tissawd,resolver_dev_exp,05d887dc3bc31f18c3e630ea052251a63a4f202c
José Manuel Aguirre,jmaguirrei,resolver_dev_exp,7282f43f7b934c14976e68181a0523a680062a62
Piotr Zarycki,piotrzarycki,resolver_dev_exp,6935a9386870b6f0aff7c8b30de1f2f0c8bc2145
Greg Teixeira,greguintow,resolver_dev_exp,051351309f13215d80fb6aacab3bf6c7b0de5b03
Lucien PESLIER,,sin_resolver,
Alex Moldovan,alexnm,resolver_dev_exp,07f717061fdd25a3a5b120dc00bd575ec55dbcd2
jj@jjsweb.site,ijjk,resolver_dev_exp,a363a4ff6c0f285dc7a1bb770218e45d7da634a8
Adrian Bettridge-Wiese,adrianbw,resolver_dev_exp,3c84b3ac99e143cec08181616ec89d393e8dbf41
Pete Correia,petecorreia,resolver_dev_exp,9a930b69e55892ef31ff8eff5c6d6bc0151b7d7e
Imamuzzaki Abu Salam,ImBIOS,resolver_dev_exp,3b8a8f5cfd03d59289f4ac99473d443b2e2322a7
Carlos Pavanetti,pavanetti,resolver_dev_exp,bb3cce2315d73a48add52692a521b26f9f80caee
Eddy (Frontend Engineer),leejpsd,resolver_dev_exp,579ff601b441a6dd09eb2502c7c06479e3a09595
Yousef Dawood,yousefdawood7,resolver_dev_exp,a096e3ea7331946156a9e25127c1aad956d2c30e
Muhaimin CS,muhaimincs,resolver_dev_exp,ae8a49fe785054d874e1c8dbe861c59fd5fdbb06
Duncan L,duncanleung,resolver_dev_exp,d141b95603014b26ffd5c8512779580bce138d85
Aniket Singh Rawat,dikwickley,resolver_dev_exp,8ddcc6aedb6dcd424ff0e44c8d47450ae77a3723
Santi Dalmasso,santidalmasso,resolver_dev_exp,de6fc1cf359b94f4133909b3b86dd1910b8435f9
Marvin Mieth,ntwcklng,resolver_dev_exp,23d5ea916445344a36cc2433c732f1b13fd1de8d
Mathieu Céraline,mathcrln,resolver_dev_exp,a48b8db94fb30d73985dd36bbe8bf68624975e69
Kalle Ahlström,kahlstrm,resolver_dev_exp,2a87b33ff344c6ac4734498d9d4611d10c3aab7a
John Carlo Austria,,sin_resolver,
Artur Kornakov,fliptheweb,resolver_dev_exp,0e5e8881c08d2f13f2604327f3940776cc5c6a42
Nate Wienert,natew,resolver_dev_exp,97b964a18fdf97dab99473268497718947c43d2a
Luke Howsam,luke-h1,resolver_dev_exp,e82958ca781990f22033052b7530c0c030a14cfb
Gavin Kline,gwkline,resolver_dev_exp,112ef61103237b30d0a231ba26306172b45b867a
Tomas Dabašinskas,T0MASD,resolver_dev_exp,c0edf06d8fecb2a462f177c2e872f4084d2fe9d6
Jean Lucas,jlbovenzo,resolver_dev_exp,179f2e461cb6f537c326da2b29f112cc6a2b3e78
Dan Weaver,dan-weaver,resolver_dev_exp,13bac7c739a87fdd286567ec1ce42430f391affc
Georges Farah,georgesfarah,resolver_dev_exp,d5262c7286d82e521f312dd3883096cd84c8c0b6
Stojan Dimitrovski,hf,resolver_dev_exp,8659d47c0995f004550c9e521dd4e180b5c23f45
Sebastian Ong,SebassNoob,resolver_dev_exp,96d6a96dc3adb9c57dc05e11f13789260fdee502
Nick Oates,n1ckoates,resolver_dev_exp,1ea3ba06edecdbbf8d670861298a373322094993
Marek Lisy,maral,resolver_dev_exp,5efef452262235a19baee2e35c9acdb0c1cbd7e7
Elyees T,,sin_resolver,
Joris W,jorisw,resolver_dev_exp,5e9d1aae3d1c078878b3d8cdf81c307ad33552e7
Will Binns-Smith,wbinnssmith,resolver_dev_exp,eda426e158103fdbaf4ecdeadeb62da8724d632d
Sebastian Troć,SebastianTroc,resolver_dev_exp,4caf98efbfae9cc62233cd9e9030fa52db7c6375
Rodrigo Esteves,DevEsteves,resolver_dev_exp,9e5116975d770e84024d0291e8e0422d7a59ee5e
琚致远 / Zhiyuan Ju,juzhiyuan,resolver_dev_exp,59ea4e6a32e744f15c4a01c4fe933e8e6b54d96a
Dawid Czesak,David0z,resolver_dev_exp,e91f2b03091e92d5913e26314504442f80628942
Michel Krämer,michel-kraemer,resolver_dev_exp,c8457e3abffe61b99ceab9afefe57bbc7c61f114
Jacob Smith,JakobJingleheimer,resolver_dev_exp,e07161a563248b5e4430517b80607b60a99f5ef0
Christoph Stock,stockulus,resolver_dev_exp,5d039877a6fd015ec69fa56bb6bc2bb4029e814c
Adam Jones,domdomegg,resolver_dev_exp,f563940f69a95d9792e4c8f533611e3ae2671a08
Dominic Elm,d3lm,resolver_dev_exp,4345504b61289a4dca0abd55a173f8d3ed35d063
Yagiz Nizipli,anonrig,resolver_dev_exp,a278e94df5f7a2e651e34a88d5403d8847dd65a7
я котик пур-пур,mvasilkov,resolver_dev_exp,e0ff050402ae7d2e71abb9efaffd917d950c4c4d
Roman A,gameroman,resolver_dev_exp,2ecfdb8bf3c2782f539ed494f6442942ec6c1023
Ibrahem Mahyob,ibrahemid,resolver_dev_exp,7230976317e3efed66265e115c036c92ec52b239
Jason Robinson,jaywink,resolver_dev_exp,56a45f061a225b413df6e190de783293fe280a1b
Mohamed SADAT,moh12594,resolver_dev_exp,9cc6ba93aba7319afd562312ecb463afeeb1a2af
kevin sproles,kevinsproles,resolver_dev_exp,5e9f3102b840b2936a8f3eab2b9162007ddefa50
David Alexandru Ilie,DavidIlie,resolver_dev_exp,ba9f073cc28919ba894d64efaaa82ee50824c0fb
Jan Nicklas,jantimon,resolver_dev_exp,5fa40c806cad62d55da0aa24f9e548eb0392d836
Guilherme Prezzi,menosprezzi,resolver_dev_exp,3bd42b4d0bc3e967894f9bcf715d1c062f9a1c19
Michael Ward,mward-sudo,resolver_dev_exp,1be5f36123b650255a4b36a4e0cf0fdd2d707449
Peter Mekhaeil,petermekhaeil,resolver_dev_exp,caaa1be5c65865cb108696cbacf65d14e6f1bba8
Daniel K,FredyC,resolver_dev_exp,a03fcbf7eb944031171aec3a2cdc1003b30a8da1
Ryan Ponce,ryanponce,resolver_dev_exp,97a6a62a6be874c4c6caa66cb6a0778011f8bfbd
Kryštof Krátký,krystxf,resolver_dev_exp,33784f1342487007619ddb02ccef3167d5cd8df7
Alexander Grattan,agrattan0820,resolver_dev_exp,4942394bd90d73a447c5b370c3d9949c18dc807f
Ivan Jovanovic,IvanJov,resolver_dev_exp,f4c160ee465d78cb93050c5e2a4c2c19ea3b4bce
Remek Ambroziak,reod,resolver_dev_exp,3fc5f73dc9232acc67bcf9a24e1c2218a8c6dcab
David Pike,oddnavy,resolver_dev_exp,600b78c098bb9c1d4b6135df146e5948c1baf07f
Xinzi Zhou,imdreamrunner,resolver_dev_exp,9609fe453d8ce3e67ab89733f52643fc85c16b72
Iain Collins,iaincollins,resolver_dev_exp,5fa03f941d2d744d089e2e2bf9bcfaa334cc9451
Laurie Voss,seldo,resolver_dev_exp,23444fc74e3e69ec159219b0079e2021270da140
Okoye Charles,okoyecharles,resolver_dev_exp,829e2ebab6761df309fe3ce88ce1088d32a47726
Donny/강동윤,kdy1,resolver_dev_exp,9dbe6ba69866d73f228cb3b779a71208b11a300a
Neschadin Oleksandr,Neschadin,resolver_dev_exp,72ce06561fecbfde0db19dc93b4bad55e4560877
Indraan S. Toor,indraantoor,resolver_dev_exp,dda62b693e3e9cf9fd566085e7372c46c16fa14a
Igor Kowalczyk,IgorKowalczyk,resolver_dev_exp,ab831182bf9ee594bd6994b7df2f112fda492d33
Simon Podlipsky,simPod,resolver_dev_exp,be960ccd0247923436106831d14db8c9ed8d3409
Justin Eder,JstnEdr,resolver_dev_exp,9ded7aa9553a281eee009e5ce1ca0ba8f093ddda
Yossi Spektor,yossisp,resolver_dev_exp,23d71ff116f012b6fa5dbaaf591a4ae88f315844
Damien Varron,damusnet,resolver_dev_exp,55afe80c3165f1f8dc679631e84c7962629d9902
Sebastian Sebbie Silbermann,eps1lon,resolver_dev_exp,a4a30b80deadcb3f0b3cf679a7bc34dac5f2da2b
Nurullah Sevinçtekin,nurullah,resolver_dev_exp,e5a123e2545aaa8e5d80395e80271ecad0a9f7a3
Daniel Steigerwald,steida,resolver_dev_exp,c39e555353d68756da28c7cc305f632e59ac539c
Matheus Fernandes,matheuss,resolver_dev_exp,977bf8d9ebd2845241b8689317f36e4e487f39d0
Sean Beirnes,seanbeirnes,resolver_dev_exp,c87d742332f78433889a0f6eaa24c433da458e70
Arindam Majumder,Arindam200,resolver_dev_exp,846b46fde075504a1655bc479dc527625abaac8c
Jiman Jeong,jjm2317,resolver_dev_exp,c836b8ca064b509003689133ff07d1c867bd7caa
Sam Denty,samdenty,resolver_dev_exp,d9412b762114bd9f53e917afd6381aebf373223c
David ALLIX,webda2l,resolver_dev_exp,79e5615d2be19692b3d33da8f9581683ac8cdd4d
Sam Dornan,sdornan,resolver_dev_exp,0c4022e4195f6b36aa141967f0ec3aea33b0b580
Yusuke Hayashi,yhay81,resolver_dev_exp,885defd442fe2b5c5e75c4bf7e0c63cd1e1dfce5
Mike Plis,MPLIS,resolver_dev_exp,ea9fe972fb22f5afcd1bbb436b52f3836bc7d4c7
Hojeong Park,parkhojeong,resolver_dev_exp,64429129c0171bd8a3010d29f543c3283d8283cd
陈小聪,xiaohuoni,resolver_dev_exp,4559b05a347649c8b4972d8687471b3e73648706
Sam Robbins,samrobbins85,resolver_dev_exp,e0ca6de8323e762bbca48b8b14365e3dd6b5e471
김형록,hyeongrok7874,resolver_dev_exp,3dfb85d082d0b093bf48614b6180625930df412c
Nicholas Yang,NicholasLYang,resolver_dev_exp,a3c8d155e9aee88dc51d73cab8c4b9d75a545883
Johann Pinson,johannpinson,resolver_dev_exp,eab683b268f290071bbb29cc3adf6d118b8a2536
Chris Meagher,CMeeg,resolver_dev_exp,bdc20c26578e40ad88335c919d78057e6ddbec65
Ronald Stevanus,ronaldstevanus,resolver_dev_exp,b3c9737445158fde3f3a000f64a32ef18b96e977
Zihua Wu,lucifer1004,resolver_dev_exp,24400d1e61182242215bfe8e30d6903070db1248
Erik August Johnson,ErikAugust,resolver_dev_exp,76c0efb3dd039933cfb904236b3a9896c032cd1b
Eric Spishak-Thomas,emspishak,resolver_dev_exp,bb00a0914cb32103ba3ef91945d1ba65131b6b37
Jonathan Pollak,TxHawks,resolver_dev_exp,2872df525b19b06756e8c0f3c40d2d2e1c18e30c
Devin Wall,dm430,resolver_dev_exp,d0e72fd9fadcb1acfb595a779d87cd0762b08c3d
Jamie Barton,notrab,resolver_dev_exp,a0df9860c4f94508f60514d71f4513922ffd025d
Razin Shafayet,RazinShafayet2007,resolver_dev_exp,d8426d0d0462b4a7d9ebbbb84bf138fd1f34c847
Alex Parish,alexparish,resolver_dev_exp,5ed51c00492f89eeb9a1e4b096d08baf3af41783
Younghoo Kim,wherehows,resolver_dev_exp,037dacdad9d3578e42291e17d6ebf7eac79f4fca
Kyle Richelhoff,grepme,resolver_dev_exp,6685d633e1f4921c1df92a3dee317e16ffa99085
Dak Washbrook,dakdevs,resolver_dev_exp,24a71dcd72fd367d415367671efe6eff4d833471
Antoine Apollis,,sin_resolver,
Conor Dockry,cdock1029,resolver_dev_exp,dcac093b55ff605e4e89e98beddb929503107d66
James Burgess,jamesmillerburgess,resolver_dev_exp,1529b50af6304192d621ded1a439e3e74f422ff8
Penn Su,pencilcheck,resolver_dev_exp,ccc9ff22010a95df0e5a1af9be3a5687e8557c16
Danil Shashkov,shashkovdanil,resolver_dev_exp,2f325e0f69e3f1a92dbaddb1d5708038966e6791
Arthur Sedlukha,sedlukha,resolver_dev_exp,03d6b0d2c5db154a890ae7bae7b1348623cab339
Gaël Haméon,gaelhameon,resolver_dev_exp,cb6b4798f6be2e33faefb7ac69e3f19056b04e75
John Pham,JohnPhamous,resolver_dev_exp,d96a7e56a6ebf9bdf0341ab7bb341034ae5cd1f4
Lokesh Singh,Loki899899,resolver_dev_exp,a623685f44c743299cc422e3015861013cec72a1
Bülent Güven,blntgvn42,resolver_dev_exp,fc6e3dbc5b8528fdf27478f1bacff769af8115b0
Dyar Faradj,dyarfaradj,resolver_dev_exp,ae7263287091826332ee7338d7d4ea268676b23e
Ian Macartney,ianmacartney,resolver_dev_exp,85a03549301c2443cececd32ca63283ec648b39a
Sebastian Silbermann,eps1lon,resolver_dev_exp,0c74267e3d711abb08eb57b0db50f6fb6edb1638
Sloane Sturzenegger,,sin_resolver,
Luismi Ramírez,luismiramirez,resolver_dev_exp,1101fa2b07bff11d9cda7109e21dea790c3186db
Sean Coker,okcoker,resolver_dev_exp,09f235d9be8d3c6ae23bfad1baccdf68bd501390
Thor 雷神,thorsten-stripe,resolver_dev_exp,0d6b7e95eda6b91251658e7034d05f937117c456
Jaime Rios,,sin_resolver,
Steve Fan,cia48621793,resolver_dev_exp,a57fa7ebb1a42d4de98fa408f49c995520be5deb
Jakub Karabuła-Stysiak,,sin_resolver,
Maxim Evtush,maximevtush,resolver_dev_exp,173a461ef70aac3f8126bc68735d049d2b30d3b4
Benjamin Staneck,Stanzilla,resolver_dev_exp,4731e968b7e020d206ac889a69aac7367f71dab5
Tom Marshall,tommarshall,resolver_dev_exp,6a5bdb5d80c07884ea1615ec41f5ef164daeb6e9
Alexander Bluhm,alexanderbluhm,resolver_dev_exp,5ccf71a418a1c59b2679c7f9a774cd7c7fdf33e5
Tasuku Uno,TasukuUno,resolver_dev_exp,3f22490a59bf663e5d20d1c486c8111d64a278f9
Hank Lin,jyunhanlin,resolver_dev_exp,2ef8938ff05bb9739f110dc8d1cab54306fdf6fb
Houssein Djirdeh,housseindjirdeh,resolver_dev_exp,f87cf5c4e9e1f29dbfd659507a246789b8076539
Thiago Morales,thiagomorales,resolver_dev_exp,645f70128fb28abe1fc880bc8ab5cbb99a58c432
Hong-Kuan Wu,maxam2017,resolver_dev_exp,9b106db25a861f31f58e394826d1a0984a9c4801
Jun Matsushita,jmatsushita,resolver_dev_exp,b47395ab2f3116f44aafa50a2a23058d99fcbd79
Caleb Barnes,CalebBarnes,resolver_dev_exp,4865acc25723ea22ba3a8b087ece550d8fa2f5ee
Teo Stocco,zifeo,resolver_dev_exp,789a665a036ede0fc8006ff27d29ef38650f6efc
Miles Rausch,awayken,resolver_dev_exp,f0c646a3663811f3dd8cbcbae58c5dd75636d85d
Cesar Kohl,cesarkohl,resolver_dev_exp,d6c83a4fefc1dbadaf9249ac6ffb025f53b1ef6f
Ziya Fenn,ziyafenn,resolver_dev_exp,94d69bb84727a7312e076ba10ed99a9862afd750
Max Proske,maxproske,resolver_dev_exp,28dca134987867f75390158bed30c665a4465952
Sjors Smits,smitssjors,resolver_dev_exp,d31385597839329243a5be5e5bcf3e42624f32ac
Adrien HARNAY,adrienharnay,resolver_dev_exp,2abc4f2d6a2028c53cbce6518e20d53038cfe1b9
Jason Long,jaslong,resolver_dev_exp,4796fb3dd4171d6a81202ded3922eb3671270e18
Brian Lou,brian-lou,resolver_dev_exp,c781f40bd149c7714f05906be171a79dc507eaed
Dieter Luypaert,,sin_resolver,
Max Leiter,MaxLeiter,resolver_dev_exp,2e3e56d911cf7772deea1c2266718b9364d6451d
Leonard Martin,lennym,resolver_dev_exp,5747435d87dc8ae933abe18780d8a9dca8083225
Laith Younes,laithyounes-archive,resolver_dev_exp,3f9c469bca080ddf296def4e38a6cf8f9a3c31ad
Sahal Sajjad,sahalsajjad,resolver_dev_exp,136585e296ff1af605b9decba7b856620defbb2b
Joe_Z,Joe-zzj,resolver_dev_exp,aa66ee4df13f467d0fd3831d1342fd11d835f7af
r0b-,,sin_resolver,
Kasper Andreassen,kasperadk,resolver_dev_exp,c5931a43d3ac81883567a7a2b499a839528b1f0b
Kyle Satti,ky1ejs,resolver_dev_exp,d0cbf359dd3c3c60a71f00f04fc84daa4f3445b1
Kenta Moriuchi,petamoriken,resolver_dev_exp,bfab9907b1cf310417892248c9cb213e3c95e627
René Keller,rekomat,resolver_dev_exp,44081d0852c1b658bdb60d240999c74eb093be35
Arnar Kári Ágústsson,Arnarkari93,resolver_dev_exp,6ac2f4b74d3a9dc15740ca0b0c0ef7b79fb01713
Austin P,pqt,resolver_dev_exp,c10a841620825ae2524c1aaf01fd264895ec537c
Kyle Holmberg,kylemh,resolver_dev_exp,ed1eedaa9723026ae4b1e5368526660c18ff8c8d
Matthew Martinez,matthewdotexe,resolver_dev_exp,3dc2c1c7f8441cdee31da9f7e0986d654c7fd2e7
Sam Verschueren,SamVerschueren,resolver_dev_exp,fb9902842dd8ed6d22db6aa78c70ca6ac4ae105c
Kamil Ogórek,kamilogorek,resolver_dev_exp,241c510e5b301415c768b924c6d4473dadba2eea
速冻饺子,shuakami,resolver_dev_exp,2b5c714b577031840b1ecec6ea59c4ab591a169b
Micah Alcorn,micahalcorn,resolver_dev_exp,6f16cef3e2f5bfff569e46ab4f5fde7e7060e0e6
Felix Meziere,felixmeziere,resolver_dev_exp,3410106958c1d1938a0a7e50cc4896986ad5890d
Arseny Kruglikov,arsenykruglikov,resolver_dev_exp,3561baa5d425c846a028c4ccb783489a1d4caff2
Jamiboy Mohammad,jamiboym,resolver_dev_exp,3fd5b1c0b23546e1256f37ee7d705e255a4938e2
Igor Babko,igorbabko,resolver_dev_exp,48d3ab5c0e114f360247c9d84859ee94b3fdc5e4
Jorge Carrera Diez,jocarrd,resolver_dev_exp,1f561a67dd6e1a064c04d4a171a6416d6c256f62
Jeongyeon Lee 이정연,pa-rang,resolver_dev_exp,d476c91a9aef5cbfc9e668c740a2506fa53e577f
MH Rohman Masyhar,rohmanhm,resolver_dev_exp,275a65555aae9a900813df32277ea21784855225
Louis DeScioli,lourd,resolver_dev_exp,baf0bfab5faaac573f8488419ccaa918d95ffbc9
João Granado,joaogranado,resolver_dev_exp,8c6a4ebb1d9689b3b365b1fdfe911a02fa950d59
Artur Sedlukha,sedlukha,resolver_dev_exp,377a39a88ddaf3f82353ebce656c02bbae251576
Arsalan Khattak,khattakdev,resolver_dev_exp,ebd1434a847bb086d13fe4e6671b3b9f482e32c6
Kazma Endo,Amusac,resolver_dev_exp,dcbfff7789b84f39388228e6dab11456c446e269
Visnu Pitiyanuvath,visnup,resolver_dev_exp,abcf991d11131fe45298f57d3f98e5e23b7dfb3f
Renan Couto,renancouto,resolver_dev_exp,93e15a23b9776df67aeec01a989a9d24d80ea0df
Zafor Abdullah,ZaforAbdullah,resolver_dev_exp,93c59f02f81cfdeb0fc397412897024ae7c68074
Brian Blosser,bpb54321,resolver_dev_exp,5cf82f52d77f1f8fc322c80224dae937802e8111
Yang Sun,ysun62,resolver_dev_exp,a8d2c1ee9556281e9ea3c9a99a9c4e288cd269f2
Loris Sigrist,LorisSigrist,resolver_dev_exp,732a64dda9d33324ea54f059eab71a0814a58e99
Anthony Shew,anthonyshew,resolver_dev_exp,de5d1c3fed5c75a1f6df4770780c6ba762f8b8cb
Steven Kamwaza,StevenKamwaza,resolver_dev_exp,19dac217b6ea501f86b7f9f40cccd5433ff04c6a
Danyal Ahmed,danyalahmed1995,resolver_dev_exp,5c9bc5c8ecc645feeb03ca686cb887804a0cf08c
Matt Gleich,gleich,resolver_dev_exp,7d02abc7cebc3ba0fa20739aeca7dc4ba2928379
Josh Hawkins,hawkins,resolver_dev_exp,5bd3a5f1d12da896bcd2bb1cccbc679405caa08c
Martyanov Andrey,martyanovandrey,resolver_dev_exp,9e9e3668651856d096296f48e48f0d70705aeab7
Henrik Wenz,HaNdTriX,resolver_dev_exp,61eee15f68a53a8d459c2e0b93ef8483a811e72b
Ekaterina Anishkina,KateKate,resolver_dev_exp,07d9c92124ca65310005b32962d35b14db41ba4d
Shaswat Saxena,shaswatsaxena,resolver_dev_exp,43c11904d393817a7aac7b985bdd6876b6787693
"Bang, Jaehun",jaehunn,resolver_dev_exp,12713f8aa321d4c27218216898893e6a066ce25c
Mic Wehrle,micwehrle,resolver_dev_exp,27f517d27d1d261eb7209e244536c5b7659ee1cc
Josiah Wiebe,josiahwiebe,resolver_dev_exp,a64bae70a46d47715a8fe14e6b51a49bbd60592f
Ben Goerdt,bgoerdt,resolver_dev_exp,44b4070fe36e16274a9e1087ba98b976bfdeb9c3
Cully Larson,cullylarson,resolver_dev_exp,3707701cc9e9d03016dfc830d2d80a4de8517718
Robin Millette,millette,resolver_dev_exp,c27dff9b6421409fc6eb4f6d1f5fcd3064907396
Anindya Dey,anindya-dey,resolver_dev_exp,caca389cc1b0f5df43128750097844a5dcadf320
Xavier Haniquaut,xavhan,resolver_dev_exp,2e0598d02bf944bcea766120aa79ae1d82c2d95b
Matt DuLeone,mduleone,resolver_dev_exp,0e5a0ec4e0951fafe0a81da193f89920113e24f4
Muhammad Rio Ananta Firdaus,mhmdrioaf,resolver_dev_exp,202dcb0e322d703ee9613653bd712a2c3733d4e0
Mihai C,mihaic195,resolver_dev_exp,d7568d8058c306800ac107b0217e11c294b4fc63
Chris Patterson,chrispat,resolver_dev_exp,74a65332a49198be07e43fb11f7c2469b531436c
Pablo Saez,PabloSzx,resolver_dev_exp,dac715e8f7314d626c63eb49a5e9728ec2665fa7
Jimmy Lai,timneutkens,resolver_dev_exp,c427adf4581f45b6678756efcd543fad3de22ba6
Dennis Wilm,mrr11k,resolver_dev_exp,fd534fb69692fd7fcec4cf82db5cdfbfdbf237c1
Jacky Efendi,jackyef,resolver_dev_exp,fc082b923ef4a7594f66a33f287910602477fb4a
Kiarash Zarinmehr,Kiarash-Z,resolver_dev_exp,943209c05576b91b928e6df4201f4989f53d491a
Clément Dreptin,ClementDreptin,resolver_dev_exp,41be93223824d795521adde4d5cc0b60a667abe4
Sherri Cui,navandstokes,resolver_dev_exp,3d599a673b725132df9adcba42bea69a8976d143
A K,allpwrfulroot,resolver_dev_exp,b00a140d58b469f8489afb8025c21c3317f1ea56
Alexander Kadyrov,gruz0,resolver_dev_exp,6bb8407bbfa7cb3d90e38c4950aab7043e300546
Cody Coljee-Gray,codr,resolver_dev_exp,2a4737927b553b652eb47f5f65829d3a3b624ea2
David Hay,dave-hay,resolver_dev_exp,bebf3725a83f59b3c07635f985fe6cec368c1b0b
Atila Fassina,atilafassina,resolver_dev_exp,2fa33b351b0df93da7b62761e998823f228cc71c
Tom Greuter,ludder,resolver_dev_exp,213db224f36f43aec18a5b67ee502851c4386315
Kenneth Luján Rosas,klujanrosas,resolver_dev_exp,fb672478c130faaea5aa1e119d6c40077126ab1f
Jon Tewksbury,jontewks,resolver_dev_exp,4118660930de91fc579f93d68c6accfd1f85127d
Chris Stott,chrisjstott,resolver_dev_exp,a1eead87ea49f8ac3dd671ed071089ab3b99d62a
Corbin Crutchley,crutchcorn,resolver_dev_exp,cfacca5fad0b8e66b3badd7bcfac9e6af39d9ef3
熊谷 凌,FurryR,resolver_dev_exp,55046e234fa815b53db29953e6d6e2ac60c05387
Eliaz Bobadilla,UltiRequiem,resolver_dev_exp,1d026ec074d11009dc80ebe38fc7ec6c15194a0f
José Antonio Chio,imagentleman,resolver_dev_exp,7f798215b56aed87f23481f202bde4a691ce7cc7
Bryan Smith,bryanrsmith,resolver_dev_exp,b7eeb6c5824f097c7e81418f836e5e0f5966b9dd
Miguel Cast,miguelcast,resolver_dev_exp,1bddb118bc448cba579ba223fd9616a1b059129d
Sebastian Andil,selrond,resolver_dev_exp,87ccebf5fd9e2331c61cb58683436cafadb9004d
Loren ☺️,lorensr,resolver_dev_exp,a0911afbe0a091b7e77d5ad92ec28fc5488848f2
Yohann MARTZOLFF,MarDi66,resolver_dev_exp,8ad018fb35a916066037269199c1cc795cf65258
Steven Eubank,smeubank,resolver_dev_exp,d3c292dd4abba9f91ddf2feff5f9ad935e52c052
Zach Waterfield,zlwaterfield,resolver_dev_exp,25021473a5f73f6b9a33daad07752eb1b3c66091
CJ Dunteman,cjdunteman,resolver_dev_exp,b3b8836e172d5c3e2f30c128258d1771fe385d84
Niko Sams,,sin_resolver,
Mustafa Ekrem KENTER,ekremkenter,resolver_dev_exp,dab1c320bfa249a5ec0ab16a58237f127575901b
Henric Malmberg,,sin_resolver,
justin hook,justinh00k,resolver_dev_exp,ff45e1fc90cec997ff75b05e2b93cb6e03d584c7
Riqwan Thamir,riqwan,resolver_dev_exp,825eefe7c0492c6cdc2d464f2679c40c27512e16
Katsuma Ito,ka2n,resolver_dev_exp,2e51e1bb9bcf282f9c1802c6f7662e07c9b4a42d
Radovan Šmitala,radeno,resolver_dev_exp,1aa965226e55d054112d229369e74756f2346fef
muhammad syaddad,muhammadsyaddad,resolver_dev_exp,19421c37928da8ea8758c9cfb2dea869f340ff69
Drew Hays,dru89,resolver_dev_exp,4881cd346b8155314c02a6996538fb48d324111d
Iurii Kucherov,yuyokk,resolver_dev_exp,99f2d2a1099964aaa389d4a488f0ec1a96ed3100
Orta Therox,orta,resolver_dev_exp,504d478351ee30bce1700370601b32bad6ae2415
Yuji Matsumoto,queq1890,resolver_dev_exp,629884af7d3ced97b8c2ec7aebdfb1a3a5d808f0
Chenguang Li,Athrun-Judah,resolver_dev_exp,067ff4e978508a3149a3f886e4af51d693e13c9b
Gary Tyr,gdborton,resolver_dev_exp,a4420747ab209cc92d2b6c0000c25ecc1ae14cb0
Jesse Koldewijn,JesseKoldewijn,resolver_dev_exp,3734ae889047c1dd9efafd75435408fd2a291833
David Nguyen,davidnguyen11,resolver_dev_exp,3e8d2b37bb8af7e5bfa447d86345306134f0e2fe
Sung Ye In,syi0808,resolver_dev_exp,0dbe761e5292348004106aac16a04ab4dfd5f748
Konstantin Popov,KonstHardy,resolver_dev_exp,5f38b18b102b22a5e3304c2d14e1459641b12e00
Soham Shah,sohamsshah,resolver_dev_exp,46a85b4e6f48c35d785a113434f038b7879313be
Justin Chase,justinmchase,resolver_dev_exp,52dd42a6bb9f0a45af1fb5eac773729b031e8fb1
M Pacer,mpacer,resolver_dev_exp,3bbfbfad5c7a269cb13a08f076f949c1865d1db2
Mario Beltrán Alarcón,,sin_resolver,
Johan Mattsson,j-mattsson,resolver_dev_exp,bca89623035cbb40972b9b38c5b4bb5af8842315
Chad M Fennell,chadfennell,resolver_dev_exp,d0b0cf0fbe121f68c20e3884e3b261edab456d0a
chencheng (云谦),sorrycc,resolver_dev_exp,86f384fc5fa6d61189c2983e16be98ebf6ae0143
Luba Kravchenko,lubakravche,resolver_dev_exp,8ed2b27553fe5912be4b90d9c00267ed703e8b9e
Justin Pfifer,jpfifer,resolver_dev_exp,3f20b46b59c6a91fed562cffc842e1db79727539
Manoj M S,Manoj-M-S,resolver_dev_exp,6d6925765d605a211a76c12b2dd1c08cb0bd9b65
Christian Rebelsky,crebelskydico,resolver_dev_exp,b9ffa843035f41857d7d5532d4ae47a1246cfcb3
Rakan Nimer,rakannimer,resolver_dev_exp,8f77713028893c5a9fe70c83641739f4749b55a6
Mikhail Stankevich,MikhailStn,resolver_dev_exp,1e601b6b8bb3dc6e1c2ae4ea739ee880ba4b299e
Brent Ertz,,sin_resolver,
Callum Silcock,csi-lk,resolver_dev_exp,cc34ea52ff043606cb2fe62afc64fe177cf7dbd4
Yunfei He,hyfdev,resolver_dev_exp,45515716156a8c9b82007242185c65cb56fa00a1
Dmitry Vasilev,scythargon,resolver_dev_exp,4347fa4d569df6a00d59a163b05af350212b5246
Diogo Cardoso,nip10,resolver_dev_exp,12f7e0d3995b680499323cea4c9d64286f711480
Sigurður Gunnar Njálsson,Siggnja,resolver_dev_exp,abf6e74e8d79c096f2c035d4187fbae86c1b4ac0
迷悟,mewcoder,resolver_dev_exp,57bbc59028a705ecbeb56e6f920891df2d0db214
Štěpán Granát,stepan662,resolver_dev_exp,49ac27c137b336aea57f594b62b4129d7d287660
Shane Rogers,phoenixbox,resolver_dev_exp,308c2beca2743fc99732be96eea4505234bb302c
Zach Jaensch,Zach-Jaensch,resolver_dev_exp,15915c34692ed8199817873b1c42fe1b623839ae
Steven H,emmerich,resolver_dev_exp,d9ce336a13b84e52980dee31ef8c68316242d403
Ondrej Sika,ondrejsika,resolver_dev_exp,d7a6cddde6a37a7c09234ba865a6a5baa2dee8c0
Piotr Tomasik,tomasikp,resolver_dev_exp,78775954f2384d75f8ba0a2775cfcf7e5a50f355
Tal Ater,TalAter,resolver_dev_exp,89b69865fb2a41d65a8e827ea829f2ff8ce83a1f
JP Lew,,sin_resolver,
Maciej Kasprzyk,maciej-ka,resolver_dev_exp,02cd4843f83f837ab448a5284004e34d68623381
Lucas Machado,lucas0707,resolver_dev_exp,abae1734d85f453e0f4d56af073df8a8a276ea40
방성범 (Bang Seongbeom),bangseongbeom,resolver_dev_exp,0a48d557c12a1389e16e172b20c099e5811dc1ed
Ali Tas,alitas,resolver_dev_exp,91065e39283337790325785437d0a3239f3a0b80
Jack Tomaszewski,jtomaszewski,resolver_dev_exp,17773a620347e255bc011f8c831d16a3931eead1
Wyatt Fry,wyattfry,resolver_dev_exp,16a2c64cf53d0f201f800609222928f58b2e83a3
George Pantazis,gcpantazis,resolver_dev_exp,56ad5121a11368ea7837c8dabf073994522e93f2
Adebiyi Adedotun,,sin_resolver,
Stanley Hong,stanhong2,resolver_dev_exp,e4a9f09d45541399627730b9bae353780e386f2a
Mark Ladyshau,mrkldshv,resolver_dev_exp,054f786c8c59662c8e0e78e3c1af00a6e7a071fe
Enzo Doyen,spidersouris,resolver_dev_exp,4e79cef37961fb0389f4f8894959784ba202c469
Lar Van Der Jagt,supaspoida,resolver_dev_exp,c4567a1a813c2b357e6c2857c80ac50d0d29c007
Arthur Denner,arthurdenner,resolver_dev_exp,d2ab9bcc85f8ee38912eefe7866a8b023421cac4
Zain Fathoni,zainfathoni,resolver_dev_exp,77a2eeb194969a685b71a65e8c4f4621e0ffa4f6
Javier Alcala,jalcalav,resolver_dev_exp,8a326345b941bbc9bd6c923c41c00b5ee8511abd
Wagner Camarao,,sin_resolver,
Fabio Espinosa,fabioespinosa,resolver_dev_exp,23c3ef88c98796b0b3baafc5be083ad73a980a04
Abdulhalim Kara,ahalimkara,resolver_dev_exp,69aa6475357e5af091413abcb7bb7a735bbf9edf
Anthony Cerbic,Acerbic,resolver_dev_exp,4be4452fd8ec1a7def00b15f86b2e258d22cb4d2
Rasool Dastoori,dastoori,resolver_dev_exp,603b90ce02851c3df0d40045f780be7e4e278be9
Bruno Eduardo de Souza Medeiros,brunoeduardodev,resolver_dev_exp,94c94180912d2f8238f19fcc9710c4ded07e386f
조계진,chogyejin,resolver_dev_exp,172f3e3dd9b89dfb1e18f0452449ce6102172a5d
Adrien KISSIE,Fredkiss3,resolver_dev_exp,72cc94013c2edb8f23b0c3655ddb6bfb8fd2468d
Brad Cornes,bradlc,resolver_dev_exp,ea1cdb26878925effabfff483e733707a4b2a96d
Diana Gouveia,dianacpg,resolver_dev_exp,db188e480f32131b26631671141c91f4a6e1c9ee
Bhargav Ponnapalli,imbhargav5,resolver_dev_exp,5187d142eadb20f3ba23f4b637ae59f5a24e64c7
Admon Sasson,,sin_resolver,
Thierry Charbonnel,thierryc,resolver_dev_exp,4cab5228a06cef0d79a27a9ace14fe6ef7f9e59b
Serkan Bektaş,serkanbektas,resolver_dev_exp,0c0318e75bd3ba3917b576dbe904389245c63949
Dan Zajdband,impronunciable,resolver_dev_exp,87e01f681bc2d82e59ee30c026180d6984157a34
Anthony Short,anthonyshort,resolver_dev_exp,61c4cdb501eec8382c79b841c2a273846b8e9b53
Sebastian Sycz,youhosi,resolver_dev_exp,76673fd880859103c20d9dc880da971e16b9294f
Jan Amann,amannn,resolver_dev_exp,151b415c9df66847936e66421bae463a83e173b8
THE FALCON,FLCN-16,resolver_dev_exp,7e57432247cf4b418ee614a43dc82df9128e61d1
Jashn Maloo,Jashnm,resolver_dev_exp,7dec91175cb69f773fa623417e0e497acc606dc2
Paul Xu,,sin_resolver,
Jerry Green,jerrygreen,resolver_dev_exp,b66c34eac375ae080412e29f0d9651ba77d8d36e
Ray Wong,rayrw,resolver_dev_exp,9a1798b69dd2e2b39f3af3fb488f9eef0048473f
François Best,franky47,resolver_dev_exp,e4158f6cec77fc6afa9a072b2b81267fcb88e18c
Jack Moore,jtmthf,resolver_dev_exp,ed2ca820b0b3b7fb811c4c601f20ce591574c6e3
Xavier Coppens,Reflex2468,resolver_dev_exp,504a52aa1f993e91ea63dc807eb2d8e40ee6d412
Pekka Enberg,penberg,resolver_dev_exp,45ee4ed2600e12a71d2b9017cd59969889e9a777
HYUNSANG HAN,HyunsangHan,resolver_dev_exp,7e1d174e8eca04422c840328888235c2a76d8e78
Nat Welch,icco,resolver_dev_exp,3f91f80ede3fc349f353e1ee6d2061e9dfd7807f
Daniel Cavanagh,danielcavanagh,resolver_dev_exp,3075c3ff713abe44c45278443a3e9f2c85189ff8
Muhammad Musa,MoosaSaadat,resolver_dev_exp,f743aa18336253e13be9ff37aefc26fd3e5ced26
Juan Silupu Maza,NavizDev,resolver_dev_exp,63bfbfff542af2b49cb916fe31e50c6cdbc57157
Nikita Brancatisano,thevinter,resolver_dev_exp,4f1d95b963fecc53e5ec7b75126eff59547c26eb
James George,jamesgeorge007,resolver_dev_exp,83a09eee03586682665e6a3222c29f1c8e33f5bc
Zach Bialecki,zbialecki,resolver_dev_exp,f412547248925202d6da0cd1f5cb85d07dbfd289
terry chay,tychay,resolver_dev_exp,c0e4b56fdb5ef5d90901c3f2a5c2fadd29d92825
Wes Bos,wesbos,resolver_dev_exp,c29810dc352cc847583a81e6edf6b3fe4c24330d
Baris Sayil,barissayil,resolver_dev_exp,801acad17a8103be2338a4bba834b2c91a7e62e3
Liran Cohen,iliran11,resolver_dev_exp,b7efb3fffbcb9839b7c12e39c6b43c0cbe485027
Kit Foster,kitfoster,resolver_dev_exp,e30dd09f29cf4a82c50c7719a773a388e98b3ddc
Gonzalo Pozzo,goncy,resolver_dev_exp,637ead09e238d256b5eea9a934a46499ac8f9ee1
Angel Gomez,feute,resolver_dev_exp,9a548b649f541d2e0631102b2a4dc40edff7b1e6
Aurora Scharff,aurorascharff,resolver_dev_exp,93a506076a1e025bd5bafd3a16e43732d69a0fd2
Ethan Mick,ethanmick,resolver_dev_exp,9a082062426ca8d3c20af8d5eac74b7a70d6a593
William Mbotta,sepiropht,resolver_dev_exp,87e0c3d6eecee17686f58693a04fa11624bfc6db
Laura Beatris,LauraBeatris,resolver_dev_exp,d96de6ea6b52e152388c6b6a8ef40a1fe61acc6c
Mikhail Tsyplakov,jaybekster,resolver_dev_exp,2a282a40815a6d0769f5de99d08b8b00db2a19d2
Rudolph Gottesheim,MidnightDesign,resolver_dev_exp,5e46e37203adbcc66e50083d859ecf899b1e5049
Alexandru Tenie,atenie,resolver_dev_exp,8ae08b94d8737cf421c4c07327c594fa17f5c9f2
残月,Chastrlove,resolver_dev_exp,5b21f09184dbaecf506878bdb0b83c3086ca0499
Mikiyas Tibebu,miki-tebe,resolver_dev_exp,6d715f78bfee1e491e91eda4ef60d4f95c1a02aa
Oriol Collell,oriolcp,resolver_dev_exp,eba9da09eb1d374a0dff5e782b9791bb76759524
Florian Boeck,Rhynden,resolver_dev_exp,8856f49f50b7d3baa431b216f53f6aaf13953bf6
Vladimir Bagdeev,Shireee,resolver_dev_exp,8b17a636bc9169e05eeed5df77553b725de29d45
Lucas Wiener,wnr,resolver_dev_exp,80ec93d1bb20c4ccb9240c8633e19f9664029355
Simeon Griggs,SimeonGriggs,resolver_dev_exp,70d357a3ea87f9910248dc1bede8aacceb0fb940
Hugo Meissner,hmeissner,resolver_dev_exp,573692c137c22f1fb92dbdd796af1bf32d19c03a
Shun Kakinoki,shunkakinoki,resolver_dev_exp,fb58d95db7a703ba1b0132000882716f44a0200e
Lucas Vazquez,lucasvazq,resolver_dev_exp,790261682bb4b62c1504d79ecb14f38add2074c0
Darsh Patel,darshkpatel,resolver_dev_exp,f9f0f335e649ac14b0ec10b1ebeeafd36bedaccc
Chris Weber,chrisweb,resolver_dev_exp,71ef3e555a167633ec21113371ae7239b68cee6d
Bertrand Marron,tusbar,resolver_dev_exp,a48c80415dba3f44b231dcdbb1e6f8f8e2923343
Igor Crispim Diniz,IgorCRD,resolver_dev_exp,2f1b15c6741c70c776dbb7d5f9373c4f86fe954f
Kai Malcolm,velocity23,resolver_dev_exp,39fcb8d338da23aca78a815829bf32708018b299
Miguel Afonso,Mr-Afonso,resolver_dev_exp,6a11e22e2daee604a36c9d40ca794bc4d14931d4
Derek Fry,frydj,resolver_dev_exp,2e99440eb274314fc39beabf353e8b1cf26cc0fc
Sam Bokai,sambokai,resolver_dev_exp,6ca26bd96033bd0b283c2b7c9172ef88849d7a09
Andre Hsu,andrehsu,resolver_dev_exp,a47d47e07a69e5aaa4813533f84b451d92c281c3
Lukas Böcker,lboecker,resolver_dev_exp,36ddadae3aa788480be696b4fef0aa03fd77c4d2
Justin Noel,justinnoel,resolver_dev_exp,d6ec10a4bfd9d9a71ced2ec9c0c639f753e939a4
Joe Bernard,joebernard,resolver_dev_exp,d434f1dde12d756ead01f31693873274e70880ce
Izzy Vivian Dupree,idupree,resolver_dev_exp,6cd6c2ef7486b4711fe259a04a55e1a7d0df7df4
Masato Nakamura,m-nakamura145,resolver_dev_exp,946c15fb2cd6408f497523dc745fa2deba03c306
Alexander Nanberg,alexandernanberg,resolver_dev_exp,20768ff3725c3a3b5c822525f36868b513410a70
Johan Holmerin,johanholmerin,resolver_dev_exp,e87a377b1b1ed436cd44b9a72073cf3aa5816122
Petr Huřťák,Hurtak,resolver_dev_exp,9bc681bea1e77ed083a1f90c41de706200bd1a89
Adam Stankiewicz,sheerun,resolver_dev_exp,9c9f0609a08284907b4d97cfe35e5e0f498202f4
Vincent Grafé,vgrafe,resolver_dev_exp,d7856c6698f3f88ae7abde1b28967607d3558ebc
Alessandro Grosselle,ale-grosselle,resolver_dev_exp,456d8e7b8c0f1f11fa9d290ccc916c6c686d5081
Luca Krebs,obendev,resolver_dev_exp,deee6f3089e3f4407ef5b8882ba00a273a50df8f
Bernardo Belchior,bernardobelchior,resolver_dev_exp,f23f57f692943e112798b8f5ac6572b653370171
Oscar Busk,oBusk,resolver_dev_exp,6e4429114b95aa43cfe2b961caaf3d7380c0ead7
Artem Samofalov,dex157,resolver_dev_exp,2f7d743050b4d0ec6486ec71437988c6ee5b4049
Rakibul Hassan Rifat,mrhrifat,resolver_dev_exp,7ee495ef59af080112f5708a036fc9cfc57decef
Samuli Asmala,samuliasmala,resolver_dev_exp,ed1d0241db210f484beb1cc5ee5bd191816f0048
Luis Alvarez,lfades,resolver_dev_exp,cd0eb34752ede414ce594f65a838bb233a700f9b
Michael Herold,,sin_resolver,
Santhosh Sundar,Gigacore,resolver_dev_exp,1e8017989db893cdd3695b19d3f63d893cf6a79a
Thiago M,SevlaMare,resolver_dev_exp,cd4798415259e932a18b91e883cb76f754067f0a
Dan Williams,danwilliams,resolver_dev_exp,2c8ab89e379749a73723f2a3d079fa6e16be0182
Eric Bidelman,ebidel,resolver_dev_exp,6e6533c97cc8994357e2d6404f14e4f33ff82ee1
Scott Polhemus,ScottPolhemus,resolver_dev_exp,d015bac65f8eb8a3d6acf21ddcbd4e717dcf37fa
Abel Tamayo,abelta,resolver_dev_exp,69b236b97602e59a9561d20a0d0ed66b8e746218
David Corwin,,sin_resolver,
walker flynn,walfly,resolver_dev_exp,8f3eb01193d2286d7ecfc167ff3ac2f17a57c215
白宦成,bestony,resolver_dev_exp,5a627019e98271277190a842e6d00cfc40d84936
Gustav Pursche,,sin_resolver,
Stephen Cefali,,sin_resolver,
Charles Stover,quisido,resolver_dev_exp,f9ed7954bf151bcace8cf731d29f537c1d164103
3λiȯ+,eliot-akira,resolver_dev_exp,9d86c1224caf507b0fbf2397aedb46936b587c9a
Eiji Kitamura,agektmr,resolver_dev_exp,73b5d69e276645af0c33b1f9ac5de8f602773c61
Matt Greer,city41,resolver_dev_exp,e0980f7a454073246927d638009799d10ab609f2
William Bout,williambout,resolver_dev_exp,a6f714cbc9cf6f4538cc61385d81a3f1cb90c82e
Karl Sander,karlsander,resolver_dev_exp,13a4d29bf135a80ae13589df82ac16dad6e6e092
Tyler Evans,tylev,resolver_dev_exp,066f6941330e66bf511ecb6784e25dce8386292e
Matthew Webb,mcwebb,resolver_dev_exp,9ccbb1f5bfcc3161f0c378644e3bc3d432e5a340
Pascal Birchler,swissspidy,resolver_dev_exp,a411b3550887e12145ea07bbcca60b170ca243fd
Maurício Mutte,mauriciomutte,resolver_dev_exp,cbe0407b8b77d4cea988e766b7a6846f21017b83
Luan Devecchi,oluan,resolver_dev_exp,23ce41e2bce521b55b9e17e5600dd98e9dfe6955
Tyler Lutz,,sin_resolver,
Vagisha Nidhi,vagisha-nidhi,resolver_dev_exp,d43d305092f169ecbd6cbd3b591a73b9406df8c4
Juan Gallo,juanigallo,resolver_dev_exp,e1d9ae27f048c44b108cd9c9691a98590abe0e93
Rubens Armôa Lopes,rubens-lopes,resolver_dev_exp,9ceccbcf82fc514fa077ef13b14242011a82f41b
Saurabh Burade,saurabhburade,resolver_dev_exp,92db7f165df370cdb541b7a145fc4ee07206df08
Andrew Clark,acdlite,resolver_dev_exp,5b10604925853d8cd0bee61eb49d4894707cf7ac
Ícaro Guerra,IcaroG,resolver_dev_exp,39712ba246f748a26b52ee83d4da7a8f078e6c80
Wojciech Grzebieniowski,g12i,resolver_dev_exp,e570ad4e56b494e0b2c2824d3ef71f30741412d5
Kazuhito Hokamura,hokaccha,resolver_dev_exp,7a9ee4b9e504647e99a84afa96419ccd97744e1a
Marko Djordjevic,,sin_resolver,
Vass Bence,vassbence,resolver_dev_exp,6bb70b977184712512f582257748b8c4ff8eff77
Guy Bedford,guybedford,resolver_dev_exp,234e1c9601ae8e4e399d53c61805b59a0750bed3
Abhishek Garg,theabgarg,resolver_dev_exp,5a16b1a26f6c213776deed9ac465e2bc81cdf5f3
Leon Daniel Thorne,ldthorne,resolver_dev_exp,d2276179bea211fa9ad9b77b46df26271f53c768
Mohan Raj Rajamanickam,mohanraj-r,resolver_dev_exp,fb10b2cfb16afeab13da0bea266df4d4b8c04b56
Jake Jarvis,jakejarvis,resolver_dev_exp,f3088266038543814b3151ab0965c6c9f961596d
Federico Manuel Peralta,peraltafederico,resolver_dev_exp,d07ae3484f3ac9791301f33d15f53986b1000474
Natt Nguyen,nattstack,resolver_dev_exp,9e15451e990cfeb7ebae2c45f1e7616f36125953
Anton Petrov,eolme,resolver_dev_exp,a104cf683888991cafc1762c443dfa9f0d1ff4c9
Denis Lukov,NeXTs,resolver_dev_exp,6285cdedf271b3d911da13fcfad7299622f08af5
David Baumgold,singingwolfboy,resolver_dev_exp,72a898a7be92f3e85fc0e92c5519dba34d1bc5b1
Alessandro Cifani,acifani,resolver_dev_exp,615f658da474fa359395fab04fa7b2523f053fb6
Nathan Walters,nwalters512,resolver_dev_exp,f5402476cff90057e08da253e606cdabdcbce7a3
Jim Cresswell,jimCresswell,resolver_dev_exp,7ef653c7942faff7e08820a84bb7f1b5573b2e0d
Donald Hruska,dhruska,resolver_dev_exp,4ac8e137cf6e9ec2ef7520dc57a6782c9dd9e967
Mitul Shah,mitul-s,resolver_dev_exp,ad3296b9d418bf6d4a7a373f4a4e53a704257120
Tage A. L. K,DevSpeak,resolver_dev_exp,9efed17503f302bfbdca5795d4443a89d48f93fa
George Karagkiaouris,karaggeorge,resolver_dev_exp,3e00a81edeb1da513567456813aa529d92d39d60
Zhang Zhi,fytriht,resolver_dev_exp,ae1cee59d600b23b6827bffefdcabd9c6605ccf7
Zane Bauman,zbauman3,resolver_dev_exp,37a09891f38dd161b3bb8be9c7a14cd76f771f59
Hüsrev,hsrvms,resolver_dev_exp,5cda9af70fa00c8e4a243aab5c6b8136fe39ea88
Rohith Gilla,Rohithgilla12,resolver_dev_exp,551c9d696362df6eda5d02218a5826314f0642f9
Pedro Duarte,,sin_resolver,
france1   [ARCH],arch-user-france1,resolver_dev_exp,3e1a5bd69a3d30397460cb48fe49da69e6fc13d2
Terry Tan,tanysheng,resolver_dev_exp,5e6b92059fa9bac0f8a54bd4a1cc02ce6effb597
Maksym Smoliński,M4xymm,resolver_dev_exp,9434a83b69fcd10dcfd2ddcbe28f33c5ff89b267
Juan Martín Seery,JuanM04,resolver_dev_exp,308a327923b087d7f060934456a0fbe77a76056b
Oyebadejo Michael,Michaeloye,resolver_dev_exp,37bb09d36aa4bb96292bead7d9d9e3a3f7a10be7
Terry Sutton,saltcod,resolver_dev_exp,c919f09a1cc27b265573444fc09c179bc9376da6
Julian Wilson,mrwillis,resolver_dev_exp,b543795fc04264c326001dd523cc6edd7cb116bf
Brent Mealhouse,bmealhouse,resolver_dev_exp,543f2854cbe2039ce0e680f7af232bfecf2430a4
Dalton McPhaden,daltonmcphaden,resolver_dev_exp,a8f300dd0f8d3c0b24b4f5504513e34cfac69d86
Brian Gershon,briangershon,resolver_dev_exp,5da1dcf669cff474eb6521008173158a5d8f6ebe
Matt Kane,ascorbic,resolver_dev_exp,9952cc79dbbfe81723cba0c0e6ba2250c3921964
Pavel Mineev,,sin_resolver,
Chung Wei Leong,chungweileong94,resolver_dev_exp,902ad4ad5001da899f5f38a49168ce0f0641cae5
Philip Nguyen,pn-code,resolver_dev_exp,49734207656b642fc7d4f9f44d136f09f1e6f3f7
Sayyed Shozib Abbas,,sin_resolver,
Alfred Mountfield,Alfred-Mountfield,resolver_dev_exp,324de6bf7a1639d53feeaf9da66dc02fa07d4ee9
Tomas Jansson,mastoj,resolver_dev_exp,5221bd5d4ed15956e447e6277fdde32237772d72
Ben Hadfield,benmoose,resolver_dev_exp,0210540b8fb13c50ca2e2eb6ba09c743bdda1ba2
Akbarshokh Sobirov,asobirov,resolver_dev_exp,4fa08dea8cfb70fd0f0fa2e1b3b1b3d18a6d8546
Gerald Monaco,devknoll,resolver_dev_exp,a6665915552caa5bd4baf3ce0a34a64e0539fc3f
David Porter,dcporter44,resolver_dev_exp,be5f9baf74c1516c944ad6cdafc5079f03181194
Ardani Rohman,ardani,resolver_dev_exp,443dceaeec307070ec1fa3974b8d201abff330fd
Mihira Jayasekera,tinymachine,resolver_dev_exp,16a97c87e7d454c7677c08eaa5dc20d54e325b6c
Vasyl Berezovyy,berezovyy,resolver_dev_exp,9a09de2feba8f991b509b842a4120d1b59a32cbf
Dustin Deus,StarpTech,resolver_dev_exp,4b2a8253b9b745842ae828574736ba5b8d770fc8
HyunJick Lee,hjick,resolver_dev_exp,baaca4b69e2f8768c5e3fe6752d411ff108118e1
Oleg Zuev,nocell,resolver_dev_exp,5e55c3c340c7f6bb25aebb161e554db3cbfcef90
Jiří Hofman,jirihofman,resolver_dev_exp,393a070cf8ddefdb6e354e3fd5563162b8e7476e
Dan Laugharn,laugharn,resolver_dev_exp,5f16e063a6ae7b6eaa1b240a59935c06c666ec71
Simone Corsi,simonecorsi,resolver_dev_exp,fad07cc09a485f5e8a0d25df6269146397191476
Riley Shea,RileyMShea,resolver_dev_exp,70242cf4ed1495c4c93ab2aa9d8efb7033ff9345
Marcos Bérgamo,thebergamo,resolver_dev_exp,c3e5caf1109a2eb42801de23fc78e42a08e5da6e
Reshmi Sriram,Reshmi-Sriram,resolver_dev_exp,a1072c6d2bc67a26678c122904dd2ffb7f30f529
Furkan MT,furcan,resolver_dev_exp,58755e6d25a9bdab97071cf0793fdd64127e658c
Michael Aufreiter,michael,resolver_dev_exp,ccf26a850d5f14125d87267591010a33f0101afd
Kateryna Pohrebniak,pogkat,resolver_dev_exp,ef13f5cc93ff76f0a15c8c3b131f52ddb1d409fc
Aldo Schumann,aldosch,resolver_dev_exp,86dbcbea431f2fd85d94a72a9c2d35781154a5d7
Roel Vaneyghen,roelvan,resolver_dev_exp,aaee236cb587eabd4c72bfd6d942d54b705fe59d
Alan Toa,alantoa,resolver_dev_exp,524f99221dd482d2b906bc0c9854c4d27f49bd3d
yudai yamamoto,pythagoras-yamamoto,resolver_dev_exp,b993afbf7c6be786a1b9c37ff05c3e19602679ab
Thoushif Aazam Shaik,thoushif,resolver_dev_exp,3caa2891c786e9c909c917789f8bac7e9fbc2ec8
Sean Connolly,seanconnollydev,resolver_dev_exp,a9092c7c7ddf8456fcdb425b3dca938a37ecd7d9
Andrew Razumovsky,Grimones,resolver_dev_exp,0d4d7d840a1769ad0c65a9c62efa5958b429f894
Osarumense Idukpaye,IDNK2203,resolver_dev_exp,e7d0c97b86a783a3e103d810444ea4a78ba5ee79
Marco Moretti,marcosvega91,resolver_dev_exp,b3e45fab5ed6276cf9979d0bbca09cf2941b60d5
Mathis Møller,Thisen,resolver_dev_exp,4f09f95d6cfc43672c496b5f3e7111de4b17ae9b
Harits Syah,haritssr,resolver_dev_exp,768d2174eb7608bb61d7e2fe5655c526d4ecf5da
Mike Jerome,michrome,resolver_dev_exp,1c3ac0e3eb3d366a043c0848566447cee4df7cc7
Dany Gagnon,dgagn,resolver_dev_exp,5384171bb651ab24398168ac26f76fac37a0f841
Davi Mello,daviavmello,resolver_dev_exp,e2f700fd6100f9a1e5a8b37c69d5b57227f09ad1
David GG,davidgg,resolver_dev_exp,e23fe06f1cd7f8a1130556c5dc784d5c41e27771
Juan Settecase,ctkc,resolver_dev_exp,e4cd547a505c8380cbf010a78f1e2e3ade0f2307
Kaito Sugimoto,kaisugi,resolver_dev_exp,4cac93a75ea661973bf15aaaf5cdce1e185c279a
MOHAMMED WASIM KHAN,wasim-builds,resolver_dev_exp,3ab9d196ab03306ca1172a0721c3ac3afad8c4c2
Alexander Dreith,alejalapeno,resolver_dev_exp,bd3662b52bb3d2d95d4b643e2627a5f8fd549ee8
Dawson Booth,dawsonbooth,resolver_dev_exp,88747a2653f372b314d819c42b865d31b7c1dd0a
Brikou CARRE,brikou,resolver_dev_exp,c0d031d90ec14535fbbe0ba56b8a27740849ec59
Jay Cheroske,jcheroske,resolver_dev_exp,9c18c548bb547485c7358d86881cb8add5f2bcdb
Davidson Nascimento,davidsonsns,resolver_dev_exp,019bbb284aaae61b15de5808d2c4a54bd89d702f
Gal Schlezinger,Schniz,resolver_dev_exp,f832c56a03e32a0634b72b11ce1664e17eb1b846
Matt Hamlin,hamlim,resolver_dev_exp,0f3fecfe8b429eca4da2bedca594afdd5e95a466
Espen Hovlandsdal,rexxars,resolver_dev_exp,394bbf62070963a922dbecd00cb0c22317ed8a35
Jan Potoms,Janpot,resolver_dev_exp,0fd0b3e33be082735f5e791ea5c9cd6b80376871
Siddharth Kshetrapal,siddharthkp,resolver_dev_exp,18ab55bc73f8206f55873f88d89f9961081385e0
Yu Watanabe,watanabeyu,resolver_dev_exp,1edc1a9481cd6fca7d44f64404b8557fa8f520d0
Milind Mishra ⚛️,thatbeautifuldream,resolver_dev_exp,6791e7547e36c90a80bc130345ddafd5f0b24425
Chris Neven,chrisneven,resolver_dev_exp,d820542a15abbf8a11accdac5ad08323ae994e18
Tobias Barth,4nduril,resolver_dev_exp,24c2e9954aaf4bd8316dc941a4fff05c19d70b01
Mehran Farahani,mehranmf31,resolver_dev_exp,0b346c28bcf59046cf777ef863432f311c10d5ce
김용민,dydals3440,resolver_dev_exp,2a791d1b458938b2bca5802dee7020c433bf21d5
Abdul Haseeb,abdulhaseeb-com,resolver_dev_exp,162342c8a2ddea08faecbed60acf6f0deea07a62
Mehmet Ozgul,mehmetozguldev,resolver_dev_exp,350d56b624edf3927197b236aa5a0886229a7f3e
Kiichi Tachibana,ossan-engineer,resolver_dev_exp,65390b5c179bf0386ef70c0a772f285261f48ecc
Logan Houp,hu0p,resolver_dev_exp,1b0dde4c741e0b9a12c416e27808fc6d36ab8c3d
T•Ø•R•Ü•S,mahmoud-moursy,resolver_dev_exp,c0c11ad937bfe9eee11b6c9abe3d07ec26e4478d
Ben Plate,ben9583,resolver_dev_exp,9bb83af67204fc19b01cfaea9f231a59e97235d7
Soichi Takamura,piglovesyou,resolver_dev_exp,04c990678efc49c12e3c962bc0509c5139766d5f
Thomas Danecker,tdanecker,resolver_dev_exp,6f5e0f3694818c5a3c2ffbe5d1a67dc23106f73b
Shane Kunz,shanekunz,resolver_dev_exp,ec658fc9985ede0f5f4a83f6913c7a21e0390741
Matthias Lorthiois,mlorthiois,resolver_dev_exp,c81cabeae86c11e6574fb4bc19ce2f3bc95b6ea5
Trevor D. Miller,trevordmiller,resolver_dev_exp,93a1b73efed0e848efcf5342716792ca86fa13e3
Adam Tolley,refactorized,resolver_dev_exp,67a619ea642fd14234d5b7869ab834a51492ed32
Martin Joakim Ulstein,mjulstein,resolver_dev_exp,78b73f03e19921cf881868c82dd9fac5e9eea48d
Hugo Maestá,hmaesta,resolver_dev_exp,26b71fcf9f3f21109fb5ca3bcdcee4092263c1e3
Don Alvarez,yoDon,resolver_dev_exp,af9214b302c42df141647bf5a01feb5ab0124206
Isaac Martin,isaac-martin,resolver_dev_exp,b9791bf99940e15eda60e863fe8e052d356e0b7c
Jeremy Monson,monsonjeremy,resolver_dev_exp,9b9023b30498fb7b630475dcb2b15a1c7af7fd39
Jack Clackett,JClackett,resolver_dev_exp,026785d5adc2e721d3a77254ed657c1bfb178b4e
Nicolas Rouanne,nicolasrouanne,resolver_dev_exp,ed0643486a43517a70313789eb0cbd5745d7ab68
Hammed A. Olajide,OgbeniHMMD,resolver_dev_exp,cc345b74ca1ce6662233a8125b969f324d1c4f11
Luke Plaster,notatestuser,resolver_dev_exp,a6af11c6ae163caec073820ad3639757bb1a3485
Josh Goldberg,JoshuaKGoldberg,resolver_dev_exp,963585a4fcbc7af68dae759a96936f9973d861c2
OJ Kwon,kwonoj,resolver_dev_exp,39bd310b57ec29fe35f0dffde71321edc69c741a
Yasser A.Idrissi,getspooky,resolver_dev_exp,fbb16fbb155e04b229aae255822d616274e15185
이선우,sunwoo0706,resolver_dev_exp,a7d04ab9c8bc7fb32fb7435329cd2814580367ed
James Argarin,itsybitsci,resolver_dev_exp,f464e32ec092c5a00c967e64cba40121a2992224
Shu Uesugi,chibicode,resolver_dev_exp,a69be6ca442df6ddc6767455f8ca88d5b0d44fe8
Paul Schultz,schultzp2020,resolver_dev_exp,5b1c3e39e198be1482e27499c85c4ddce79de753
Aaron Yarborough,AaronJY,resolver_dev_exp,55e35c5144bdbeeccf1d0fcfb92284b578a31d6a
Thang Vu,ThangHuuVu,resolver_dev_exp,9fc58f88a2bca1d6ddab861a7bf4b2cf56ddbb92
Rahul Gaba,rgabs,resolver_dev_exp,c21cbdf8997db636100f578cd70f838f8b95b407
Rasmus John Pedersen,rasmusjp,resolver_dev_exp,ecf9f8775c18ecf13a680ef0514cbeb0ec0b8fa4
Preston Landers,Preston-Landers,resolver_dev_exp,7fb4d27053e0426cf64d5acd682b97ef7984e5c5
Igor Toporet,igor-toporet,resolver_dev_exp,b13410525a4a324ff3066747a747e891cf4219ac
Shreyans Jain,CodeWithShreyans,resolver_dev_exp,5f2d7b691ffafe5153a7d4e3b8806c07b371f22f
Li Weinan,liweinan0423,resolver_dev_exp,190853b4ff271d5955648986e72a9fbd2d008b98
Joost Jansky,styxlab,resolver_dev_exp,698ab55cb7eb213eebb2b019acc179ec8fd882cf
Josh Slate,joshuaslate,resolver_dev_exp,b2df2cff26c6baf5091908d74a400d05097a4255
Kyle Gallagher,slaterbbx,resolver_dev_exp,05ddf3e4e055d9ccbede93200e9e180b88fc12b7
Ollie Monk,omonk,resolver_dev_exp,8c874556175df908b7b111bac069f8307c68b3ca
JUNAID ALI KHAN,juna0704,resolver_dev_exp,c776c25b5955c1c5d00978122df0f3cf20a42c41
Christian Sánchez Mendoza,Sklpcc,resolver_dev_exp,0e13d8c952bb960837ce5e6553b25331e272370b
Ye Zhenrong,RooobinYe,resolver_dev_exp,9549306073e412a69790e60a63452b2589d44bd0
Alex Page,alex-page,resolver_dev_exp,3130ed7d48f20fae0f51cae40d70c4c51be2235a
Phattarapol L,PhattOZ,resolver_dev_exp,5d992a6a2830c7ca62ef15f6411b68d07d18a218
Bruno Bernardino,,sin_resolver,
Joe Previte,jsjoeio,resolver_dev_exp,6108f10799b46bc0ef97373c913e23714e135942
Cássio S. Santos,cassiossantos,resolver_dev_exp,869694860afaa3f84c8a32bb315f2bf2bfef9c06
Mike Plummer,mike-plummer,resolver_dev_exp,2246db680ed11cb78f3e68965b4f5f5d6b63b878
Lukáš Huvar,huv1k,resolver_dev_exp,a6759c62ad79822441b7df67811029f42cec9055
Hayden Bleasel,haydenbleasel,resolver_dev_exp,22e46a40adf5f757422e2389066e963654ed7c0d
David Thorand,davidthorand,resolver_dev_exp,977df129177853d8a57536859eedfcec39de2103
Michael Lustig,,sin_resolver,
Mihai Pocorschi,pocorschi,resolver_dev_exp,08f6c57efbb5ee93dfdeb95f40b97edca1fec933
Jack Hsu,jaysoo,resolver_dev_exp,f771c6d78783684629c143329273b348990fcbe0
William Wilder,WilderDev,resolver_dev_exp,99142b5897efa207ff42af31bbde278ac71de149
Crazy Urus,crazyurus,resolver_dev_exp,d74f34021bfbd0757ebc0dc2f685c98e5ba1bd34
M. Zakiyuddin Munziri,zakiego,resolver_dev_exp,5f033ecb543bdb5d0591db6472cf4c0a346e5c3e
Steph Query,steph-query,resolver_dev_exp,b92ef6331430a31ad6183892e1d531701eb576cd
Jon Meyers,dijonmusters,resolver_dev_exp,fc4f062ba96f37f971bcbab8858d96e413d86bf9
Thomas Heyenbrock,thomasheyenbrock,resolver_dev_exp,47d7eddd0d486a2c6a875cf39fbf7de855c5a946
Matthew Mueller,matthewmueller,resolver_dev_exp,de57e921094c3b0362673fd3169595c81b1dda69
Rich Paret,rparet,resolver_dev_exp,5bda90f87b48a732f648a00f76368c2a08b476c0
Bradley Wilson-Hunt,BradErz,resolver_dev_exp,516b2ea3b28f2b44487551ab79ff39d5318f457a
Dave Brudner,dbrudner,resolver_dev_exp,442fbfaa4d4e8205cf10c7e5d27b8f51b7a4bdc6
Elijah Ohiwerei,Thenextgen1,resolver_dev_exp,7e76c353b36ef7f69efe3c2d5abe8acdd75d8587
Mike Fix,mfix-stripe,resolver_dev_exp,91c75b6c1f55dbfcd0c4d090f87829ff3dc4d9bd
Mate Papp,matepapp,resolver_dev_exp,b450895387d6c901577b1ec8a24a313b7b6bdd87
Philipp Parzer,philparzer,resolver_dev_exp,720fe3577eb58050966a44bc1fa88e01fcac3962
David Sally,davidcsally,resolver_dev_exp,945c1fac9fce95cb49ad759062f0766e00e120fb
Vinci Rufus,areai51,resolver_dev_exp,afa9bab11a014f6778f34efac9741873bd3819e3
Paul Molluzzo,paulmolluzzo,resolver_dev_exp,1eeb8820bbdf586197a0366038b77e9d678cef01
Giovanni Fumagalli,gffuma,resolver_dev_exp,74153e1208e0f3cab8fa736e9192fd3ff7ad12cc
Dario Lehmhus,dlehmhus,resolver_dev_exp,2bb227ebee5609809eb5a7e9ad00b900f458128d
Gerhard Preuss,lipp,resolver_dev_exp,9634bad79d3c17ee1b48a6c1e5a66d5ee8c5441a
Jacob D. Castro,,sin_resolver,
Alex Safian,alex-safian,resolver_dev_exp,3063d3b8ffcb65146585be332f984e1860397bfa
Paul Reichelt,reicheltp,resolver_dev_exp,fc259cf985327f4b54f27503c824f253c506639f
Aflah vp,vpaflah,resolver_dev_exp,5d80989d55c2e8567d809196fffa32850df20d2a
Ty Hopp,tyhopp,resolver_dev_exp,65f94baa834c3ca371ade70fc4f392c432e4c595
Ryan Hinchey,ryhinchey,resolver_dev_exp,5dbbf79abc3caa10942570fa357475877772a85f
Malte Ubl,cramforce,resolver_dev_exp,631018a674123466e92a4774e9806654a118f914
Pojen Chen,Mosoc,resolver_dev_exp,dfa0f826694edc565868a0821e28a917ed344ee8
Alexandre Baizeau,alexBaizeau,resolver_dev_exp,eeb9b3325d6c21107463532b9ae99f48b0cd524f
Randolf J.,jrandolf-old,resolver_dev_exp,7b8fc7582f44a64d022945f999157bdcef4a4ae2
Zeno Rocha,zenorocha,resolver_dev_exp,7be6359aff34e0e8c27fe4e16ccd32d6cd0ca5e4
Thomas Lindstrøm,thomaslindstrom,resolver_dev_exp,0d0ab77db742b27f32097db5fbff36b1f8b7db57
yasmin p,,sin_resolver,
Raquel Amorim,amorimr,resolver_dev_exp,552620f9b876ed589d0310a1e67d15ae5cb8c469
Ishaq Ibrahim,ishaqibrahimbot,resolver_dev_exp,29c5acd33b0754757e31cf724ed9b0ff83065234
Hirotomo Yamada,hirotomoyamada,resolver_dev_exp,08f8fac1321fdc26eec727be156afb16edcd7ef2
Abhinay Pandey,abhinaypandey02,resolver_dev_exp,f38dc1886121571345348e757d48be92ce1131c6
Guo Ci,guoci,resolver_dev_exp,e771609a7afff7139e279a9374c4a9c4988440ca
Yunus Szönyi,yun-jay,resolver_dev_exp,b7b81b2033ece51dff9643a925d45519f7c81202
Kristo Jorgenson,kristojorg,resolver_dev_exp,e67d62d888123b1d51ac122a22aa498cab6dedc7
James Mikrut,jmikrut,resolver_dev_exp,a1e294b7069ab8be1955e8c448839662245dc1c9
Imran Sulemanji,imranolas,resolver_dev_exp,4128dd2bc0f40022effec6685f6fb35509ff033f
Duc Le,ducdev,resolver_dev_exp,4f3674cc37b1e3bc19ecf4f4e606543f2ce03d8b
Ben Read,endymion1818,resolver_dev_exp,d5837e03cc9a4377c534ea2ccabc54856b6a15f8
Rani Malach,Rani367,resolver_dev_exp,9857ed1e091cc39eefe2f756ee4ea16789f5ded0
Allan Chau,allanchau,resolver_dev_exp,33389471e1d27b9aa54068d8c9d974348364ede0
Michał Dudak,michaldudak,resolver_dev_exp,6f9df4a0acb9a27549e6674030fbad6b6eca0966
Giau Tran Minh,giautm,resolver_dev_exp,631e6c7ebaff81f1231ba709dabc3e0143a57d7b
Richard B,rbrcsk,resolver_dev_exp,157655700a031393ff6f0bb7e5a90b197bcbab06
Michael Hart,mhart,resolver_dev_exp,0bcdbe488f66761f669806b503e67762579b689b
Matthew Kipp,kippmr,resolver_dev_exp,86bd8170f7eea89e68843d6686fba8ce1681e718
Rob Easthope,RobEasthope,resolver_dev_exp,e0b384929c4ce9a874fd7ccb60b8e0bf8bb4c6f9
Sangwon Lee,john015,resolver_dev_exp,22e3b93913cccf2e63b7b99ad4d2dc9a90492054
Jason Dreyzehner,bitjson,resolver_dev_exp,a964dc825ecea1e35fb460184828974e00b7d6d6
Telegin Evgeniy,teleginzhenya,resolver_dev_exp,aa474017d72279dd242f3986a33082a6e5f2a816
Kyle Kelley,rgbkrk,resolver_dev_exp,9de2c408c7ff83e6f182eb875546ddc019f502ec
Devin Ekadeni,devinekadeni,resolver_dev_exp,4f1ccda5bdea9f25fca9058a9b0a7d9bfa795717
Jo Franchetti,thisisjofrank,resolver_dev_exp,bbffaea755f3d3b6d199811fe4decc5d7d31ef8f
Matt Mastracci,mmastrac,resolver_dev_exp,ed1c6ccbdb2642d514dfe503eda337a2b7b53286
Calmon Ribeiro,calmondev,resolver_dev_exp,783b9d86ffcf879950cf4e40e97d39951cdedf62
Brian Muenzenmeyer,bmuenzenmeyer,resolver_dev_exp,49c3e0a201d333d4b76863768860f4dc98a568b2
David Hu,davidhu2000,resolver_dev_exp,e001900b31ffa58a877e5dd1f12932c0506392e7
Josh Larson,jplhomer,resolver_dev_exp,80ed74bcae4f3f4c28330497d08c0cb588b80566
Bartłomiej Krakowski,bart-krakowski,resolver_dev_exp,90d30cd2c92d6ac6f0684ca0fcd7665129bebb82
Jakub Pokorski,Kuboczoch,resolver_dev_exp,e5b6e2e88d709f9fff22d671bff66eb04d9e013e
Oscar Fuentes,,sin_resolver,
Brandon Romano,BrandonRomano,resolver_dev_exp,02872517b80e63fdf542d20539c13e918ff963e8
Nwachukwu Daniel (DONSN),donsn,resolver_dev_exp,248c6fc88d5189ba68ff145fd4913476463117fb
Michal Srb,xixixao,resolver_dev_exp,e70aed8f2849804a238e812b86ac6dd468f7a73f
Fran Zekan,Zeko369,resolver_dev_exp,0f41062db0bb1341c76bc9190415d27de6625e64
Vincent Voyer,vvo,resolver_dev_exp,e4ff4da7c8ac7f25f08c7764fba0d1daf59c56cc
Florian Goße,floriangosse,resolver_dev_exp,cc6d8181311540f2142072852c550efea4ea924a
furkan mavili,furkanmavili,resolver_dev_exp,1a85bb7c655a602eb8573f182fc54310df37558f
Eugene Dzhumak,ElForastero,resolver_dev_exp,8d63330c15e2ff9755406fc9f407bbcc385fc72b
JonLuca De Caro,jonluca,resolver_dev_exp,5449196b7d2093fd024ba6d6ed83de0bc304635f
Zach Bloomquist,flotwig,resolver_dev_exp,f72debcf4856f9ee281f26e9505c7a2260026956
zahra shahrouzi,zsh77,resolver_dev_exp,dd9324f6c6ac2b92b7bd316ebf0a695cbad9198c
C. T. Lin,chentsulin,resolver_dev_exp,5caeea398a5f2d8676a1ab50dcaa76b7e68bbf72
Steven Yung,,sin_resolver,
Ivan Kiráľ,IvanKiral,resolver_dev_exp,7c15278cc2b700fbee847f75bb0b389a06510594
Adith Widya Pradipta,adithwip,resolver_dev_exp,fb7298236dd199ba976408b0190d0b7efa3655b1
Max Fierro,elmasse,resolver_dev_exp,2c343baeba79d9f1f9ef73e27715a60e9bb842ea
Christian Alfoni,christianalfoni,resolver_dev_exp,913d23bf8db03607fc498d4208cbe770702cb80c
Harun Đulić,HarunD,resolver_dev_exp,c5c5564dbf7502462dd74a45a7f50a35a8a9593d
Hristiyan Dodov,yandodov,resolver_dev_exp,2bdc984ecb68e3b19c223a0621ea47fc35b27688
Delba de Oliveira,delbaoliveira,resolver_dev_exp,fb0686d866613f0fb1c88121a80f36b491e88f37
Dylan Brookes,merelinguist,resolver_dev_exp,bc7d18367b6c2304a68542d83431b19999c77f90
Rostyslav Sipakov,rsipakov,resolver_dev_exp,4e9c5eeae075e2cba60bab0a522cd43ce9662c5c
Dima Vakatsiienko,dvakatsiienko,resolver_dev_exp,04cd1fd4efe905879419a91d8f3dcdf28c39ab4f
Zack Krida,zackkrida,resolver_dev_exp,1d218979823bfa35555a5803661e2e10157282d2
崔宁,qwerty678908,resolver_dev_exp,67697afa44fde09430faefa7bb567542b5d3e0e8
Alex Langenfeld,alangenfeld,resolver_dev_exp,93bb22ad0c112b743c59267f588511d10769fc1e
Duncan Ogle,,sin_resolver,
Alberto Vilches,albertothedev,resolver_dev_exp,2343610fdf7b196c43138f4d1acaa099f8c7ed63
James O'Dwyer,jxodwyer,resolver_dev_exp,200f8eecb20a80dc5413a3ca29b52720b435e5ca
Alex Ravenna,alexravenna,resolver_dev_exp,f9d84b561c5350690a2c4c6ac69fcf2e3013f776
Igor Gassmann,IGassmann,resolver_dev_exp,527e118f16cc59f715ac6bc084700073b7f0a225
Andreas Lubbe,alubbe,resolver_dev_exp,8266e03ac994419e53f42fb9ee0fe6c168b60c0c
Eduardo P. Rivero,eperedo,resolver_dev_exp,2c28e12220308371f6b45eca2329a1f96791f61b
Adityo Pratomo,lunchboxav,resolver_dev_exp,a7a6aa54ef90c586dcc9274b7366c31873a552ad
Laurent Meyer,laurentmmeyer,resolver_dev_exp,609511997006dc791a550c757bf62e9661ef38b0
Urko Pineda,urko-pineda,resolver_dev_exp,5d4d8802b8b6855fe1355bb106e6afd95af7e2a8
Dipesh B C,bcdipesh,resolver_dev_exp,b3e6064cc30a885d1cb36ec422dcc2b5d53b8922
Peter Briggs,pwbriggs,resolver_dev_exp,2c9af97a3502a61113eab3361aebe80708e42bb1
Stefano Rainieri,stefano-rainieri,resolver_dev_exp,52139a41e90b668aa7e393c18990f1d1f5db9e22
Thomas Preusse,tpreusse,resolver_dev_exp,3be175b4663da23c08596428f99857fff869a8d8
Nikolay Stoynov,arvigeus,resolver_dev_exp,58aa576bc1ace28e599f7f19b3c23c7e6735f830
Yann Bolliger,yannbolliger,resolver_dev_exp,7a516d469b3f199ff571d2ab58de158b16e52f17
Tobiloba Adedeji,tobySolutions,resolver_dev_exp,71978f956a7718efd0b59a76e9f41d4c1d5012d6
Bruno Antunes,bmvantunes,resolver_dev_exp,8340e6d34562ad575293b5699023144fc47831d2
ǝlzlǝoq lǝᴉuɐp ツ,dbo,resolver_dev_exp,87f5df2454cac306737483008de7052ec5dffbba
Denis Homolík,AlfonzAlfonz,resolver_dev_exp,ea0cdc5a3677c94a8c72166450b327c91716bd43
Jeff Escalante,jescalan,resolver_dev_exp,b86a1731e10d3752f8c3d440eaf30b3ada9e219f
rase-,,sin_resolver,
Oskar Grunning,sQVe,resolver_dev_exp,cb8fdc6db6280b847e752d884afbd99dd1290b40
Tore Lervik,hallatore,resolver_dev_exp,ca19ffb63b6a17e55828f601eb3677033e523e41
Adrian le Bas,adrianleb,resolver_dev_exp,c66cafd3625fe469cc2743ff33711f28ac92617e
Jerome Leclanche,jleclanche,resolver_dev_exp,a799d25cfaf602c898ba3afa3a8cbd6f6eb7957b
Frédéric Montet,fredmontet,resolver_dev_exp,98752eb0f1171bcabb043293874ddf6fa7214cab
Ben Gubler,bgub,resolver_dev_exp,f4b40dcd536ccb2fe03d743ba4a5cd337fbdec69
Jonathan Steele,jsteele-stripe,resolver_dev_exp,b5750cfc8085b878a0a9a4a6ad34dbc31fe54312
Daiki Nishikawa,nissy-dev,resolver_dev_exp,6da04448bd3f159f207a6dc201253573f4c44e65
Buns Enchantress,BunsDev,resolver_dev_exp,93c0e64a36be7707734864bba3c4642531a0a041
Austin Humes,austinhumes-valtech,resolver_dev_exp,ab781117819b3139600b00b34bb4bcef1e67c8e2
Abdulghane Jesry,riobits,resolver_dev_exp,1d86a092adcef4831e9a7a8dc81283469ade1146
Mauro Bonfietti,maurobonfietti,resolver_dev_exp,e1045df08d9f8f0d6c57afbf9ab9ab576bf67a25
Jack Howard,,sin_resolver,
Luís Galete,yunger7,resolver_dev_exp,57501fa7452f7d52aca29b2046f6d9e06ae2ba2e
Enes Akar,enesakar,resolver_dev_exp,655eb5cb5b7e01591c16bc2d3fcba9d5740a5d67
Clive Townsend,clive-h-townsend,resolver_dev_exp,3421b482c2ff5934b751d292ce4efc2ed4b89c5f
Cory House,coryhouse,resolver_dev_exp,b5739d53614de76b937435ae1ef7867d40c9dac3
Bart Langelaan,bartlangelaan,resolver_dev_exp,43dfea704075bdf5ffdd2c02782347c5fb8ca12f
Yevhen Uzhva,yuzhva,resolver_dev_exp,73bf0ab162b9f9eb214a2c09d83a022dd79888d9
Jairo Tylera,Tylerian,resolver_dev_exp,e66bcfa8384c258728cb0f3429310ebdced942ff
Sajad Torkamani,sajadtorkamani,resolver_dev_exp,6ba9c21d29d8f3786fcb0ad4c419819ea0ffbd4d
Daniel Bayerlein,danielbayerlein,resolver_dev_exp,ffe48048dee66aaec5ee078f2e75dd19d99d1ee5
Nick Kelly,NickKelly1,resolver_dev_exp,b60c943750ff63b086f6adaf20daac3aa6e23573
Holiq Ibrahim,holiq,resolver_dev_exp,0a31a92a3c6855ddb3e0da7028b44395d59dffbe
Benjamin Atkin,benatkin,resolver_dev_exp,57c6f80d723849ac89891ed5aeb78197c30ec6ed
Yixuan Xu,promer94,resolver_dev_exp,599ca813ae2453120b17d68cca30962436eed281
John Ide,ides15,resolver_dev_exp,57788b56f812ebf50c3fce796215c35ec63799bb
Jackson Hardaker,jacksonhardaker,resolver_dev_exp,ffd88aa7391aaaa1f0c68313214267203373529c
Timmy Willison,timmywil,resolver_dev_exp,1b8f56556b03c426d40ddcde00d843f81cf03ac0
abdallah akrab,akrabdev,resolver_dev_exp,36825349860390c3c4f958de80f00f89e0507052
Preston Richey,prichey,resolver_dev_exp,a5103d2e348f392b54fb3b6abe8ef21aae481598
Joshua Scott,joshua-scott,resolver_dev_exp,46d870ab8a6e87c5f80159c1a3eb8b364c4b1b23
Alan Pledger,apledger,resolver_dev_exp,90deca9509cc04d8895028d41e90c1bf383c9d0a
Divine Quansah,divquan,resolver_dev_exp,ab16e51cf115f3fe84ed39c2d60222ee26634763
Corentin.Andre,CorentinAndre,resolver_dev_exp,1496ad62993de66ea3fdd39cd4bfd099f0ce902a
陈雨童,tuoxiansp,resolver_dev_exp,7ffcb0bf868ee4aed8f0eeac919d3787b30c0cf9
Iago Dahlem Lorensini,iagodahlem,resolver_dev_exp,a0019b3dc9534c2a406827b3934e708f359cafda
マルコメ,Marukome0743,resolver_dev_exp,4286bc9a74a2044847bfe3a1b307a12752eb73f2
James Mosier,jamesmosier,resolver_dev_exp,29ae3727385d3c8011034063c397785693e12d69
Paarth Madan,paarthmadan,resolver_dev_exp,9e8266a7850cd2bc7dba3060465c5d0fc15ff07a
YOSHIDA Junki,j9141997,resolver_dev_exp,d1fe4d01c42c64154022a3156ea1b2ebe5fc4d54
Oliver Lassen,TryingToImprove,resolver_dev_exp,af5b31c238ec26fad096e404f54de34772b7beb5
Scott Raymond,,sin_resolver,
Sylvain Bannier,bannier,resolver_dev_exp,ce7ca2487b6bc439e54eada104296b07e9498c21
Teddi_r,Teddir,resolver_dev_exp,4bf3bb9dcd1c7cb6cccadee87b6af651dd7d0f50
Davide Bertola,davibe,resolver_dev_exp,d4b018e91f7a1f4559ba10399592d70e61add413
Farsab B,farsabbutt,resolver_dev_exp,f6d9c512fa5721c0ea7558218084f837158b8897
Chulki Lee,chulkilee,resolver_dev_exp,f6cc0dedaa68cdafcb4b30d304a11b23e5c8de89
James Bowes,jbowes,resolver_dev_exp,166834e578461de1400ae145f2a20f050f8130ec
Vitor Balocco,vitorbal,resolver_dev_exp,2f26fb440f1f412e2151c7b9974b44d0c9398c0d
Vince Picone,vpicone,resolver_dev_exp,d76b850eac6d27c6dfcfca2072beb9006c4f8c31
Andrew Paramoshkin,paramoshkinandrew,resolver_dev_exp,5ed493e54877835ea1d5ad1b3faafb888253126d
Niklas Mischkulnig,mischnic,resolver_dev_exp,76bed42c1b10c623dcfc63d2f6a80940bf79e157
Kenny Smith,kjs3,resolver_dev_exp,d19cc975f4be6bf1d1ef205950b5749f5e735d78
Jeff Wen,sinchang,resolver_dev_exp,07fe406bd5c25e69f3c62dabf200c8488f97d7d2
sic!kh,sicikh,resolver_dev_exp,c988b99c85bd5d59493bcee8eaa7916fc5d733c4
Vinicius Pacheco Furtado,vinipace,resolver_dev_exp,de6bf4e75f89a672ecd41d91b7a7aac3381e4fe9
Anton Moiseev,antonmoiseev,resolver_dev_exp,e8a9472bcd1a402f7d5925e4cac6774ebb62c2ec
Taehun Jeong,jthcast,resolver_dev_exp,51022d5819c382831a65f963dcf4e69f46072bc9
Irene Oppo,souljuse,resolver_dev_exp,5f96a0b1d7fc89c7863a675a0e89d499830c7f14
Spencer Zeng,zengspr,resolver_dev_exp,24b7175dcf69a0a8bf0d14d9d9bd6075a59ada37
Jeffrey Young,jeffreyyoung,resolver_dev_exp,f0308687c1407fef194c149226b8ccf3c164400d
Vladik Tarasov,SinimaWath,resolver_dev_exp,935a66de6d622772f28fbb58e1606f2ee23e4a96
Nishant Singh,iNishant,resolver_dev_exp,09681cd597873b3eafb57776ef63947c3a08f8b1
Harry Manchanda,IamManchanda,resolver_dev_exp,ac1950d66ea77f5d5caecb5864c286a51428e46e
Maedah Batool,MaedahBatool,resolver_dev_exp,e307096e2f31b50c840d88098087057ea24778fe
Benjamin Woodruff,bgw,resolver_dev_exp,f6d094061e0c27ad74b3344065d203933021011c
Trevor Finn,trevor-fauna,resolver_dev_exp,47cb2364d2a4e83c5464f2134714b90bdb37546e
Aemiro Allison,aem-son,resolver_dev_exp,c1aeaa482be5133d52797a1274badb249db1fa82
Kevin Wolf,,sin_resolver,
Victor Mota,vimota,resolver_dev_exp,d6721676ca37cfa3d93d95f0cba1c2cdec30c7fa
Scott Kirkland,srkirkland,resolver_dev_exp,a952986c415cc6b966d61b8df8c2c5f1c3a19fad
George Arthur,MalvinJay,resolver_dev_exp,9d1d9c5235e44d9ee5d505e4a9be2bf21d510769
Christopher Krogh,chriskrogh,resolver_dev_exp,f6c5e2f8793da486aa30ae5f81c1e9e10175b899
Guilherme de Andrade,ubmit,resolver_dev_exp,c334a2751e639e78d1754971315bb4cda838de5b
Richard Zhang,zirikii,resolver_dev_exp,b61823d7b9dd26370fb1167b31098c24b1fcd199
Vladlen Grachev,gwer,resolver_dev_exp,629c9db82388ca18708d337350fe890df0180344
Austin Huang,austingmhuang,resolver_dev_exp,2e87e22731017551e5f2582b9c0475faf5cf9aed
Amandeep Singh,plug-n-play,resolver_dev_exp,02d750467096a66fd02c0523e6f339914563bce9
Felipe Saldanha,FSaldanha,resolver_dev_exp,e49bfeaf4750d02e1fe35c531e92b10ffe30fd4a
Huang Xuan,Huxpro,resolver_dev_exp,c19b82dfe23972ed03194fb969d7e4076a7bbb5d
Hike Baghdasaryan,haykerman,resolver_dev_exp,f26fea92af0113672c6c6329885c219a063432e9
Dev Talan,devchaudhary24k,resolver_dev_exp,c27264c606d83a85e49de708d8da852c35757990
Dmitry Poddubniy,mr47,resolver_dev_exp,45e36fdff73e6732e1d536aa8c852648ff0ea002
Islam Sharabash,ibash,resolver_dev_exp,96d540c768330e3a53f14e954ef9f2a70e68b163
Jesse Zhu,ITJesse,resolver_dev_exp,aeef38e80e8a5d5b90a0c290f9d1b64d62ff9846
Alexander Kachkaev,kachkaev,resolver_dev_exp,9c9456906b8bc0c48b47969ae81275736c196570
Vlad Nicula,vladnicula,resolver_dev_exp,dbd6f515a056588454f3a8bc620945eeab760e06
Bonggyun Lee,deptno,resolver_dev_exp,87ab61eba51ebe5bd1e8b0cbc0f41b5d435da28c
Andrei Stefan,andreistefanwork,resolver_dev_exp,6b829d8bd6f829ce17dd8557ec3eb04bd6aa5f3a
David Gómez,davegomez,resolver_dev_exp,4f1ba6ac78253a815c843e863596fd8403be7392
Danny Tatom,,sin_resolver,
Igor Loskutov,dearlordylord,resolver_dev_exp,87e93a275ded4c2d19d40fcefbf9316bd71e249c
Johannes Schickling,schickling,resolver_dev_exp,cae9506fd40098f1e7d3650cd5fd074fda57e8a2
Brittany Walker,brittanyrw,resolver_dev_exp,4749014ae97125cf67f4ab67a4ba7a7bf0183a7b
Nicolas Charpentier,charpeni,resolver_dev_exp,bed08dd1cce19209af9b64534aa4804f85aa76a5
Tobias Järvelöv,jarvelov,resolver_dev_exp,ee605cb653ff65e6076deb3929dae767594d83f8
Márcio Vinícius Oliveira Sena,omarciovsena,resolver_dev_exp,87d7ad2fc0ba887b1e51b7caaf893f532a8c2ea0
daniel tea,dlcoffee,resolver_dev_exp,832c4944704015aaf2e4b855c0b03b622dc70876
Victor Assis,VictorAssis,resolver_dev_exp,86bb06457825a102638d4a9d3fd9c15c66d9872c
Pete Hunt,petehunt,resolver_dev_exp,d2ee326a0b46e7c2f11f47ed7c45f3b8430d7346
Thomas Greco,tgrecojs,resolver_dev_exp,278f58b54bf649de0d3408e150ff3d3b2736e041
Matt Probert,mattpr,resolver_dev_exp,3cb7adb915267cfc1c0d1e684a086a38cd2e0a5a
Shihabudheen US,shihabus,resolver_dev_exp,fc9fa106187d0fd7e4a83b8d1ddfcd6ca8185c33
Marcelo Carmona,marcelocarmona,resolver_dev_exp,c87204eb7714ca3e8207fde93b0e4f65f12fa81e
Alex Yang,himself65,resolver_dev_exp,005a776c9511f43cfe8ef115c94ac5cee98f26de
