login,tipo_cuenta
0-don,humano
001123,humano
01-binary,humano
01026551290,humano
01345678,humano
029A-h,humano
04cb,humano
04ian80,humano
0514B0,humano
05TIME,humano
06kellyjac,humano
06ketan,humano
08martinm,humano
095osvaldo,humano
0Itsuki0,humano
0aps,humano
0arm,humano
0bit,humano
0jg,humano
0ldh,humano
0ldm0s,humano
0livare,humano
0m15,humano
0meenakshi0,humano
0mhx,humano
0nn0,humano
0re5ama,humano
0rzfun,humano
0sama,humano
0sujaljain0,humano
0thernet,humano
0x-ximon,humano
0x0-mico,humano
0x006E,humano
0x15BA88FF,humano
0x33dm,humano
0x54321,humano
0x5am5,humano
0x5t4l1n,humano
0x6a68,humano
0x80,humano
0xABBCCC,humano
0xADADA,humano
0xAnakin,humano
0xCardiE,humano
0xCodeMaieutics,humano
0xD3ADBE3F,humano
0xDing,humano
0xFFrancesco,humano
0xFieldsy,humano
0xFlo,humano
0xFloyd,humano
0xGeegZ,humano
0xHendrix,humano
0xHexE,humano
0xJMR,humano
0xJohnnie,humano
0xLou1s,humano
0xNoWater,humano
0xNunana,humano
0xR,humano
0xRomain,humano
0xScratch,humano
0xabdou,humano
0xadada,humano
0xbid,humano
0xboga,humano
0xbulma,humano
0xc00010ff,humano
0xc14m1z,humano
0xcadams,humano
0xd669,humano
0xd8d,humano
0xdbe,humano
0xedb,humano
0xfima,humano
0xflotus,humano
0xflumedev,humano
0xi4o,humano
0ximjosh,humano
0xinhua,humano
0xjc65eth,humano
0xjessel,humano
0xjjpa,humano
0xliam,humano
0xlkda,humano
0xlux-dz,humano
0xmax,humano
0xmkh,humano
0xmovses,humano
0xmzk,humano
0xradical,humano
0xrasla,humano
0xrinegade,humano
0xroko,humano
0xroylee,humano
0xskinnyg,humano
0xsven,humano
0xtristan,humano
0xtruly,humano
0xvarg,humano
0xvgd,humano
0xxmemo,humano
0xycvv,humano
0xytoken,humano
0zcl,humano
0zuna,humano
100Daisy,humano
108yen,humano
1095533987,humano
10ten92,humano
10xStartuper,humano
10xchs,humano
1111mp,humano
111398,humano
117,humano
11Extrano,humano
11koukou,humano
120c0,humano
1215708470,humano
1377sayaba,humano
13806,humano
13kz,humano
13ob0,humano
14778274451,humano
14yao,humano
1587rt-cell,humano
15997111963,humano
16522855,humano
16abhimasani,humano
16patsle,humano
1729kent,humano
17hz,humano
1846689910,humano
18488292860-coder,humano
18601673727,humano
18888628835,humano
190n,humano
1Ghasthunter1,humano
1Jul1an,humano
1R053,humano
1adray,humano
1aerostorm,humano
1alexvash,humano
1alexvash-work,humano
1ambda,humano
1aron,humano
1b0t,humano
1chooo,humano
1finedev,humano
1hachem,humano
1hemantbhatt,humano
1jmj,humano
1kohei1,humano
1msoft,humano
1pxone,humano
1qh,humano
1sahilsanjeev,humano
1sh4sk,humano
1st1,humano
1steve78,humano
1ur11,humano
1w4nkx,humano
1y8ws7,humano
1yasa,humano
2-NOW,humano
2-fly-4-ai,humano
2-towns,humano
2012shenghua,humano
202780181,humano
20bcs9772,humano
20manas,humano
20syldev,humano
21echoes,humano
2395000206,humano
23navi,humano
24-Muhammad-Ikhsan-X-PPLG-2,humano
247c,humano
24jr,humano
26126055-eng,humano
278kunal,humano
2820402,humano
2830500285,humano
284km,humano
28development,humano
295,humano
29hsaeed,humano
2JN,humano
2Pacalypse-,humano
2Senn,humano
2XG-DEV,humano
2akb,humano
2blo,humano
2chanhaeng,humano
2dubbing,humano
2giosangmitom,humano
2hands10fingers,humano
2hmad,humano
2huBrulee,humano
2l42h3r,humano
2manoj1,humano
2n3g5c9,humano
2nPlusOne,humano
2tokui,humano
2u841r,humano
2wheeh,humano
2wndrhs,humano
30ozSteak,humano
3107RU,humano
314systems,humano
31i0t,humano
341,humano
349989153,humano
38elements,humano
39015745,humano
3axap4eHko,humano
3c1u,humano
3den,humano
3dln,humano
3e33,humano
3jwddgm,humano
3lang3,humano
3lonious,humano
3miliator,humano
3nvy,humano
3rd-Eden,humano
3runoDesign,humano
3willows,humano
3xau1o,humano
3λiȯ+,humano
4-1-1,humano
404alya,humano
413n,humano
415DomSmith,humano
41y08h,humano
422158,humano
42shadow42,humano
43081j,humano
4310V343k,humano
478732,humano
47star,humano
4Furki4,humano
4RH1T3CT0R7,humano
4anghyeon,humano
4b6576696e,humano
4cm4k1,humano
4hmaad,humano
4ldas,humano
4leite,humano
4lejandrito,humano
4levels,humano
4nduril,humano
4nur4g,humano
4ortytwo,humano
4rpan,humano
4sagar,humano
4t4nner,humano
4zuko,humano
50Bytes-dev,humano
510846,humano
514-admin,humano
521707,humano
525c1e21-bd67-4735-ac99-b4b0e5262290,humano
539hex,humano
568815707,humano
57u,humano
58bits,humano
5alidz,humano
5ervant,humano
5hal1n,humano
5t111111,humano
6174,humano
61soldiers,humano
6220119,humano
6264737658,humano
634323580,humano
634750802,humano
65r,humano
686f6c61,humano
6TELOIV,humano
6be709c0,humano
6feferonka9,humano
6foot7,humano
6iu8a,humano
6ixB,humano
6mint,humano
6r3al,humano
6stringbeliever,humano
6yte96,humano
7-cat,humano
700software,humano
70928manson,humano
70ki8suda,humano
72L,humano
757566833,humano
77pintu,humano
791060555,humano
7alip,humano
7azemaamer,humano
7c78,humano
7elven,humano
7hokerz,humano
7iomka,humano
7kaji,humano
7mouse,humano
7oRR3s97,humano
7ruth,humano
7s4r,humano
7yue,humano
808vita,humano
87vrvk9k,humano
8989Rahul,humano
8bit-echo,humano
8bitDesigner,humano
8bittitan,humano
8byr0,humano
8ctopotamus,humano
8lane,humano
8rxn,humano
8spw,humano
904192063,humano
9140ankursingh-beep,humano
95959595t,humano
95real,humano
96529432,humano
9676-307031,humano
97Fakhreddine,humano
98rahul,humano
99Arrzel,humano
9sako6,humano
9vfQbg7z4ajrGQxR,humano
9vitorconti,humano
@whitep4nth3r,humano
A,humano
A K,humano
A-Emile,humano
A-Yucel,humano
A13k2,humano
A1Mex-web,humano
A1yks,humano
A7U,humano
AAAboutajedyne,humano
ABDELMAJIDRami,humano
ABK-Technik,humano
ACPK,humano
ACarlsson2,humano
AChangXD,humano
AChristoff,humano
ADNolan,humano
ADTC,humano
AFusco,humano
AGalbe,humano
AHBruns,humano
AHMADADEROZAK,humano
AIEAJN,humano
AIEngKenn,humano
AIwcom,humano
AJ Livingston,humano
AJax2012,humano
AKhoo,humano
AKockWorth,humano
ALBA-Aizawa,humano
ALFAMAS,humano
ALWISHARIFF,humano
AM-NiceDay,humano
AM-thedev,humano
AM-young-fun,humano
AMDphreak,humano
AMSTKO,humano
AMarlonG,humano
AMattRiley,humano
ANSHIKA-CP,humano
ANTARES-KOR,humano
AOBAdam,humano
AOEChamp,humano
AP-Forever,humano
APNSound,humano
APS6,humano
APSK22,humano
APrasad021,humano
AR-Student824,humano
ARGONoid,humano
ARKA0001,humano
ARiyou2000,humano
ARizk-7,humano
ARochniak,humano
ASDFGHJKLQWERTYUIOPA,humano
ASISBusiness,humano
AT1452,humano
ATIQ-SHAIKH,humano
ATK3Shape,humano
ATM-SALEH,humano
ATOM49,humano
ATacoo,humano
AVGP,humano
AWAIS97,humano
AWIXOR-zz,humano
AXLLLOW,humano
AZIMAT,humano
AZM,humano
Aabshir,humano
AadiSharma49,humano
Aaditya-Sahay,humano
Aagbator,humano
Aakash-Krishnan,humano
Aakash0440,humano
AakashKB,humano
Aakashdeep-Srivastava,humano
Aaqu,humano
AarNtyon,humano
Aaron Adler,humano
Aaron Brown,humano
Aaron Campbell,humano
Aaron Reisman,humano
Aaron Scherer,humano
Aaron Yarborough,humano
AaronDDM,humano
AaronFriel,humano
AaronJY,humano
AaronLayton,humano
AaronVr,humano
AatifxShaikh,humano
AayushKarki714,humano
AbadotDigital,humano
AbarnaaSree,humano
Abayoh,humano
Abd-Alwahab,humano
Abd-ksr,humano
Abd2rahman,humano
AbdQaddora,humano
AbdUlHamedMaree,humano
Abdallah NourAldin,humano
Abdel-Monaam-Aouini,humano
Abdelbasset10,humano
Abdelhadi92,humano
Abdellah-Idrissi,humano
Abdelrahman Mohamed,humano
Abdelrahman Rifai,humano
AbdelrahmanSadat,humano
AbdelrhmanX7,humano
Abdillah,humano
Abdubek,humano
Abdul Haseeb,humano
Abdul Rauf,humano
Abdul-Samii,humano
AbdulRahman-Sharief,humano
AbdulSamad94,humano
AbdulSamadMalik,humano
AbdulTheActivePiecer,humano
Abdulaleemu,humano
Abdulghane Jesry,humano
Abdulhalim Kara,humano
Abdullah,humano
Abdullah Mzaien,humano
AbdullahAnsarii,humano
AbdullahDiaa,humano
AbdullahElrubi,humano
AbdullahKhetran,humano
Abdulrahman Alfawal,humano
Abdulrahmanelheyb,humano
Abdón Rodríguez,humano
Abe Chen,humano
AbeCole,humano
Abel Tamayo,humano
Abhay,humano
AbhayaShankar,humano
Abhi3975,humano
AbhiPrasad,humano
AbhiShake1,humano
AbhiSmith,humano
Abhii5496,humano
Abhijeet Singh,humano
Abhinavcode13,humano
Abhinay Pandey,humano
Abhirup0,humano
Abhishek Garg,humano
Abhishek Ghimire,humano
Abhishek Kadam,humano
Abhishek Mardiya,humano
Abhishek Mehandiratta,humano
Abhishek Warokar,humano
Abhishek Y,humano
Abhishek-90,humano
Abhishek-Sati,humano
Abhishek-Selfridges,humano
Abhishek-Shukla-github,humano
Abhishek-Srivas,humano
AbhishekAglave,humano
AbhishekBagul,humano
AbhishekGiri04,humano
Abhiyan Dhakal,humano
Abhyshekbhalaji,humano
AbianS,humano
AbidemiT,humano
Abil-Shrestha,humano
AbingPj,humano
Abioze,humano
Abir,humano
Abir Taheer,humano
Ableez,humano
Abmarne,humano
AboNazari,humano
Abolfazl-ghodrati-k,humano
AbolfazlAdhami,humano
AbraaoAlves,humano
Abramovick,humano
AbreezaSaleem,humano
AbuBakkarSiddiqueAnir,humano
AbuHani,humano
Abubakarraza,humano
Abuchtela,humano
Abukodonosor,humano
Abuzeid1,humano
Abyrd9,humano
AccelKing12,humano
Ace0611,humano
Acerbic,humano
AchThomas,humano
Achaak,humano
Achour,humano
AchrefHASNI,humano
Ackuq,humano
ActualMediaNetwork,humano
AdaltonLeite,humano
Adam Bosco,humano
Adam Cowley,humano
Adam Goth,humano
Adam Hunter,humano
Adam Jones,humano
Adam Lane,humano
Adam Lavin,humano
Adam Mcgrath,humano
Adam Misiorny,humano
Adam Pietrasiak,humano
Adam Sobotka,humano
Adam Soffer,humano
Adam Stankiewicz,humano
Adam Tolley,humano
Adam Trager,humano
Adam Wathan,humano
Adam Zacharski,humano
Adam-Fresko,humano
AdamBinShowkot,humano
AdamC03,humano
AdamDavidson1,humano
AdamDiament,humano
AdamGonda,humano
AdamK222,humano
AdamKatzDev,humano
AdamLoumame,humano
AdamMikacich,humano
AdamOStark,humano
AdamPflug,humano
AdamT213,humano
AdamTuraj,humano
AdamZaczek,humano
AdamZajler,humano
AdamZajlerDDH,humano
Adambestlife,humano
Adamih,humano
Adamkaram,humano
Adarsh Konchady,humano
Adarsh-code169,humano
AdarshKonchady,humano
Adborowski,humano
Addono,humano
Adebiyi Adedotun,humano
Adecom16,humano
AdelShokry,humano
Adelrisk,humano
Adem,humano
Adem ilter,humano
Ademola Adegbuyi,humano
Adesh-Pandey,humano
Adevien,humano
Adham Fayrouz,humano
AdhamMoussa,humano
AdiAkhileshSingh15,humano
AdiPol1359,humano
AdielCohen,humano
Adil Amanat,humano
Adil Ansari,humano
AdilAmanat,humano
Adilio848,humano
AdisonCavani,humano
Adith Widya Pradipta,humano
Aditya Bhaskar Sharma,humano
Aditya K,humano
Aditya94A,humano
AdityaBorkar,humano
AdityaGupta-cyber,humano
AdityaOO73,humano
AdityaPunetha,humano
AdityaSrivastava185,humano
Adityak4201,humano
Adityakishore0,humano
Adityo Pratomo,humano
Admiralfeb,humano
Admon Sasson,humano
Adnan331-alqadi,humano
Adnanear,humano
Ado Kukic,humano
AdolfVonKleist,humano
Adonis0123,humano
AdonisAgelis,humano
Adophlidu,humano
AdorRahman,humano
Adrian Bettridge-Wiese,humano
Adrian Bienias,humano
Adrian Faustino,humano
Adrian Hartanto,humano
Adrian Li,humano
Adrian le Bas,humano
Adrian3PG,humano
AdrianAndersen,humano
AdrianFahrbach,humano
AdrianGlez18,humano
AdrianKBL,humano
AdrianMachado,humano
AdrianSaezClemente,humano
Adrianjs42,humano
Adriantobi,humano
Adrien HARNAY,humano
Adrien KISSIE,humano
Adrien MILLE,humano
AdrienFromToulouse,humano
AdultHeaven,humano
Advaita1,humano
AdytZZa22,humano
AdzerKI,humano
AeShevch,humano
Aedric,humano
Aemiro Allison,humano
Aeolun,humano
Aeonitas,humano
Aeonrush,humano
Aerilym,humano
AeroFiTech,humano
AeroWang,humano
Aertic,humano
AetherMindForge,humano
Afellman,humano
Aflah vp,humano
Afonso Jorge Ramos,humano
Afrozefathima,humano
Afsane Fadaei,humano
AfterThreeYears,humano
Afzal Sayed,humano
Agent-Aurelius,humano
AgentWell,humano
AgnesGresset,humano
Agontuk,humano
Agupane,humano
AgustinLaValla,humano
AgustinRamiroDiaz,humano
Agustín Tornielli,humano
Ah,humano
Ahab,humano
Ahmad Awais ⚡️,humano
Ahmad-Hanki,humano
AhmadIbrahiim,humano
Ahmdrza,humano
Ahmed Abdelbaset,humano
Ahmed Ayman,humano
Ahmed Essam,humano
Ahmed Tarek,humano
Ahmed-Elgendy25,humano
AhmedAzzabi,humano
AhmedBHameed,humano
AhmedBaset,humano
AhmedChabayta,humano
AhmedHHamdy,humano
AhmedMohammedMostafa,humano
AhmedMuhammedElsaid,humano
AhmedNihmet,humano
AhmedOsamaSecurrency,humano
AhmedRyad22,humano
AhmedSamy9999,humano
AhmedShehata98,humano
Ahmtdnz,humano
Ahn1,humano
Ahsan Moin,humano
AhsanAyaz,humano
AhsanSarwar45,humano
Ai01,humano
AiAutomationAgency,humano
Aias,humano
AiceGate,humano
Aichnerc,humano
Aid19801,humano
AienTech,humano
Aiglobelam,humano
AikoRamalho,humano
AimalKhanOfficial,humano
AirboZH,humano
AirmanEpic,humano
Aiseluck,humano
Aite Eboigbe,humano
AjaxSolutions,humano
Ajay01103,humano
AjayPoshak,humano
Ajeetlakhani,humano
AjithKumarRaviChandran,humano
Ajithp,humano
Ajmaljalal,humano
Ajoe88,humano
AkankshaVerma795,humano
AkaraChen,humano
Akash Patel,humano
Akash0463,humano
Akash504-ai,humano
AkashGoenka,humano
AkashPattanaik,humano
AkashRajpurohit,humano
Akbarshokh Sobirov,humano
Aketca,humano
Akhila Ariyachandra,humano
Akhilbisht798,humano
Akhr0,humano
Aki Matsumoto,humano
AkifumiSato,humano
Akila-Kavisinghe,humano
Akindolie Oluwatayo,humano
Akinjide,humano
AkipTsaqif,humano
Akira Kijinami,humano
Akira Tsuboi,humano
AkiraTsuboi,humano
AkiraVoid,humano
AkitoItashi,humano
AkmaludinFitra,humano
AkoWu101,humano
Akram,humano
Akramovic,humano
AkritW,humano
Akseli Palmer,humano
Akshat-Maheshwari,humano
AkshatGiri,humano
AkshatKaushik3005,humano
Akshay,humano
AkshayCloudAnalogy,humano
AkshayaAlipammiRagavan96,humano
Akshaypmna18,humano
Akshit Sinha,humano
Aktenor15,humano
Akuma Isaac Akuma,humano
Akumzy,humano
Akvigi,humano
AlaAlmuhsen,humano
AlaaCherif,humano
Alabhya Jindal,humano
Alaboudi1,humano
Alain,humano
Alain Kaiser,humano
AlainYRS,humano
Alan Daniel,humano
Alan Pledger,humano
Alan Russell,humano
Alan Toa,humano
Alan-QK,humano
AlanChauchet,humano
AlanGio,humano
AlanMorel,humano
AlanPieczonka,humano
AlaricBaraou,humano
Alban-i,humano
Albearoti,humano
AlbericTrancart,humano
AlbersJoy0629,humano
Albert Chang,humano
Albert-Gao,humano
AlbertFiat24,humano
AlbertGao,humano
Alberto Vilches,humano
AlbertoElias,humano
Albin Ekblom,humano
AlbinoGeek,humano
Albosonic,humano
AldeonMoriak,humano
Aldo Schumann,humano
Aldo-Garza,humano
AldoS,humano
AleFons,humano
AleMinacori,humano
AleVul,humano
Alec Mev,humano
Alecell,humano
Aleesssino,humano
AleferReinert,humano
Alegiter,humano
AlejandraAlmeida,humano
Alejandro,humano
Alejandro Garcia Anglada,humano
Alejandro Roigé,humano
Alejandro Ñáñez Ortiz,humano
AlejandroCosta02,humano
AlejandroSanchez90,humano
AlejandroSuero,humano
AlejandroV01,humano
Alejo-end,humano
Alek99,humano
Aleksa,humano
Aleksa Cukovic,humano
AleksaC,humano
AleksaMarjanov,humano
AleksandarAleksandrov,humano
AleksandarDev,humano
Aleksander,humano
Aleksandr Kondrashov,humano
AleksandrHovhannisyan,humano
AleksandrKarashev,humano
Aleksey Maltsev,humano
AlekseyMalakhov,humano
Aleksion,humano
AlenMartinez,humano
Alenriquez96,humano
Alessandro,humano
Alessandro Cifani,humano
Alessandro Grosselle,humano
Alessandro Ursino,humano
Alessandro-Vecchio,humano
AlessandroMaro80,humano
Alessio Maffeis,humano
AlessioGr,humano
Alex,humano
Alex Brazier,humano
Alex Carpenter,humano
Alex Castle,humano
Alex Cole,humano
Alex Hawley,humano
Alex Indigo,humano
Alex Johansson,humano
Alex Kirszenberg,humano
Alex Kolarski,humano
Alex Kostyniuk,humano
Alex Langenfeld,humano
Alex Matseshe,humano
Alex Moldovan,humano
Alex Olshansky,humano
Alex Page,humano
Alex Parish,humano
Alex Puertas,humano
Alex Ravenna,humano
Alex Safian,humano
Alex Vilchis,humano
Alex Yang,humano
Alex-Fes,humano
Alex-Rudoy,humano
Alex01d,humano
Alex1100,humano
Alex1899,humano
AlexApiko,humano
AlexBa,humano
AlexBrasileiro,humano
AlexBueckig,humano
AlexDenver,humano
AlexEnrique,humano
AlexFelgendreher,humano
AlexFrazer,humano
AlexGilleran,humano
AlexHaffer,humano
AlexIsMaking,humano
AlexKMarshall,humano
AlexKaridas,humano
AlexKlim,humano
AlexKorsakov,humano
AlexLup06,humano
AlexMNet,humano
AlexMartosP,humano
AlexMcClay,humano
AlexMeah,humano
AlexMuia31,humano
AlexOtero32,humano
AlexParton,humano
AlexProgrammerDE,humano
AlexRAV,humano
AlexSapoznikov,humano
AlexSostin,humano
AlexThomas90210,humano
AlexTr,humano
AlexW-Valtech,humano
Alexander,humano
Alexander Akait,humano
Alexander Bluhm,humano
Alexander Cai,humano
Alexander Dreith,humano
Alexander Fradiani,humano
Alexander Grattan,humano
Alexander Kachkaev,humano
Alexander Kadyrov,humano
Alexander Lichter,humano
Alexander Lyon,humano
Alexander Mandrov,humano
Alexander Nanberg,humano
Alexander Ryzhikov,humano
Alexander Savelyev,humano
Alexander Sviridov,humano
Alexander-Wilkins,humano
AlexanderEerenberg,humano
AlexanderHott,humano
AlexanderIgnacz,humano
AlexanderKozhevin,humano
AlexanderRichey,humano
AlexanderThiele,humano
AlexanderVishnevsky,humano
AlexandrKolesnikov,humano
AlexandraKlein,humano
Alexandre Baizeau,humano
Alexandre Cisneiros,humano
Alexandre Ferreira,humano
Alexandre Spehler,humano
AlexandreBourdeaudhui,humano
AlexandreMouyen,humano
AlexandreScht,humano
Alexandredc,humano
AlexandrosAnapolitanos,humano
AlexandrosGounis,humano
Alexandru Tasica,humano
Alexandru Tenie,humano
Alexcsmbz,humano
Alexej Dyschelmann,humano
Alexey Avdeev,humano
Alexey Boklin,humano
AlexeyLoktev,humano
AlexeySamosadov,humano
Alexis Rico,humano
Alexis-Bize,humano
AlexisGlez,humano
AlexisWalravens,humano
Alexisvt,humano
Alexn117,humano
Alexolo,humano
Alexoswin,humano
AlfieJones,humano
AlfonsZunderSystems,humano
AlfonzAlfonz,humano
Alfred Mountfield,humano
Alfred-Mountfield,humano
AlfredMadere,humano
Alfredoeb9,humano
Alfrex92,humano
Algram,humano
Ali Othmani,humano
Ali Tas,humano
Ali Yusuf,humano
Ali eslamifard,humano
Ali-0111,humano
Ali-Dalal,humano
Ali-Khamis,humano
AliEskandari,humano
AliMSDev,humano
AliMahmoudDev,humano
AliMejbar,humano
AliRazaDev27,humano
AliReza,humano
AliReza Bahrani,humano
AliReza99,humano
AliRezaBeitari,humano
AliSinaYOusofi,humano
AliYusuf95,humano
AliZaib-Emumba,humano
Alicetech,humano
Aliemeka,humano
Alien2150,humano
Alienah,humano
Alii-isk,humano
Alireeezaaappp,humano
Alireza17224,humano
AlisherGulom,humano
Alixame,humano
Allan,humano
Allan Chau,humano
Allan Guigal,humano
Allan-Nava,humano
AllanOliveiraM,humano
Allen,humano
Allen Hai,humano
Allen Zhou,humano
Allen-Wyatt,humano
AllenFang,humano
AllenWilliamson,humano
Allenyou1126,humano
AlloVince,humano
Alm0stEthical,humano
Almad,humano
Almada2021,humano
Almamu,humano
Almaz,humano
AlmazHecker,humano
AlmedinShala,humano
AlmogH,humano
Almuhanad-1,humano
Alndaly,humano
AlonHor,humano
AlonMiz,humano
Alopwer,humano
Alounv,humano
AlparslanAbdikoglu,humano
Alpha,humano
AlphaBravoIndia,humano
AlphaNecron,humano
Alpine78,humano
Alshie,humano
Alt-er,humano
Altacc1332,humano
Alter80,humano
AlteredConstants,humano
Altro31,humano
Altroo,humano
Aluisio,humano
AlvaroBernalG,humano
AlvaroParker,humano
AlvesJorge,humano
Alvin,humano
Alvin Bryan,humano
AlwaysLoveme,humano
Alxandr,humano
Aly Ahmed,humano
AlyonaSidarenka,humano
Amaan0484,humano
AmadeusTwi,humano
AmagiDDmxh,humano
Aman Mittal,humano
Aman-pandey-5909,humano
AmanAgarwal041,humano
AmanVarshney01,humano
Amandeep Singh,humano
Amansg4,humano
Amar-89,humano
Amar-Gill,humano
Amar97,humano
AmariahAK,humano
Amasoken,humano
AmatyaJoshi,humano
AmazingDevTeam,humano
AmazingTurtle,humano
AmedeoPelliccia,humano
AmeenJalali,humano
Ameralameri,humano
Amerehei,humano
Amethystafyy282,humano
Amila-Rukshan,humano
AminAddow,humano
AminDhouib,humano
AminTaiTntra,humano
Amir Ali,humano
Amir H. Khanjani,humano
Amir-Mirkamali,humano
AmirABody,humano
AmirL,humano
AmirShafikhani,humano
Amirali Esmaeili,humano
Amirbarzegari,humano
AmirhBeigi,humano
Amirhosein-hshm,humano
Amirhossein Beigi,humano
Amirko28,humano
Amirreza Gholami,humano
AmitSingh-5600,humano
Amith Mihiranga,humano
Amitkanswal,humano
Amman30,humano
Ammar-1999,humano
Ammar-kutubee,humano
Ammar1999y,humano
AmnonSkladman,humano
Amogh-2404,humano
Amp-kebinjoy,humano
Amr Saber,humano
AmrAhmedA,humano
AmrSaber,humano
Amstrong,humano
Amusac,humano
Amy Burns,humano
AmyBlankenship,humano
Amyx000,humano
An-Cu,humano
AnYiEE,humano
AnaTofuZ,humano
Anam0927,humano
AnandChowdhary,humano
AnandK1100,humano
Ananta Bastola,humano
AnanthSankaralingam,humano
Ananyajadon,humano
AnarchSun,humano
Anas,humano
Anas-Nabulsi,humano
Anas-github-acc,humano
AnasAitzouinet,humano
AnasArafeh,humano
AnasSafi,humano
AnastasiiaRoch,humano
AnastasiusVivaldus,humano
AnatoleLucet,humano
Anatolii Kurochkin,humano
AnatoliiCubex,humano
Anay Paraswani,humano
Ancubed,humano
AndKenneth,humano
Andarist,humano
AndehUK,humano
AnderWill,humano
Anders D. Johnson,humano
Anders Kjær Damgaard,humano
Anders Søgaard,humano
AndersDJohnson,humano
AndersGerner,humano
Anderson Leite,humano
Anderson-Pozo,humano
Anderssi,humano
Andkoo,humano
AndonMitev,humano
Andre Hsu,humano
Andre9979,humano
AndreAffonso,humano
AndreChavs,humano
AndreLuizMag,humano
AndreMaz,humano
AndreMiras,humano
AndrePessoa,humano
AndreSilva1993,humano
AndreVarandas,humano
AndreaGero,humano
Andreas,humano
Andreas Lubbe,humano
Andreas Opferkuch,humano
Andreas-UI,humano
AndreasBBS,humano
AndreasWintherMoen,humano
AndreasZeiser,humano
Andrei Pfeiffer,humano
Andrei Stefan,humano
Andrei Zanouski,humano
Andrei997,humano
AndreiAyar,humano
AndreiBalan-dev,humano
AndreiCravtov,humano
AndreiIlisei,humano
AndreiRupertti,humano
AndreiTheDev,humano
AndrejGajdos,humano
Andres Alvarez,humano
Andres Barbaro,humano
AndresCampuzano,humano
AndresContreras96,humano
AndresdoSantos,humano
Andrew Cherniavskii,humano
Andrew Clark,humano
Andrew D'Amelio,humano
Andrew Fiedler,humano
Andrew Gadzik,humano
Andrew Garvin,humano
Andrew Gerard,humano
Andrew Hollenbach,humano
Andrew Hurle,humano
Andrew Imm,humano
Andrew Jiang,humano
Andrew Johnson,humano
Andrew Kim,humano
Andrew Matthews,humano
Andrew McCloud,humano
Andrew McLagan,humano
Andrew Mikofalvy,humano
Andrew Nagy,humano
Andrew Paramoshkin,humano
Andrew Razumovsky,humano
Andrew Turner,humano
Andrew-Dyachenko,humano
Andrew-web-coder,humano
Andrew199617,humano
Andrew67,humano
Andrew9614,humano
AndrewBarba,humano
AndrewBoklashko,humano
AndrewChenDev,humano
AndrewDiMola,humano
AndrewDoesNotCompute,humano
AndrewDongminYoo,humano
AndrewDragonCh,humano
AndrewEastwood,humano
AndrewIngram,humano
AndrewIsh,humano
AndrewLeedham,humano
AndrewMyint,humano
AndrewRPorter,humano
AndrewRayCode,humano
AndrewSmir,humano
AndrewThian,humano
AndrewUsher,humano
AndrewVetovitz,humano
AndrewVos,humano
Andrewnt219,humano
Andrey Krasovsky,humano
Andrey Lunyov,humano
Andrey Marchenko,humano
Andrey Okonetchnikov,humano
Andrey-Bazhanov,humano
AndreyFedarovich,humano
AndreyKornyusko,humano
AndreyKovanov,humano
AndreyMarchuk,humano
AndreyMay,humano
Andreyrvs,humano
Andrii Bodnar,humano
Andrii Hrynenko,humano
Andrii-Antoniuk,humano
AndriiPozniakov,humano
AndrisBorbas,humano
Andriy-Kulak,humano
AndriyBas,humano
AndriyTykhan,humano
André,humano
Andrés Bedoya (SrHart),humano
Anduyosh,humano
Andy,humano
Andy Kenward,humano
Andy O'Brien,humano
Andy Wooldridge,humano
Andy671,humano
AndyBitz,humano
AndyChinViolet,humano
AndyOGo,humano
AndyRae,humano
Aneesh-382005,humano
Anerco,humano
Angel Gomez,humano
Angel Lopez Pol,humano
Angel P.,humano
Angel200O,humano
AngelAlexQC,humano
AngelAngelides,humano
AngelMaldonado,humano
Angelelz,humano
Angelfire,humano
Angelmmiguel,humano
Angelo Ashmore,humano
Angelo P,humano
Angramme,humano
Angusross111,humano
Aniket Singh Rawat,humano
AniketRane,humano
AniketUndalekar1997,humano
Aniketpagedar,humano
AnilSeervi,humano
Anindya Dey,humano
Anirban20001962,humano
AniruddhaGawali,humano
AnirudhSinghBhadauria,humano
Anish Paudel,humano
Anishpras,humano
Anisi,humano
Anjorin Damilare,humano
Ankcorn,humano
Ankish76,humano
Ankit Kashyap,humano
Ankit Tiwari,humano
Ankit006,humano
Ankit1598,humano
Ankitajainkuniya,humano
Ankur Datta,humano
Ankur Dwivedi,humano
Ankur Prajapati,humano
Ankur02Sarkar,humano
AnnaShubskaya,humano
AnnaVih,humano
AnnatarHe,humano
Annouymous,humano
Annukul,humano
AnonOnr,humano
Anonyfox,humano
Anonymous-fe,humano
AnotherDolphin,humano
AnouarMc,humano
AnsarSamad,humano
Anshgrover23,humano
Anshuman Bhardwaj,humano
Anshuman71,humano
AnsonT,humano
Ansub,humano
Ansvyager,humano
Ant59,humano
Ante Sepic,humano
AntelaBrais,humano
Anthony Cerbic,humano
Anthony Maki,humano
Anthony Mittaz,humano
Anthony Morris,humano
Anthony Oyathelemhi,humano
Anthony Shew,humano
Anthony Short,humano
Anthony Zheng,humano
AnthonyDugarte,humano
AnthonySchneider2000,humano
AnthonyZhang220,humano
Anthoowo,humano
Antimated,humano
Anto-Napo,humano
Antoine Apollis,humano
Antoine Bourin,humano
Antoine Chalifour,humano
AntoineBourin,humano
Anton Egorov,humano
Anton Moiseev,humano
Anton Petrov,humano
Anton Rieder,humano
AntonAL,humano
AntonAndreevichMoroz,humano
AntonBurduzha,humano
AntonKL,humano
AntonRatnick,humano
AntonZaikaFXE,humano
Antonio Pitasi,humano
Antonio Young,humano
Antonio-Laguna,humano
Antonio112009,humano
AntonioObra,humano
AntonioRedondo,humano
Antonis Angelis,humano
AntonyF-Andreani,humano
AntonyJudeShaman,humano
AntonyM71,humano
Antor666777,humano
Antraxmin,humano
Anuj Bolewar,humano
Anuj Singh,humano
Anuj1p,humano
AnujSsStw,humano
Anup30giri,humano
AnuragTiwari1,humano
Anusha0501,humano
Anvarmirzo,humano
Anvi Banga,humano
AnweshGangula,humano
AnzeKop,humano
AoiTechDev,humano
Aoichaan0513,humano
Aokoooooo,humano
AoverK,humano
ApacheEx,humano
Aperrix,humano
Apestein,humano
Apezdr,humano
Apollo-XIV,humano
Apoorva143,humano
Apostolos Tsakpinis,humano
ApplY3D,humano
AppleNectar,humano
ApplePieGiraffe,humano
ApprenticeGC,humano
AprildreamMI,humano
Apro-yuto,humano
Apu-Emdad,humano
Apurv Chimralwar,humano
Aqours,humano
ArafathShemanto,humano
Aral Roca Gomez,humano
Aralf,humano
Aralhi,humano
AramZS,humano
Arana Jhonny,humano
Ararat7,humano
Arash78-Dev,humano
Aravind Putrevu,humano
AravindDasarathy,humano
Arbyl,humano
Archana Agivale,humano
Archibald1948,humano
Archisketch-Finn,humano
Archiyopp,humano
Arctomachine,humano
Arda TANRIKULU,humano
Ardani Rohman,humano
Arditc,humano
Arek Mytych,humano
Arfa Ahmed,humano
Arghya003,humano
Arham Khawar,humano
Ari Freyr Asgeirsson,humano
Ari Leo Frankel,humano
AriFreyr,humano
AriLFrankel,humano
AriPerkkio,humano
Aria,humano
AriaMoradpour,humano
AriajSarkar,humano
Arian,humano
ArianHamdi,humano
Aribaskar-jb,humano
Ariel Fuggini,humano
Ariel-Rodriguez,humano
ArielSempertegui,humano
AriesMalaca-munrofg,humano
ArifAli999,humano
Ariiieee,humano
Arindam Majumder,humano
Arindam200,humano
Arinjay Dhar,humano
Arinji2,humano
Arish-Shah,humano
Aristodemusa,humano
Arizona-dev,humano
Arjan-Zuidema,humano
ArjobanSingh,humano
Arjun0o,humano
ArjunCodess,humano
Arjunr7019,humano
Armadillidiid,humano
ArmanNisch,humano
Armand Abric,humano
Armando A. Calderón,humano
Armando Magalhães,humano
Armenvardanyan95,humano
ArmorDarks,humano
Armster15,humano
Arnab Sen,humano
Arnar Kári Ágústsson,humano
Arnarkari93,humano
ArnasJack,humano
Arnaud Favier,humano
ArnaudBand,humano
ArnaudFavier,humano
Arne Wiese,humano
Arno,humano
ArnoBuschmann,humano
ArnoldVanN,humano
Aror,humano
Arpit Patidar,humano
Arpitgoyalgg,humano
Arsalan Khattak,humano
Arsalan04,humano
Arsenalist,humano
Arsenethierry,humano
Arseny,humano
Arseny Garelyshev,humano
Arseny Kruglikov,humano
ArsenyUkrainsky,humano
Arshiash80,humano
Arskah,humano
Artem,humano
Artem Samofalov,humano
Artem Zakharchenko,humano
Artem Zelenov,humano
ArtemGovorov,humano
ArtemGrachov,humano
Artforge,humano
Arthie,humano
Arthur,humano
Arthur Denner,humano
Arthur Fiorette,humano
Arthur Maverick,humano
Arthur Petrie,humano
Arthur Puyou,humano
Arthur Sedlukha,humano
ArthurClemens,humano
ArthurDias01,humano
ArthurDinalli,humano
ArthurGerbelot,humano
ArthurGoupil,humano
ArthurMaverick,humano
ArthurPedroti,humano
Articles-Joey,humano
Artiesy,humano
ArtisJr,humano
Artist-MOBAI,humano
ArtoszBart,humano
Artsiom-Mazurkevich,humano
Artsu,humano
Artur Bień,humano
Artur Kornakov,humano
Artur Muller,humano
Artur Parkhisenko,humano
Artur Sedlukha,humano
Artur-Sahakyan,humano
ArturAmpilogov,humano
ArturKazuo,humano
ArtyCodingart,humano
Artyom Kurnikov,humano
Artyom22,humano
ArtyomResh,humano
Artyx71,humano
Arun S V,humano
Arun-ez,humano
Arun12Muralidharan,humano
Arunjenson,humano
Arunjenson-ss,humano
Arunoda Susiripala,humano
Aruseli,humano
ArvandDev,humano
Arvind644,humano
Arya,humano
Arya Emami,humano
Arya Sadeghi,humano
Aryan Beezadhur,humano
Aryan Malik,humano
Aryan-Jadon18,humano
Aryan-joh,humano
AryanJ-NYC,humano
AryanP45,humano
AryanParashar24,humano
AryanVBW,humano
AryanXhauhan,humano
Asad Khan,humano
AsadRazaJutt1,humano
AsadSaleh,humano
AsathalMannan,humano
AsazuTaiga,humano
AsfalothDE,humano
Asgarrrr,humano
Ash Connell,humano
AshConnolly,humano
AshMW2724,humano
AshMirza3,humano
Asheboy,humano
AshenCat,humano
Asher Foster,humano
Asher Oloo,humano
AsherFoster,humano
AsherWright,humano
Asherlc,humano
Ashik Paul,humano
Ashik045,humano
Ashikpaul,humano
Ashish-bbg,humano
Ashish5180,humano
AshishKapoor,humano
Ashka59,humano
Ashkumar7,humano
Ashley,humano
AshleyJackson,humano
AshokGaire3,humano
AshotN,humano
Ashraful-Mijan,humano
Ashraful-repliq,humano
Ashutosh0x,humano
AshutoshIIT1234,humano
AshutoshKumar0206,humano
AshviniKumar90,humano
Ashvith10,humano
Ashwinvalento,humano
AsiF-Py,humano
Asifdecoder,humano
Asifislam7,humano
AsimAlam,humano
AsimSafarli,humano
Asish-AP,humano
AsitDixit,humano
Askoth,humano
AslanArt,humano
Asmodus-Devki,humano
Asodariyasujal,humano
Asoul,humano
AsrafulAsif,humano
Asrover,humano
Asset03,humano
Assilkasr,humano
AssisrMatheus,humano
AstRonin,humano
Astalsi401,humano
Astra-RX,humano
Astrantia,humano
AsuraKev,humano
Asurefu,humano
Aswath-Senthilkumar,humano
Ataide,humano
AtaliaRefua,humano
Atalus,humano
AtanasChachev,humano
Atari-Frosch,humano
AteebNoOne,humano
AtefBadreddine,humano
AtharvaChobe,humano
Athelian,humano
Athrun-Judah,humano
Atifarooq,humano
Atila Fassina,humano
AtlasPilotPuppy,humano
Atliac,humano
Atmospheres,humano
AttackOnMorty,humano
Attidd,humano
Attila Repka,humano
AttilaTheHun,humano
Aubrey,humano
AubreyHewes,humano
Audrey-Ann,humano
Augustin Mauroy,humano
AugustinLF,humano
AugustinMauroy,humano
AugustinSorel,humano
Augusto1996-sys,humano
AugustsK,humano
AugustusZ,humano
Aung-Myint-Thein,humano
AurangzaibRamzan,humano
AurelianSpodarec,humano
AuroPick,humano
Aurora Scharff,humano
Aurélien MANCA,humano
AussieWebDev,humano
Austaras,humano
Austin Huang,humano
Austin Humes,humano
Austin P,humano
Austin Riba,humano
Austin1serb,humano
AustinCase,humano
AustinShelby,humano
Auxdible,humano
Avasam,humano
AverTry,humano
Averethel,humano
Avery Morin,humano
AveshLutchman,humano
Avi Aryan,humano
Avi Avinav,humano
Avi Goldman,humano
Avi98,humano
AviAvinav,humano
AviVahl,humano
AvidDabbler,humano
Avik-creator,humano
AvinashSoorineedi,humano
Aviortheking,humano
AvishakeAdhikary,humano
AvivHagag,humano
Avneeshdesai,humano
AvraamMavridis,humano
Avratz,humano
AvroraPolnareff,humano
Awakened-Redstone,humano
Awem,humano
AwesomeDevin,humano
AwesomeObserver,humano
Axedyson,humano
Axel Mohamed SADAT,humano
AxelUser,humano
Axiol,humano
Axxoul,humano
Axxxx0n,humano
AyanCodes,humano
Ayanwola Ayomide,humano
Aydın Akan,humano
Ayesha1212,humano
Ayhan,humano
Ayman-jazz,humano
AymanMorsy,humano
Aymanemadidi,humano
Aymeric PINEAU,humano
Ayodele Samuel Adebayo,humano
AyoubAtba,humano
AyoubBenabid,humano
AyrDS,humano
AyronK,humano
Ayterx,humano
Ayub-7,humano
Ayush,humano
Ayush-v,humano
AyushDubey23,humano
AyushK5ingh,humano
AyushPandey003,humano
Ayzrian,humano
Azayzel,humano
Azeez Lukman,humano
Aziaev,humano
Azim Atefi,humano
Aziz Abbas,humano
Aziz Khambati,humano
Aziz-JH,humano
AzizOzenir,humano
AzizStark,humano
AzizTareq295,humano
Azoonex,humano
Azteker,humano
Azumaxoid,humano
B-Esmaili,humano
B-Salinas,humano
B-Schmitz,humano
B1rch,humano
B33fb0n3,humano
B3N101,humano
BABA983,humano
BADHON512,humano
BB-19,humano
BButner,humano
BDav24,humano
BFMarks,humano
BIT-zhaoyang,humano
BIhab,humano
BKR-dev,humano
BLUE-YBZ,humano
BLamy,humano
BLucky-gh,humano
BMscis,humano
BONX9926,humano
BPScott,humano
BR4VE,humano
BRAVO68WEB,humano
BSeipler,humano
BStoller,humano
BTMPL,humano
BURROO,humano
BWBama85,humano
BWsix,humano
BYUNGI,humano
BaDo2001,humano
Babailan,humano
Babaktrad,humano
Babbili,humano
Babu-Mohammed-Izhan,humano
BabuBahir,humano
BackSpaceTech,humano
BackToHappyBear,humano
Badbird5907,humano
Bader975,humano
Badestrand,humano
Badlapje,humano
BadmWe,humano
Badrul-QAI,humano
Badyl1g,humano
BafS,humano
Baffin Lee,humano
BaffinLee,humano
Bahaa-Sobhy,humano
Baheya,humano
Baheya Khalifa,humano
Bahlaouane-Hamza,humano
BahmanBinary,humano
BahmanTimas,humano
Baiang,humano
BaileyMillerSSI,humano
BaileySimrell,humano
Bajpai25,humano
Bakon,humano
Baku452,humano
BalajiSriraman,humano
Balamir,humano
Balance8,humano
BalduinB,humano
Baleksas,humano
Balint Lendvai,humano
Balkeo,humano
Ballalhossaintalukder,humano
Balyeet1,humano
Balázs Orbán,humano
Bamieh,humano
BanDroid,humano
Banbarashik,humano
"Bang, Jaehun",humano
Bant89,humano
BaoPham92,humano
Baoshuo Ren,humano
Bar,humano
BarakChamo,humano
Barbu-Razvan,humano
BarcDevs,humano
Baribj,humano
Barik85,humano
Baris Sayil,humano
Barokai,humano
Barooders,humano
Barralex,humano
Barry,humano
BarrySaikSoundry,humano
BarryThePenguin,humano
Bart Deslagmulder,humano
Bart Langelaan,humano
Bart Nagel,humano
Bart3kL,humano
BartJanvanAssen,humano
Bartek532,humano
Bartosz Kaszubowski,humano
BartoszKlonowski,humano
Bartunek,humano
Bartłomiej Krakowski,humano
Baruch-Adi Hen,humano
Baryonae,humano
BasVerdoorn,humano
Basant,humano
Bashamega,humano
Bashu Naimi-Roy,humano
BasitAli,humano
BasixKOR,humano
Bast1onCZ,humano
BastKakrolot,humano
BastienFerbu,humano
Batman-q96,humano
Batscurrancy,humano
BattulaYaswanth,humano
BatuhanAktan,humano
Baukaalm,humano
Bauyrzhan,humano
BayanBennett,humano
BblythePan,humano
BdanB,humano
BeKnowDo,humano
BeLazy167,humano
BeachBumJosh,humano
BeastMasterGrinder,humano
Becky V,humano
Bee Ellis,humano
BeezBeez,humano
Behnoudmst,humano
Behzad Mehrabi,humano
Bekacru,humano
BekahHW,humano
Bekhzod96,humano
BekirEfeoglu,humano
Bekon0700,humano
Bel,humano
Belco90,humano
BeldimanAR,humano
BelenLuo-tech,humano
BellCubeDev,humano
Belyash,humano
Ben,humano
Ben Botvinick,humano
Ben Brook,humano
Ben Butterworth,humano
Ben Goerdt,humano
Ben Gubler,humano
Ben Hadfield,humano
Ben Heidemann,humano
Ben Ilegbodu,humano
Ben James,humano
Ben Kweon,humano
Ben Murden,humano
Ben Plate,humano
Ben Read,humano
Ben Schwarz,humano
Ben Spinks,humano
Ben-Kincaid,humano
BenAllenUK,humano
BenBab,humano
BenBrewerBowman,humano
BenChirlinn,humano
BenLyddane,humano
BenMasel,humano
BenMcD0nald,humano
BenMukebo,humano
Benadato,humano
Benanna2019,humano
Benevos,humano
Benimation,humano
Benjamin Atkin,humano
Benjamin Bender,humano
Benjamin Coe,humano
Benjamin E. Coe,humano
Benjamin Hanes,humano
Benjamin Hoffman,humano
Benjamin Kniffler,humano
Benjamin Pearson,humano
Benjamin Staneck,humano
Benjamin Woodruff,humano
Benjamin Woodruff ‮,humano
Benjamin-Keffer,humano
BenjaminIsMyName,humano
BenjaminLindberg,humano
BenjaminToby,humano
BenjaminWFox,humano
Benjie,humano
Benjythebee,humano
Benman2005,humano
Bennett Dams,humano
BennettStaley,humano
Bennit,humano
BenocxX,humano
BenoitAverty,humano
BenoitHiller,humano
BentoumiTech,humano
BenyD,humano
BeqaLobzhanidze,humano
Beraliv,humano
Berdugo1994,humano
Bernard Lin,humano
BernardA,humano
Bernardo Belchior,humano
Bernardo Gomes,humano
Bernardoow,humano
Bernat Orell,humano
Bernd Artmüller,humano
Bernd Strehl,humano
BernieSumption,humano
BeroBurny,humano
BertStewartTR,humano
Bertrand Marron,humano
BertrandBordage,humano
Bessonov,humano
BestTrier,humano
Bestme-admin,humano
Bestulo,humano
Besuf,humano
BethanyBerkowitz,humano
Betree,humano
BetterToCcc,humano
Bewenben,humano
Bexy-Lyn,humano
BeyondEvil,humano
BhandarkarPawan,humano
Bharat23,humano
Bhargav Ponnapalli,humano
BhargavEverestek,humano
Bhaskar Murthy,humano
BhaskaranR,humano
Bhavdeep-Sai,humano
Bhavya Patel,humano
Bhavya031,humano
BhavyaCodes,humano
BhavyaJain711,humano
BhupenT,humano
Bhupeshverma,humano
Biboswan,humano
Bidouyeur,humano
Bielik20,humano
BierDav,humano
BigBrainAFK,humano
BigOoga,humano
BigSully,humano
BigTomM,humano
BigglesZX,humano
Bigisoft,humano
Bigyan,humano
BihotzStudio,humano
BijayRai,humano
BijonTalukder,humano
Biki-das,humano
Bikz,humano
Bilal-pasha,humano
BilalJaved15,humano
Bilalkhan4086,humano
Bill Hefty,humano
Bill Searle,humano
BillChirico,humano
BillJC-Liu,humano
Billcountry,humano
BillyLevin,humano
BillyPurvis,humano
BinLiang1990,humano
Bing Quan,humano
BintangAldian17,humano
Bintmuhd,humano
BiosBoy,humano
Biratus,humano
BiscuiTech,humano
BishalN,humano
Bissane,humano
Bisxsh,humano
BitOfaLegend,humano
BitYoungjae,humano
Bjodol,humano
BjoernRave,humano
BjornFridal,humano
Bjornnyborg,humano
Björn,humano
Björn Tegelund,humano
Bjørn Nyborg,humano
BlackGlory,humano
BlackHatMan,humano
Blackfaded,humano
Blackglade,humano
BlackishGreen33,humano
Blagoj5,humano
BlairStewart,humano
BlakeBrown,humano
BlakeHastings,humano
BlakePetersen,humano
Blakew18,humano
BlankParticle,humano
BleakMidwinter90,humano
BleddP,humano
BleedingDev,humano
Blessen,humano
Bleuzen,humano
Blevs,humano
Bligoubloups,humano
Blinks44,humano
Blitz2145,humano
BlueBird77,humano
BlueManCZ,humano
BluetyIt,humano
BlumLie,humano
BlvckParrot,humano
BnAmN,humano
Bnaya,humano
Bo-Teng,humano
BoBoooooo,humano
BoChao-Hsu,humano
Boaris,humano
BoazTheBuilder,humano
Bob Ziroll,humano
BobbiSixkiller,humano
Bobbie Soedirgo,humano
Bobby Lee,humano
Bobeta,humano
Boby900,humano
BobyOne911,humano
BodaThomas,humano
BodhiHu,humano
Bogdan Chadkin,humano
BogiKay,humano
BohdanCredible,humano
Bohdanishappy,humano
BoiAbsent,humano
BoilingSoup,humano
Bojun-Vvibe,humano
BolajiAyodeji,humano
Bon2xl,humano
BongBongBang,humano
Bonggyun Lee,humano
BongzThombeni,humano
Boniqx,humano
Bonitis,humano
Bonjur,humano
Booker-CU,humano
Boosmith,humano
BootprojectStore,humano
Bora Öksüzoğlu,humano
BoraALAP,humano
BorePlusPlus,humano
BoreasMun,humano
Borek Bernard,humano
BorghildSelle,humano
Borgo99,humano
Boris,humano
Boris Berman,humano
Boris Besemer,humano
BorisBarzotto,humano
BorisWRLB,humano
Borisstoy,humano
Bormxx,humano
BorysShulyak,humano
BosenY,humano
BossBele,humano
BoubleJ,humano
Bournegit,humano
Bowen,humano
Bowens20832,humano
BowgartField,humano
BowlingX,humano
BoxedFruits,humano
Boyan Bratvanov,humano
Bozhen,humano
Brad Cornes,humano
Brad Larson,humano
BradErz,humano
Braden Kelley,humano
Bradley Dirheimer,humano
Bradley Turek,humano
Bradley Wilson-Hunt,humano
BradleyBurgess1,humano
BradleyEvans96,humano
Braedencraig,humano
BrainEno,humano
Brais Antela,humano
Bram-Zijp,humano
BramDecuypere,humano
BramMeerten,humano
BranceLee,humano
BrandNewLifeJackie26,humano
Brandawg93,humano
Branden Dane,humano
Brandon Bayer,humano
Brandon Chang,humano
Brandon Chinn,humano
Brandon Duffany,humano
Brandon Norsworthy,humano
Brandon Owens,humano
Brandon Romano,humano
BrandonE,humano
BrandonNoad,humano
BrandonRomano,humano
BranonConor,humano
BraveLilToaster,humano
BraveNima,humano
Braveheartforyou,humano
Brekk,humano
Brendan Houle,humano
BrendanSluke,humano
Brennan Colberg,humano
BrennanColberg,humano
Brenndoerfer,humano
Brent Clark,humano
Brent Ertz,humano
Brent Mealhouse,humano
BrentJohnsonNz,humano
BretCameron,humano
BrettHoutz,humano
Brettkgamble,humano
Breuls,humano
Brew-Brew,humano
Brian Beck,humano
Brian Blosser,humano
Brian Cooper,humano
Brian Dombrowski,humano
Brian Ewins,humano
Brian Gershon,humano
Brian Kim,humano
Brian Lou,humano
Brian Mathews,humano
Brian Muenzenmeyer,humano
Brian Noguchi,humano
Brian Rayburn,humano
Brian Shanley,humano
Brian-McBride,humano
BrianHHough,humano
BrianMwit,humano
Brianvdb,humano
Brice BERNARD,humano
BrickCarvingArtist,humano
Brikou CARRE,humano
Britnell,humano
Brittany Walker,humano
Bro3Simon,humano
BrockWS,humano
Broda Noel,humano
BrodaNoel,humano
Brody Dingel,humano
Brody McKee,humano
BrodyEller,humano
Broniolael90,humano
Brooke,humano
Brooooooklyn,humano
Bruce Rodrigues,humano
Bruce-Hopkins,humano
Bruce9000,humano
BruceHubbard,humano
BruceRodrigues,humano
Bruh-Codes,humano
Bruno,humano
Bruno Antunes,humano
Bruno Bernardino,humano
Bruno Crosier,humano
Bruno Eduardo de Souza Medeiros,humano
Bruno Nascimento,humano
BrunoBernardino,humano
BrunoFerreira95,humano
BrunoHiis,humano
BrunoQuaresma,humano
Bryan Dandan,humano
Bryan Lee,humano
Bryan Nguyen,humano
Bryan Smith,humano
BryanAM,humano
BryanPaoli,humano
BryantIT,humano
Bryce Kalow,humano
Brycero,humano
Bryn Dyment,humano
Bsignx,humano
Bsodoge,humano
Bu Kinoshita,humano
Bubbleinpit,humano
BuckyMaler,humano
BuddhiAbeyratne,humano
BuddhiAbeyratneAL,humano
BuddyLReno,humano
Budmin,humano
Bug-Hanter,humano
Buhaiyang,humano
Bulbariss,humano
Buminta,humano
Bundas,humano
Buns Enchantress,humano
BunsDev,humano
Burak,humano
Burak Tokak,humano
BurgerBurglar,humano
BurgerZ,humano
Burry,humano
Bushuo,humano
Butonix,humano
BuzzardM,humano
By-Ha,humano
ByAnthony,humano
ByamB4,humano
Byron,humano
Byron Polley,humano
Byron2016,humano
ByronKweh,humano
ByronSpencer,humano
Bülent Güven,humano
Bünyamin Benny Genel,humano
C-3-F,humano
C-E-Rios,humano
C-Jeril,humano
C-W-D-Harshit,humano
C. Lewis,humano
C. T. Lin,humano
C0casio45,humano
C3-TKO,humano
C3ntraX,humano
C4rl0s,humano
CBrian04,humano
CCPablo,humano
CD,humano
CGamesPlay,humano
CHC383,humano
CHNsPart,humano
CHU295,humano
CHarnel,humano
CITGuru,humano
CJ Dunteman,humano
CJEnright,humano
CJstate,humano
CKGrafico,humano
CMCDragonkai,humano
CMarshall92,humano
CMatheus04,humano
CMeeg,humano
CN-M,humano
CN-Yi,humano
CNLHC,humano
CPunisher,humano
CR1AT0RS,humano
CRAKZOR,humano
CRIMSON-CORP,humano
CS-Rose,humano
CSY54,humano
CTNicholas,humano
CTOverton,humano
CV1admin,humano
CYriuk,humano
CaarLo1337,humano
Cabagemage,humano
Cachorro Cami,humano
CachorroC,humano
Cactice,humano
Caelus-RaduDobre,humano
Caesar-APAX,humano
CaesuraMediaNet,humano
Cahmoraes,humano
CaioMatias,humano
CaitlinWeb,humano
Cajuteq,humano
Calandal95,humano
Caleb Barnes,humano
Caleb Fetzer,humano
Caleb Webber,humano
CalebBarnes,humano
CalebLovell,humano
CalebMacdonaldBlack,humano
Callenowy,humano
CallmeHongmaybe,humano
Callum Booth,humano
Callum Gare,humano
Callum Locke,humano
Callum Silcock,humano
Callum-Newton,humano
Calmon Ribeiro,humano
CalvinKorver,humano
CalvinSundar,humano
CalvineHicks,humano
Cameron,humano
CameronCT,humano
CamilaSolis,humano
Camille Barneaud,humano
CamilleLegeron,humano
CamiloGdev,humano
CampbellReid,humano
Can Temizyurek,humano
CanKattwinkel,humano
CanRau,humano
Cannon Lock,humano
CannonLock,humano
Cantinaband,humano
Capeleto,humano
CapitaineToinon,humano
Capricair,humano
CaptShmo,humano
CaptainChemist,humano
CaptainN,humano
CaptainRemo,humano
CapySloth,humano
CarbonNeuron,humano
Carduelis,humano
Carl von Buelow,humano
Carl-Foster,humano
CarlGarside,humano
CarlJMcGee,humano
Carles11,humano
Carlo,humano
Carlo Palinckx,humano
Carlo Quick,humano
CarloPalinckx,humano
CarloQuick,humano
CarloSaccone,humano
Carlos,humano
Carlos Menezes,humano
Carlos Pavanetti,humano
CarlosAbundance,humano
CarlosBalladares,humano
CarlosLevir,humano
CarlosOlave,humano
CarlosRubioRincon,humano
CarlosVergikosk,humano
CarltonHenderson,humano
Carlwirkus,humano
Carmelo Scandaliato,humano
CarmeloXue,humano
CarrettaRiccardo,humano
Carrie999,humano
CarsonMcKinstry,humano
Carsten Lebek,humano
CarterRoll,humano
Cartman720,humano
Caryyon,humano
Casal0x,humano
CaseSens,humano
Casey Ocampo,humano
Casper,humano
CassWindred,humano
Cassidy Williams,humano
CastaChick,humano
CatNose,humano
CatStudioApp,humano
CatalinScaesteanu,humano
CaterJ,humano
Catherine Deskur,humano
CatsInJune,humano
Cauan Cabral,humano
CauanCabral,humano
Cauen,humano
Cauldrath,humano
CavalloneChen,humano
Cavalon-io,humano
CavidM,humano
Cayan,humano
Ccastillo06,humano
CeamKrier,humano
Cedar-81,humano
CedericPrivat,humano
CedricArtigue,humano
Celsiusss,humano
Cemalovic,humano
Cena Kopahi,humano
CentralHaat,humano
CertainlyAria,humano
CertifiedWebMaster,humano
CervarlCG,humano
Cesar Kohl,humano
CesarArdilaB,humano
CesarBenavides777,humano
CesarCarrillo91,humano
CesarFont,humano
CezarMocan,humano
Ch1keen,humano
ChALkeR,humano
ChTayyab786,humano
Cha-Shao,humano
Cha195,humano
Chad Luo,humano
Chad M Fennell,humano
Chai,humano
Chai1310b,humano
Chaitanya Reddy K,humano
ChaitraK2000,humano
Chaiwat Trisuwan,humano
Chamberlainfrancis,humano
Chamnol007,humano
Chan Nyein Thaw,humano
ChanHui,humano
Chanaka-Sandaruwan,humano
Chanakan5591,humano
Chancellor Clark,humano
Chandan Pasunoori,humano
ChandanJal,humano
ChandraShekar-22,humano
Chandrajeet Maurya,humano
Chandu,humano
ChanelZM,humano
ChangJoo-Park,humano
ChangWei-Chang,humano
ChanghyeonYoon,humano
ChangoMan,humano
Changwan Jun,humano
Chanhee Lee,humano
Chardrazle,humano
Charioteer,humano
Charismara,humano
Charles Dudley,humano
Charles Kornoelje,humano
Charles Stover,humano
Charles0123,humano
Charles953,humano
CharlesCCC,humano
CharlesSAUVAT,humano
CharlesStover,humano
CharlesW95,humano
Charleschua,humano
Charlesgln,humano
CharlestonREM,humano
CharlieBellow,humano
CharlieHess,humano
CharliePops,humano
Charly POLY,humano
CharlyJazz,humano
Charlydt,humano
Charmix,humano
Chase Adams,humano
ChaseKnowlden,humano
ChaserZ98,humano
Chasewhip8,humano
Chastrlove,humano
Chathula,humano
ChatterjeeArka,humano
Cheeh1,humano
Cheesiq,humano
ChenAlmost,humano
ChenJinchuang,humano
Chenalejandro,humano
ChendayUP,humano
CheneyYin,humano
Chenguang Li,humano
Cheol-Won,humano
Cheprer,humano
Cherikon,humano
ChetSocio,humano
Chetan11-dev,humano
ChetanyaRathi,humano
Chetax,humano
ChhenglinHor,humano
Chia1104,humano
Chibuike-web,humano
Chidocs,humano
ChiefORZ,humano
ChielokaCode,humano
ChihebBENCHEIKH1,humano
Chimit,humano
ChineseBread,humano
Chinnatip,humano
ChinonsoIg,humano
Chip-Mortensen,humano
Chloe Yan,humano
ChoSeoHwan,humano
ChoaibMouhrach,humano
Choc13,humano
Chochek,humano
ChocolateLoverRaj,humano
Choi Sumin,humano
ChongyuWang150,humano
Choz,humano
Chris,humano
Chris Barna,humano
Chris Britten,humano
Chris Cowan,humano
Chris Cunniff,humano
Chris Drifte,humano
Chris Frank,humano
Chris Lloyd,humano
Chris McGrath,humano
Chris Meagher,humano
Chris Midgley,humano
Chris Neven,humano
Chris Olszewski,humano
Chris Patterson,humano
Chris Stott,humano
Chris Tate,humano
Chris Watts,humano
Chris Weber,humano
Chris Wheatley,humano
Chris Yang,humano
Chris-fe,humano
Chris3gr,humano
Chris533,humano
ChrisB007,humano
ChrisCampbellCodes,humano
ChrisCates,humano
ChrisChinchilla,humano
ChrisCinelli,humano
ChrisCosentino,humano
ChrisCrossCrash,humano
ChrisDalley,humano
ChrisEdson,humano
ChrisHamilton91,humano
ChrisHeptagon,humano
ChrisMLee,humano
ChrisMuster,humano
ChrisSargent,humano
ChrisWiles,humano
Chrischen996,humano
Chrischuck,humano
Christian,humano
Christian Alfoni,humano
Christian Bromann,humano
Christian Ipanaque,humano
Christian Ivicevic,humano
Christian Nielsen,humano
Christian Nwamba,humano
Christian Pena Valerio,humano
Christian Rebelsky,humano
Christian Riedel,humano
Christian Stuff,humano
Christian Sánchez Mendoza,humano
Christian Vuerings,humano
Christian-Haugland,humano
Christian-Mar,humano
Christian-Schwarz2003,humano
Christian24,humano
ChristianAyala,humano
ChristianDBrooks,humano
ChristianIvicevic,humano
ChristianMurphy,humano
ChristianPraiss,humano
ChristineTham,humano
Christoffer-Toft,humano
Christoph Stock,humano
Christoph Tavan,humano
ChristophWolfPCG,humano
Christopher Krogh,humano
Christopher Lee,humano
Christopher Robert Van Wiemeersch,humano
Christopher Snyder,humano
Christopher-Stevers,humano
Christopher-Warren,humano
ChristopherHButler,humano
ChristopherLMiller,humano
ChristopherNowlan,humano
ChristopherTrimboli,humano
Christophevvv,humano
ChristosChristofidis,humano
ChronoByteCosmonaut,humano
Chrrxs,humano
Chrysippus,humano
Chua Kiem Fai,humano
ChuckJonas,humano
Chukwu3meka,humano
Chulki Lee,humano
Chung Wei Leong,humano
Chuns Chen,humano
ChurroC,humano
Cianekjr,humano
Ciantic,humano
Ciberusps,humano
Cicada95,humano
Cielquan,humano
Cierra-Runis,humano
Cigan12,humano
Cinamonas,humano
CinisBorn,humano
Ciprian Caba,humano
Cisneiros,humano
Citoyen-du-monde,humano
Clarence,humano
Clariity,humano
Clarity-89,humano
Claus Klingberg,humano
ClausR1990,humano
ClayCooperLA,humano
ClearSeve,humano
ClearflySystems,humano
Cleberw3b,humano
Clecio de Almeida,humano
Clecio013,humano
ClemCa,humano
ClemannD,humano
Clemens Paumgarten,humano
ClemensPaumgarten,humano
Clement-Bresson,humano
ClementDreptin,humano
ClementLevesque,humano
Clever-Shivanshu,humano
Cleverprogramer,humano
Clickadelic,humano
Clive Townsend,humano
ClockRide,humano
Clonkex,humano
Cloud11PL,humano
CloudZazu,humano
Cloudo,humano
CloutProject,humano
Clovel,humano
Clumsy-Coder,humano
Clzzi,humano
Clément Dreptin,humano
Cnsbmkpsr,humano
Co9xs,humano
CoachThomLamb,humano
CobyPear,humano
Code-Divine,humano
Code-Journey-77,humano
Code-Kat,humano
Code0017,humano
CodeColde,humano
CodeGetters,humano
CodeHarmony-maker,humano
CodeHunt101,humano
CodeJuggernaut,humano
CodeMan62,humano
CodeMiner84,humano
CodeMode365,humano
CodeTheory,humano
CodeTorso,humano
CodeVortex-200,humano
CodeWith-HAMZA,humano
CodeWithSaidur,humano
CodeWithShreyans,humano
CodeZera11,humano
Codelica,humano
Codename14,humano
CodenameCookie,humano
Codenuclei,humano
Coder-Devesh-Agarwal,humano
Coder2195,humano
CoderCharlie,humano
CoderDeltaLAN,humano
Codexphere92,humano
CodingFabian,humano
CodingFlow,humano
CodingManiac-dev,humano
CodingMeSwiftly,humano
Cody Brunner,humano
Cody Coljee-Gray,humano
Cody Lundquist,humano
Cody Olsen,humano
CodyJasonBennett,humano
CodyMoore240,humano
Coelhomatias,humano
CogitoBurrito,humano
Coimbr,humano
Colbitron,humano
Colby Fayock,humano
ColdDev,humano
Colder Xihk,humano
Cole,humano
Cole-Foster-347,humano
ColeMurray,humano
ColeTownsend,humano
ColemanDunn,humano
Colin,humano
Colin Diesh,humano
Colin McDonnell,humano
Colin Rice,humano
Colin Sidoti,humano
ColinRosati,humano
CollectivelyCode,humano
Colleen O'Rourke,humano
CollinHerber,humano
ColonelBucket8,humano
Coloneliu,humano
Colossus,humano
Colton Ehrman,humano
Coman907014,humano
CombeeMike,humano
Comette,humano
Comi9,humano
CommanderRedYT,humano
CommanderRoot,humano
Complexia,humano
CompuIves,humano
ComputelessComputer,humano
Comum,humano
Confuze,humano
Cong-Cong Pan,humano
Connor Bär,humano
Connor Davis,humano
Connor Mcgarty-Wood,humano
Connor Prussin,humano
ConnorLanglois,humano
Connormiha,humano
Connoropolous,humano
Conor Dockry,humano
Conrad2134,humano
ConradoLuiz,humano
ConsoleTVs,humano
ConstaXI,humano
ConstantinChirila,humano
Constantine,humano
ContraHacker,humano
Contraboi,humano
Coobaha,humano
CoolTechYT,humano
Coollaitar,humano
Copilot,agente_ia
CopyJosh,humano
Corbin Crutchley,humano
Corentin.Andre,humano
CorentinAndre,humano
Corey Larson,humano
Corjen,humano
Corouna,humano
CorwinCZ,humano
Cory House,humano
Cory Sherman,humano
Cory Simmons,humano
CoryKleiser,humano
CosAnca,humano
CosmaTrix,humano
Cosmic-Ryver,humano
CosmicJesterX,humano
CosmicSage,humano
Cottin,humano
Cow258,humano
Cowboy Ho,humano
Cowboy-coder,humano
Coxxs,humano
Coyas,humano
Coyenn,humano
Cozy Indigo,humano
CpuID,humano
CraGit,humano
Craig,humano
Craig Johnson,humano
Craig McNamara,humano
Craig Mulligan,humano
Craig Ramey,humano
Craig Smith,humano
Craig Wheeler,humano
CraigBC,humano
CraigRamey,humano
Crane101,humano
Crazy Urus,humano
Crazy-pea4,humano
CrazydduGi,humano
CreangelDev0001,humano
CreateSun,humano
CreativeCodingSolutions,humano
CreatorLZ,humano
CreeJee,humano
CrescentKohana,humano
Cretezy,humano
CrewS,humano
CriiXpsitos,humano
Crinchy,humano
CrisLi,humano
CrispenGari,humano
CristhianF7,humano
Cristian,humano
Cristian Bote,humano
Cristian Dominguez,humano
CristianCiubancan,humano
CristianCucunuba,humano
CristianFigueredo,humano
Cristofer Hippleheuser,humano
Cristóbal Domínguez,humano
CrockAgile,humano
CrocoDillon,humano
Crocsx,humano
Crsk,humano
Crustan,humano
CrutchTheClutch,humano
CryogenicPlanet,humano
Cryptojourney,humano
CrystalCo,humano
Cs4K1Sr4C,humano
CtrlZ-Studio,humano
Cuihongsen,humano
Cully Larson,humano
CunningDJ,humano
Cupid Valentine,humano
Curetix,humano
CurlRip,humano
Curran Kelleher,humano
CursedMun,humano
Curt Siffert,humano
Curtis L,humano
CvBlixen,humano
Cy-Tek,humano
Cybearnaut,humano
CyberBison,humano
CyberT33N,humano
Cybermage83,humano
Cybermb,humano
Cygra,humano
Cypher-Aura-19,humano
CypherCrow,humano
CypherGuy,humano
Cypherball,humano
CypherpunkSamurai,humano
Cyral,humano
CyrusZei,humano
CzechCoder,humano
Cássio S. Santos,humano
Cédric Marcone,humano
D-Pagey,humano
D-Rekk,humano
D. Kasi Pavan Kumar,humano
D0m3-,humano
D1no,humano
D2758695161,humano
D34THNOTE,humano
D50000,humano
DABSO,humano
DAShaikh10,humano
DAnselC,humano
DBankx,humano
DBorhara,humano
DCKT,humano
DCodingproject,humano
DFectuoso,humano
DHRUV KAUSHIK,humano
DHRUV6029,humano
DIEGOHORVATTI,humano
DJFliX,humano
DJlollipop,humano
DMF194,humano
DMomplaisir,humano
DNA-PC,humano
DNature,humano
DNoel26,humano
DOUGES,humano
DOZBORNE,humano
DPangerl,humano
DRoet,humano
DS-Infinity,humano
DSamuylov,humano
DScheglov,humano
DTrafford,humano
DVN237294,humano
DVendy,humano
DWMiller,humano
DWNEWS-jixiaohong,humano
DWboutin,humano
DZakh,humano
DZuz14,humano
DaKheera47,humano
DaRabus,humano
DaX-523,humano
DaXcess,humano
DaakyeHeneEmma,humano
Daan-Schram,humano
DaanBiesterbos,humano
DaanDeReus,humano
DaanRoet,humano
Daavidaviid,humano
DabirRahmani,humano
Dacaramo,humano
DaduDev,humano
Daemeron,humano
Dagmawi-Beyene,humano
Daguima-dag,humano
Daidalos117,humano
Daifaizonaldridge,humano
Daigo Shitara,humano
Daiki Nishikawa,humano
Daisymond,humano
Daiz,humano
Dak Washbrook,humano
DakotaWray2,humano
Dal-Tron,humano
Dalcio,humano
Dale Bustad,humano
Dale Inverarity,humano
DaleLJefferson,humano
DaleOC,humano
DaleR-S,humano
DaleWebb,humano
Dalenir,humano
Dalez,humano
Dalimil,humano
Dalton Craven,humano
Dalton McPhaden,humano
DaltonPelkey,humano
Damian Dzieduch,humano
Damian Sowa,humano
Damian Stasik,humano
DamianEdwards,humano
DamianMoralesM,humano
Damien Sedgwick,humano
Damien Simonin Feugas,humano
Damien Varron,humano
DamienA24,humano
DamienCassou,humano
DamienLopvet,humano
Dammic,humano
Dan Argue,humano
Dan Laugharn,humano
Dan Mindru,humano
Dan Page,humano
Dan Weaver,humano
Dan Williams,humano
Dan Zajdband,humano
Dan6erbond,humano
DanBezalelpx,humano
DanDobrick,humano
DanHarman,humano
DanHartman,humano
DanPresa,humano
DanProudfoot,humano
DanStuartDept,humano
DanavsSite,humano
Dandrum,humano
DaneSharafinski,humano
DaneTheory,humano
Danelund,humano
Danetag,humano
DangerousJack,humano
DanhezCode,humano
Danhiler,humano
DaniAkash,humano
DaniGuardiola,humano
DaniHv,humano
DaniLedes99,humano
Daniel,humano
Daniel Almaguer,humano
Daniel Bayerlein,humano
Daniel Cavanagh,humano
Daniel Eden,humano
Daniel K,humano
Daniel Karuna,humano
Daniel Kempner,humano
Daniel Lauzon,humano
Daniel Lindenkreuz,humano
Daniel Lutz,humano
Daniel Paz,humano
Daniel Reinoso,humano
Daniel Rivers,humano
Daniel Salvadori,humano
Daniel Steigerwald,humano
Daniel Stocks,humano
Daniel Stumme,humano
Daniel Tao,humano
Daniel Treviño,humano
Daniel Yefet,humano
Daniel-Georgiev,humano
Daniel-Parton,humano
Daniel3711997,humano
DanielAcostaRoa,humano
DanielBailey-web,humano
DanielBiegler,humano
DanielCender,humano
DanielGarzaB,humano
DanielGiljam,humano
DanielHirunrusme,humano
DanielMateosLab,humano
DanielNoonan,humano
DanielOrtel,humano
DanielRSnell,humano
DanielRivers,humano
DanielSpindler,humano
DanielWTE,humano
DanielWahl,humano
DanielZ1337,humano
DanieleSidoti,humano
DanielhCarranza,humano
DanieliusDev,humano
Danielku15,humano
DaniellaGiovanna,humano
Danielmadmon6277,humano
Daniil Grishkin,humano
Danikoko,humano
Danil Shashkov,humano
DanilaNagornyi,humano
Danimoz,humano
DanishjeetSingh,humano
Danishkhurshid,humano
Dank-del,humano
Danny,humano
Danny Tatom,humano
DannyAgent,humano
DannyFeliz,humano
DannyJoris,humano
DannyPark1,humano
DannyRoberts95,humano
Dannymx,humano
DanqingLuan,humano
DantSu,humano
Dante,humano
DanubioBlu,humano
Dany Gagnon,humano
Danyal Ahmed,humano
DanyloK0,humano
Danzanus,humano
Danzel Artamadja,humano
DaoHuyTuan,humano
Darcrandex,humano
Darep,humano
Darginec05,humano
Dario Lehmhus,humano
Dario Piotrowicz,humano
Dariocoding,humano
Darius Cepulis,humano
DarkCode01,humano
DarkPage,humano
DarkShadow20,humano
DarkShark-RAz,humano
DarkSmile92,humano
DarkSuniuM,humano
DarkWolff71,humano
DarkendHall,humano
Darkness-2,humano
DarkoKukovec,humano
DarkstarXDD,humano
Darkwaqar,humano
DarlonHenrique,humano
DarnerDiaz,humano
Darpan Kakadia,humano
Darren120,humano
Darryl,humano
DarrylD,humano
DarrylMathias,humano
Darsh Patel,humano
Darshan Jain,humano
Darshan-Naik,humano
Darsheenks,humano
Darth-Knoppix,humano
Daryll J. Reillo,humano
Dashue,humano
Dastari,humano
DatCGI2net,humano
DataDave-Dev,humano
Datner,humano
DatrixDev,humano
DavNej,humano
Dave Brudner,humano
Dave Cardwell,humano
Dave Carlson,humano
Dave Welsh,humano
DaveKnifeman,humano
DaveMitten,humano
DaveOrDead,humano
DaveStein,humano
Daves1245,humano
DaveyJake,humano
Davi Mello,humano
DaviCaamano,humano
DaviLhlapak,humano
Davichobits,humano
David,humano
David ALLIX,humano
David Agbenyega,humano
David Alexandru Ilie,humano
David Ascher,humano
David Babel,humano
David Barker,humano
David Baumgold,humano
David Brookton,humano
David Burrows,humano
David Calhoun,humano
David Corwin,humano
David D,humano
David Darnes,humano
David Fateh,humano
David GG,humano
David Goguen,humano
David Golden,humano
David Gray,humano
David Gómez,humano
David Hay,humano
David Hu,humano
David Janda,humano
David Lemayian,humano
David Madner,humano
David Nguyen,humano
David Pike,humano
David Porter,humano
David Ramos,humano
David Sa,humano
David Sally,humano
David Spiessens,humano
David Stotijn,humano
David Thorand,humano
David Vaness,humano
David Ďurika,humano
David-Odhiambo,humano
David-Rickard,humano
David0z,humano
DavidBabel,humano
DavidBradbury,humano
DavidBuck,humano
DavidCastillo4,humano
DavidChouinard,humano
DavidCodesDev,humano
DavidDHDH,humano
DavidDionise,humano
DavidEFonseca,humano
DavidHayek,humano
DavidIlie,humano
DavidLemayian,humano
DavidOnGitHub,humano
DavidOrchard,humano
DavidReinberger,humano
DavidShefcik,humano
DavidShestopal,humano
DavidSvetlik,humano
DavidTParks,humano
DavidTanner,humano
DavidTrinhTb,humano
DavidVaness,humano
DavidWells,humano
Davide Bertola,humano
Davide Curletti,humano
DavideBecker,humano
DavideDaniel,humano
DavideDelbiancoZucchetti,humano
Davidihl,humano
Davidson Nascimento,humano
DavieReid,humano
DavitVosk,humano
Davor Santic,humano
Davy-F,humano
DavyBello,humano
DavydenkovM,humano
Dawid Czesak,humano
DawidWraga,humano
Dawidslusarek,humano
DawnMD,humano
Dawson Booth,humano
DawsonWang206,humano
DayBr3ak,humano
DeHoKo,humano
DeJayDev,humano
DeMutombo,humano
DeabitTech,humano
Deadleg,humano
Dean-Christian-Armada,humano
DeanJGrey,humano
DeanMauro,humano
DeanParkin,humano
DebadityaHait,humano
Debbl,humano
Debugger-ops,humano
Deckstar,humano
Decryptu,humano
DedaDev,humano
Deeds67,humano
Deejay-Ste,humano
Deelux,humano
Deep-Codes,humano
Deepa Subramanian,humano
Deepacks,humano
Deepak Balaraman,humano
Deepak13245,humano
Deepak22448,humano
DeepakBalaraman,humano
DeepakR63,humano
Deepti0512,humano
Deevian,humano
Defite,humano
Defrosted,humano
Deja-vuuu,humano
Dejvovo,humano
Delba de Oliveira,humano
Deliaz,humano
DelightfulMoose6158,humano
Delkathes,humano
Dell609007,humano
Dellybro,humano
Dema,humano
Demidog03,humano
DemidovVladimir,humano
Demmonius,humano
Den-St,humano
DenMarty,humano
Dendekky,humano
Denes Beck,humano
Deni Mintsaev,humano
Denis Homolík,humano
Denis Lukov,humano
DenisBessa,humano
DenisBytes,humano
DenisCDev,humano
DenisJulio,humano
DenisTis,humano
Denise Yu,humano
DenizDurna,humano
DennieMello,humano
Dennis Morello,humano
Dennis Wilm,humano
DennisKo,humano
DennisNeuendorfJimdo,humano
DennisSmolek,humano
Dennisjoch,humano
DennysDionigi,humano
DentalGrant,humano
DenysMoro,humano
DeoThemes,humano
Depender-Sethi,humano
Deploydon,humano
DerGut,humano
DerPlayer2001,humano
DerTimonius,humano
DerTyp7,humano
Deraraf,humano
Derek Fry,humano
Derek Tissaw,humano
DerekHill,humano
DerekLoop,humano
DerenToy,humano
DerianAndre,humano
DerickT02,humano
Deroswent,humano
Derush,humano
DesignyourCode,humano
DestinyJunior,humano
Desttro,humano
Dethon,humano
Detty35,humano
Dev,humano
Dev Agrawal,humano
Dev Talan,humano
Dev-Harmattan,humano
Dev-Kalavadia,humano
Dev-Siri,humano
Dev1OptimusTecno,humano
DevAbas,humano
DevAtHeart,humano
DevCraftsmanShubham,humano
DevDaveJ,humano
DevDynasty0,humano
DevEmmy,humano
DevEsteves,humano
DevFromSiberia,humano
DevLab2425,humano
DevMarc16,humano
DevMirza,humano
DevOkone,humano
DevSide,humano
DevSlashRichie,humano
DevSpeak,humano
DevVivekk,humano
DevWonder01,humano
DevXprashant207,humano
DevYemi,humano
DevaPandiyan,humano
Deval520,humano
DevanB,humano
Devansh-001,humano
Develens,humano
Develliot,humano
DevelopSoo,humano
Developer-Rocha,humano
DeveloperHIT,humano
DeveloperMatheus,humano
DeveloperViraj,humano
Developerayo,humano
DevelopersTopHat,humano
DevelopmentEsmarkFinch,humano
Devian1988,humano
DevilZh,humano
Devin Ekadeni,humano
Devin Wall,humano
DevinEdwards,humano
DevinWallKcl,humano
DeviousLab,humano
Devisione,humano
Dexdot,humano
Dexig,humano
Dexmaster,humano
Dextheking1,humano
Dey-Sumit,humano
DeyvidJesus,humano
DgitalNarrative,humano
DharambirAgrawal,humano
Dharanish-sk,humano
DharmPatel4300,humano
Dharun R,humano
Dhaya,humano
Dhonatan,humano
DiAifU,humano
DiFuks,humano
DiPSoMaNiE,humano
DiaaEddinBK,humano
Diabl0269,humano
Diabl0570,humano
DiamondeX,humano
Diana Gouveia,humano
DianeX,humano
Didar-Othman,humano
Didi Keke,humano
Diego Gennaro,humano
Diego-0110,humano
DiegoAndai,humano
DiegoCantu,humano
DiegoDev2,humano
DiegoFelipe,humano
DiegoGonzalezCruz,humano
DiegoMcDipster,humano
DiegoVallejoDev,humano
Diegodsha,humano
Dieter Luypaert,humano
Dig-Doug,humano
DigiOpsAmigo,humano
Digital-Coder,humano
DigitalMarc,humano
DijieDeng,humano
DikiyCy,humano
Dikshit-Sapkota,humano
Diljeetsinghsuri,humano
Dilwoar Hussain,humano
DilwoarH,humano
Dima,humano
Dima Vakatsiienko,humano
Dima Voytenko,humano
DimaAmega,humano
DimaBur,humano
Dimasprasetyo71,humano
Dimeji-go,humano
Dimich-x33,humano
DimitarNestorov,humano
DimitriMichel,humano
Dimka Vasilyev,humano
Dince-afk,humano
Dinesh,humano
Dinesh Balaji,humano
Dinesh Rawat,humano
Dinesh485,humano
Ding-Fan,humano
Dingan(Will) Wang,humano
DinhThuongNguyen,humano
Dinika,humano
Diode11-Alt,humano
Diogo Capela,humano
Diogo Cardoso,humano
Diogo Dutra,humano
Diogo-Ferreira,humano
DiogoMaMartins,humano
Diogomartf,humano
DipakHalkude,humano
Dipaque,humano
Dipesh B C,humano
Dipeshlohani,humano
Diptesh Choudhuri,humano
Directgab,humano
Dishairano,humano
DishankChauhan,humano
DiskCrasher,humano
Disorrder,humano
Distil62,humano
Distortedlogic,humano
Divine Quansah,humano
DivineDemon,humano
Divlo,humano
Divy Srivastava,humano
Divyendu Singh,humano
Diwanshumidha,humano
Dizigen,humano
Dizotoff,humano
Djamilson,humano
Djangologie,humano
Djboy08,humano
DjilanMouhous,humano
Djo1e,humano
Djuki,humano
Dkogan90,humano
Dlazder,humano
DmACKGL,humano
Dmaziyo,humano
Dmitrii,humano
DmitriiBochok,humano
Dmitriy,humano
Dmitriy Glazkov,humano
Dmitry,humano
Dmitry Belyaev,humano
Dmitry Ishkov,humano
Dmitry Poddubniy,humano
Dmitry Rybin,humano
Dmitry Vasilev,humano
DmitryKvant,humano
DmitryOlkhovoi,humano
DmitryVolkov15,humano
Dmytro,humano
Dmytro V. Dogadailo,humano
DmytroA,humano
DmytroGolovin,humano
DmytroIvakhnenkov,humano
DmytroYeremieiev,humano
Dnguye92,humano
Doaa-Ismael,humano
DoctorDerek,humano
Dodothereal,humano
DogeAmazed,humano
DollarAkshay,humano
Dom Sip,humano
DomVournias,humano
Domenico-Esposito,humano
DomenicoPH,humano
DomiR,humano
Domin,humano
Dominic Elm,humano
DominicGBauer,humano
DominicTobias-b1,humano
DominicWrege,humano
Dominik Felber,humano
Dominik Ferber,humano
Dominik K.,humano
Dominik Koch,humano
Dominik Sumer,humano
Dominik Wilkowski,humano
DominikGuzei,humano
DominikLevitsky,humano
DominikMeca,humano
Domino9697,humano
Don Alvarez,humano
Don Morrison,humano
Donald Hruska,humano
DonaldLouch,humano
Donato-yi,humano
Donavon West,humano
DoneDeal0,humano
DongeunPaeng,humano
Dongho,humano
Dongho Kim,humano
Donghyuk (Jacob) Jang,humano
DonghyukJacobJang,humano
DonikaV,humano
Donkey0322,humano
DonnieTD,humano
Donny/강동윤,humano
Donov4n,humano
Donovan Dikaio,humano
DonovanCharpin,humano
DontRelaX,humano
Doodidan,humano
DopamineDriven,humano
Dorbmon,humano
Dorian,humano
Dorian30,humano
DoroGi,humano
DotCoyote,humano
Doug,humano
Dougg11,humano
DouggyC,humano
DovahBrownies,humano
Dovydas Navickas,humano
DovydasNavickas,humano
Downchuck,humano
Download,humano
DoyeDesigns,humano
Dprof-in-tech,humano
DrBarnabus,humano
DrCaveDev,humano
DrChrispoper,humano
DrMint,humano
DrMisQ,humano
DrPye,humano
DrUNE,humano
Drag13,humano
Dragate,humano
DragosMocrii,humano
DragosRomaniuc,humano
Drakoniwe,humano
Drapegnik,humano
Drblessing,humano
DreamEcho100,humano
Dreamer-Paul,humano
DreaminDani,humano
Dremora,humano
Drevoed,humano
Drew Hays,humano
Drew Long,humano
DrewLandgraveCbsi,humano
DrewML,humano
DrewVartanian,humano
Drewsapple,humano
DrunkOldDog,humano
Drygord,humano
DuC,humano
DuCanhGH,humano
DuChrisNix,humano
DuaneMcD,humano
Duc Le,humano
Duc Tran,humano
DuckThom,humano
Ducki,humano
Duckinm,humano
DuckrOverload,humano
DudeRandom21,humano
Duder-onomy,humano
DuduzinCp,humano
Dueen,humano
Dueen Eduarda,humano
DukeDeSouth,humano
DullReferenceException,humano
Dulmandakh,humano
Duly330AI,humano
DumasOlivier,humano
Dun-sin,humano
Duncan L,humano
Duncan Ogle,humano
Duncan-Brain,humano
DuncanAForbes,humano
DuncanWilder,humano
DundieWinner,humano
DungRaymond,humano
Dunky45,humano
Dunqing,humano
DuongCoder04,humano
Dupflo,humano
DurandSacha,humano
Durgaprasad-Budhwani,humano
Dusan Ralic,humano
DusanJonjin,humano
DusanStojanovic-gowago,humano
Dushmanthr,humano
Dustaboy3,humano
Dustin Deus,humano
Dustin Goodman,humano
Dustin Senos,humano
Dustin Thurston,humano
DustinBrett,humano
DustinsCode,humano
Dutchie1990,humano
DuudeXX8,humano
DuyBui1993,humano
DvirSh,humano
Dwalin,humano
Dwlad90,humano
Dyar Faradj,humano
Dylan Brookes,humano
Dylan Jhaveri,humano
Dylan R. Johnston,humano
Dylan Staley,humano
Dylan0916,humano
Dylan700,humano
DylanCulfogienis,humano
DylanDevelops,humano
DylanP97,humano
DylanRJohnston,humano
DylanVann,humano
Dylanb-dev,humano
Dynalon,humano
DynamicAdi,humano
Dynkin,humano
DzTheRage,humano
Dzale,humano
Dzhake,humano
E2-Meghanadhan,humano
E3FxGaming,humano
EAzZY-1wnL,humano
EBEREGIT,humano
ECBSJ,humano
EDM115,humano
EECsanchez,humano
EFLKumo,humano
EKjs,humano
ELBEQQAL94,humano
EMStudioPro,humano
ENUQA,humano
EOM,humano
ERFAN-IAN,humano
ERRORthenBSOD,humano
ESCxjl,humano
ESEBUR1,humano
ETOPS7,humano
EaganFarlin,humano
EandrewJones,humano
EarlGeorge,humano
Earle-Poole,humano
EasileleM,humano
Ebenezer-13,humano
EbodShojaei,humano
Ebrahim-Ramadan,humano
Ebube540,humano
Ecksters,humano
Ed Putans,humano
EdKo2001,humano
EdPutans,humano
EdVonTech,humano
EdamAme-x,humano
Edaz,humano
Eddie Jaoude,humano
Eddy (Frontend Engineer),humano
EddyPBR,humano
EddyVinck,humano
EdgarDev17,humano
Edgarcillo2k,humano
Edheltur,humano
Edjevw12,humano
EdmondChuiHW,humano
EduApps-CDG,humano
Eduard-Hasa,humano
EduardF1,humano
Eduardo P. Rivero,humano
Eduardo Sigrist Ciciliato,humano
Eduardo-rico,humano
EduardoFazolo,humano
EduardoHidalgo,humano
EduardoPedrosa,humano
EduardoSCosta,humano
EduardoZepeda,humano
EduceHealth,humano
Edward Brey,humano
Edward Thomson,humano
Edward-Fedoruk,humano
Edward2362,humano
EdwardBock,humano
EdwardJPT,humano
Edwin-Luijten,humano
EehMauro,humano
Eferinte,humano
EffectDoplera,humano
EfstathiadisD,humano
Egor-Dubovik,humano
Egor-Koldasov,humano
EgorKrasno,humano
Ehab97,humano
Ehakl,humano
Ehesp,humano
Ehren Nwokocha,humano
Ehren12,humano
EhsanNissar,humano
Ehtz,humano
EiDemir,humano
Eigilak,humano
Eiji Kitamura,humano
Einstellung,humano
EirikFA,humano
Eiryyy,humano
Eisa faqiri,humano
Eitan1112,humano
Ekampreet Singh,humano
EkanshAg,humano
Ekaterina Anishkina,humano
Ekenorg,humano
Ekott2006,humano
Ekrekr,humano
El-Hussein Abdelraouf,humano
ElBonds,humano
ElForastero,humano
ElGrecode,humano
ElSeniorMikael,humano
Elabbasy00,humano
EladTal14,humano
Elango4603,humano
Elchimn,humano
Elcynia,humano
Eldar Amantay,humano
Elder-Wu,humano
Eldriann,humano
ElectricCodeGuy,humano
ElegantSoft,humano
Eleni Stavropoulou,humano
ElfieBest,humano
Elham13,humano
Eli Oshinsky,humano
EliBurchVA,humano
EliHood,humano
Elia-Darwish,humano
Elias-Graf,humano
EliasBobadilla,humano
EliasTouil,humano
EliasVal,humano
Eliav2,humano
Eliaz Bobadilla,humano
Eliepse,humano
Elijah,humano
Elijah Ohiwerei,humano
ElijahKaftanov,humano
ElijahPepe,humano
Elindo586,humano
Elio-Muculo,humano
Eliot00,humano
Eliot6001,humano
EliotCampbell,humano
ElironB,humano
EliseiNicolae,humano
EliteMasterEric,humano
Ellert Smári Kristbergsson,humano
Elliot Hesp,humano
Elliot Scribner,humano
Elliot Sutton,humano
Elliot ⋇,humano
ElliotHYLee,humano
ElliottJPerry,humano
EllisonFord,humano
Ellkinox,humano
Ellmen,humano
EloB,humano
EloWeld,humano
Eloi-Perez,humano
Elsaadany427,humano
Elstinsoh724,humano
Elue-dev,humano
Elusive7733,humano
ElvarP,humano
ElvenMonky,humano
ElvenSpellmaker,humano
Elvincth,humano
ElvisKnapman,humano
ElvisWong,humano
ElwynVdb,humano
ElyasAmri,humano
Elyees T,humano
EmLXND,humano
Emanuel Kluge,humano
EmdevX,humano
Emerson Laurentino,humano
EmersonBraun,humano
EmersonGarrido,humano
Emil Bruckner,humano
EmilMirzeyev,humano
Emiliano Garcia,humano
Emiliano-Bucci,humano
EmilianoGarciaLopez,humano
Emilien Kenler,humano
Emilio Cobos Álvarez,humano
Emilio Schaedler Heinzmann,humano
EmilioAiolfi,humano
EmilioHerreraSoukup,humano
Emilios1995,humano
Emiltayeb,humano
Emilvooo,humano
EmirBoyaci,humano
EmitoSanti,humano
Emmanouil Zoumpoulakis,humano
Emmanuel Gautier,humano
Emmanuel Letallieur,humano
Emmanuel Oduntan,humano
Emmanuel-Xs,humano
EmmanuelOta,humano
EmmanuelVictor62,humano
EmperiorEric,humano
Emperordmasac,humano
EmreDemircan,humano
Emrin,humano
Emroni,humano
EnKrypt,humano
EnMod,humano
EnablingLogic,humano
Enalmada,humano
Encang-Cutbray,humano
Enchiridion,humano
EndangeredMassa,humano
EnderKilledYou,humano
EnderWolf50,humano
EndyZhou,humano
EnenDaveyBoy,humano
Enes Akar,humano
EnesKilicaslan,humano
Eng Zer Jun,humano
Enkdress,humano
Enkratia,humano
Enkronan,humano
Enngage,humano
Enrico2,humano
EnricoOrt,humano
EnriqCG,humano
Enrique-Ambrocio,humano
Envoy49,humano
Enzo Doyen,humano
Enzo Ferey,humano
EnzoPV25,humano
Epenance,humano
Ephem,humano
Ephraim Atta-Duncan,humano
EpicIvo,humano
EpicStep,humano
EpicUsaMan,humano
Eprince-hub,humano
ErAz7,humano
ErDanieh,humano
EranM6,humano
EranNL,humano
Erazihel,humano
Erdragh,humano
ErezGD,humano
Erfan,humano
Erfan Mirzapour,humano
ErfanMirzapour,humano
Eric Bidelman,humano
Eric Burel,humano
Eric Fennis,humano
Eric Ferraiuolo,humano
Eric Goerens,humano
Eric Howey,humano
Eric Matthys,humano
Eric Piacentini,humano
Eric Ponto,humano
Eric Rabinowitz,humano
Eric Redon,humano
Eric Spishak-Thomas,humano
Eric Zingeler,humano
Eric-Arellano,humano
EricKwan2014,humano
EricVanDerDijs,humano
EricWVGG,humano
Erickinhou,humano
Erik,humano
Erik August Johnson,humano
Erik Brinkman,humano
Erik Hedberg,humano
Erik Nguyen,humano
Erik-1259,humano
Erik-Sovereign,humano
ErikAugust,humano
ErikLundb3rg,humano
EringiV3,humano
Erlend Åmdal,humano
Erlesand,humano
Ermosparis,humano
ErnestBrandi,humano
Ernesto Palafox,humano
ErnestoCobos,humano
Eronheit,humano
Errytagedesign,humano
Ertuss,humano
Erwann,humano
ErwannRousseau,humano
Erxhan,humano
EryouHao,humano
Erythros,humano
Esben Anker-Møller,humano
Escapado,humano
Esequiel378,humano
Eshan05,humano
Eshwar1212-maker,humano
EskiMojo14,humano
EsmailELBoBDev2,humano
EspeeeBne,humano
Espen Hovlandsdal,humano
EsrafilElahi,humano
Esteban Munoz Facusse,humano
EstebanDalelR,humano
Eswar809,humano
Ethaan,humano
Ethan (Taehoon) Lee,humano
Ethan Arrowood,humano
Ethan Mick,humano
Ethan Niser,humano
Ethan Ryan,humano
Ethan-Arrowood,humano
EthanStandel,humano
EtheWallet,humano
Etheirystech,humano
Ethernalll,humano
EthicalJobsJesse,humano
EtienneMiret,humano
Etsi0,humano
EugeCos,humano
EugenVolosciuc,humano
Eugene,humano
Eugene C,humano
Eugene Dzhumak,humano
Eugene Sokovikov,humano
Eugene0,humano
EugeneDraitsev,humano
EugeneGohh,humano
EugeneKostrikov,humano
EugeneMeles,humano
Eungyeol,humano
Eunkyung-Son,humano
Eusebiotrigo,humano
Ev Haus,humano
EvGreen,humano
EvHaus,humano
Evan Bacon,humano
Evan Bradley,humano
Evan Charalampidis,humano
Evan Jacobs,humano
Evan Tahler,humano
Evan Winter,humano
Evan Ye,humano
Evan Yu,humano
Evan-Space,humano
Evan1115,humano
EvanBacon,humano
EvanDylan,humano
EvanLovely,humano
EvandrooViegas,humano
EvansRobbie,humano
Evavic44,humano
Evelyn Hathaway,humano
EvenAR,humano
EverStarck,humano
Everettss,humano
Everton Nunes,humano
Evgeniy Kumachev,humano
EvgeniyBudaev,humano
EvgeniyGorbachev,humano
EvgeniyKorshun,humano
EvgeniyKumachev,humano
Evian-Zhang,humano
Evil Rabbit,humano
EvilaMany,humano
Evild67,humano
Evilscaught,humano
Evilshoot,humano
Ex4l,humano
ExLineP,humano
Exekyel,humano
Exelord,humano
Exitium-DEV,humano
Exortions,humano
Exotic,humano
ExoticCoder16,humano
Expensiveee,humano
ExpressGradient,humano
ExtremelyAngryCat,humano
Exzort567,humano
EyMaddis,humano
Eyas,humano
Eyon42,humano
EzeRangel,humano
Ezejaemmanuel,humano
EzequielBurg,humano
EzequielDM,humano
EzraBerendsen,humano
F-47,humano
F-Moody,humano
F-a-u-x-L,humano
F. Hinkelmann,humano
F3WS,humano
F7b5,humano
FACOLOMBANI,humano
FAVE01,humano
FBerthelot,humano
FBosler,humano
FDiskas,humano
FINDarkside,humano
FJRG2007,humano
FKuna,humano
FLCN-16,humano
FMGordillo,humano
FMota0,humano
FNogueiraIntekMedical,humano
FRMR1,humano
FSaldanha,humano
FStefanni,humano
FW1342,humano
FXStrato,humano
Fabian Hiller,humano
Fabian Mastenbroek,humano
FabianKoder,humano
FabianL1,humano
Fabien Le Frapper,humano
FabienGreard,humano
FabienMotte,humano
Fabio Benedetti,humano
Fabio Espinosa,humano
FabioArieiraBaia,humano
FabioDiCeglie,humano
Fabrício Matté,humano
FacuMasino,humano
Facundo Giuliani,humano
Facundo-Martin,humano
FacundoSpira,humano
FadiAboMsalam,humano
Faey2222,humano
FahadAlazemi,humano
FahimFBA,humano
FairyPenguin,humano
Faiz-exe,humano
Faizan Virani,humano
Faizan-26,humano
Faizan711,humano
Faizanahmedsy,humano
Falci,humano
Falling12,humano
Falven,humano
FanManutd,humano
Fangston0,humano
FangzfHtml,humano
Fanoflix,humano
Faolain,humano
FarKiD,humano
Faradey27,humano
Faraz1995,humano
FarazPatankar,humano
FardinKarimi,humano
Farhaan9082,humano
FarhadG,humano
Farhan Ullah,humano
Farhanaziz95,humano
Farhanisto,humano
FaridQattali,humano
FaridSafi,humano
Faris Abusada,humano
Faris Masad,humano
Farruh-JS,humano
Farsab,humano
Farsab B,humano
Faruqt,humano
FaryarKankash,humano
FarzadMohtasham,humano
Farzzn,humano
Fasa2509,humano
Fastbac65,humano
Fastering18,humano
FateRiddle,humano
Fatih Kalifa,humano
FatihErtugral,humano
Fatima-yo,humano
Fatimaarshad10,humano
FauricioValencia,humano
Fawwaz-2009,humano
Fax-ofJax,humano
FayssalG,humano
Fazlur00,humano
FeNoMeNa,humano
FearlessSlug,humano
FedeMadoery,humano
Fedeorlandau,humano
Federico Manuel Peralta,humano
Federico Minaya,humano
FedorT22,humano
FeelGoodInc,humano
Fefedu973,humano
FeiPengDev,humano
FelDev,humano
FelHa,humano
Feli87,humano
Felipe,humano
Felipe Barso,humano
Felipe Chicaiza,humano
Felipe Flores,humano
Felipe Lima,humano
Felipe Oliveira,humano
Felipe Saldanha,humano
Felipe-Emanuel,humano
Felipe-Tomazetti,humano
Felipe-deSoto,humano
FelipeBarrosCruz,humano
FelipeBattistotti,humano
FelipeBattistottiAvant,humano
FelipeChicaiza,humano
FelipeJz,humano
Felipeness,humano
FelippeChemello,humano
Felix Meziere,humano
Felix Mosheev,humano
Felix Shih,humano
Felix-Antoine Paradis,humano
FelixK-Witt,humano
FelixKirmse,humano
FelixStridsbergPaf,humano
FelixTellmann,humano
Fellipe Utaka,humano
Fely16,humano
FendiMohamed,humano
FengeRVictor,humano
Fensterbank,humano
Ferezoz,humano
Fernand,humano
Fernando Dingler,humano
FernandoGOT,humano
FerrariAndrea,humano
Ferresse,humano
Fettah,humano
Feulf Fnlkps,humano
FezVrasta,humano
Fghurayri,humano
Fi1osof,humano
FiammaMuscari,humano
FiberJW,humano
FierceGrandpa,humano
Figidon,humano
Fikri Karim,humano
FilFarEu,humano
Filip Kudła,humano
Filip Skokan,humano
Filip Wojciechowski,humano
FilipChalupa,humano
FilipKubis,humano
FilipLusnia,humano
FilipMessa,humano
Filipe Marins,humano
Filipe Medeiros,humano
FilipeCovas,humano
FilipiBrabo,humano
FilippoFantinato,humano
Filipvdb321,humano
Fin Hopkins,humano
FinThunderstorm,humano
Finesse,humano
Fingel,humano
FingerLiu,humano
Finkes,humano
FinnIckler,humano
FinnWoelm,humano
Firas88Alkhatib,humano
First Kanisorn Sutham,humano
FishyLipz1904,humano
Fity,humano
Fitzxel,humano
Flafi87,humano
Flamefork,humano
Flammae,humano
Flaque,humano
Flave1,humano
Flavian Desverne,humano
Flavio Wuensche,humano
Flaxxas,humano
Flcwl,humano
FleetAdmiralJakob,humano
FlexWilliams,humano
Flo,humano
Flo0806,humano
Floffah,humano
Flohhhhh,humano
Florentin / 珞辰,humano
Florian Boeck,humano
Florian Didron,humano
Florian Goße,humano
Florian Hämmerle,humano
Florian Liebig,humano
Florian Lopez Plaza,humano
Florian-R,humano
Florian-crg,humano
FlorianCassayre,humano
FlorianLeChat,humano
FlorianSolcher,humano
Floriferous,humano
FlorinSenoner,humano
FlorisJetses,humano
FlorisdeG,humano
FlowerGeoji,humano
Flowkap,humano
FluroAsh,humano
FluxCapacitor,humano
FluxCapacitor2,humano
FluxxField,humano
Flydiverny,humano
FlyingGrasss,humano
FlyingTurkman,humano
Fmakiad,humano
FoSuCloud,humano
Focus-me34,humano
FocusCookie,humano
FoggDev,humano
FokkeZB,humano
FomichRoman,humano
Fonger,humano
ForbesLindesay,humano
Forbrig,humano
Form1ca,humano
Forrest,humano
ForsakenHarmony,humano
ForsyteRun,humano
FortisFortuna,humano
Fortivera,humano
Fouad Matin,humano
FourteenBrush,humano
FourwingsY,humano
Foxhunt,humano
Foxxite,humano
Fraank98,humano
FragsterAt,humano
FrameJ,humano
Fran Zekan,humano
FranCarstens,humano
FranLagorio,humano
FrancMihani,humano
Francesco Sansalvadore,humano
Francesco-Lanciana,humano
FrancescoFontana,humano
FrancescoSaverioZuppichini,humano
Francis Gulotta,humano
Francis Li,humano
Francis Rodrigues,humano
FrancisBoudreau,humano
FrancisGregori,humano
Francisc,humano
Francisco Baio Dias,humano
Francisco Moretti,humano
Francisco Pizarro,humano
FranciscoG,humano
FranciscoMSM,humano
FranciscoMoretti,humano
Francismori7,humano
FrancoAguzzi,humano
Francoois,humano
FrancosLab,humano
Francoscopic,humano
Franetse7,humano
Frank Dai,humano
Frank2006x,humano
FrankFang,humano
Frankie,humano
Frankjunyulin,humano
FranklysG,humano
Franktronics,humano
FransJoakim,humano
FranzaLeny,humano
François Best,humano
François Billioud,humano
François Martin,humano
FredTreg,humano
Freddy Jimenez,humano
Freddy Montes,humano
Frederic H-F,humano
Frederick Fogerty,humano
Frederik von Sperling,humano
Fredkiss3,humano
Fredo70,humano
Fredrik Höglund,humano
Fredy,humano
FredyC,humano
FreeOG-Gib0xn,humano
FreeWall,humano
FreedCapybara,humano
FrenchMajesty,humano
FrencisAlreadyInUse,humano
Freshu23,humano
Freud-K,humano
Frexuz,humano
FreyzerFault,humano
Frieder Bluemle,humano
Frikki,humano
FrimJo,humano
FritzTheDev,humano
FroeMic,humano
FrontLeejonghun,humano
Frontend-geonu,humano
Frontend-io,humano
Frost-on-Web,humano
Frost7994,humano
Frosty92,humano
FrozenHearth,humano
FrozenPandaz,humano
Frtrillo,humano
Fruchtix,humano
Frumba,humano
Frédéric Montet,humano
Fsss126,humano
Fuel0,humano
FujiwaraChoki,humano
FulcronZ,humano
Fullsize,humano
Fuma,humano
Fumihiro Xue,humano
Fumler,humano
FunctionDJ,humano
Furizaa,humano
Furkan MT,humano
FurkanDGN,humano
FurryR,humano
FutureKode,humano
Fyvel,humano
G-T-P,humano
G0rav,humano
G3root,humano
G4LH4,humano
G9000,humano
GBDev13,humano
GBrachetta,humano
GBvanDam,humano
GDS-hue,humano
GDdark,humano
GFriedrich,humano
GGAlanSmithee,humano
GH Lee,humano
GJunior,humano
GKosheev,humano
GLObus303,humano
GMBermeo,humano
GMaiolo,humano
GMkonan,humano
GN-c,humano
GOFATgraphics,humano
GP,humano
GP-marco,humano
GRA0007,humano
GRIM-xx,humano
GTOsss,humano
GVALFER,humano
GXM245,humano
GabVlado,humano
GabbereX,humano
Gabby-Codes25,humano
GabeDuarteM,humano
GabeInDevOps,humano
GabenGar,humano
GabiGrin,humano
Gabor Ottlik,humano
Gabriel F,humano
Gabriel França,humano
Gabriel Schneider,humano
GabrielCev,humano
GabrielDelepine,humano
GabrielDucharme,humano
GabrielFerrarini,humano
GabrielNBDS,humano
GabrielPPavan,humano
GabrielSuassuna,humano
Gabsys,humano
GaddMaster,humano
GaelS,humano
Gaelan,humano
GafurCodes,humano
Gaic4o,humano
GainorB,humano
Gal Schlezinger,humano
GalInvesting,humano
Galanggg,humano
Galanthus,humano
GalaxyBuilder-oss,humano
Gamez0,humano
GammaQQ,humano
GandharvJaggi,humano
GaneshJampa,humano
GaneshKathar,humano
GanziMan,humano
Garajluc,humano
Garamani,humano
Garett-MacGowan,humano
Garrethta,humano
Garrett-R,humano
GarrisonD,humano
GarryOne,humano
Gary Borton,humano
Gary Meehan,humano
Gary Tyr,humano
GaryAlway,humano
Gashunkification,humano
Gaspar Garcia Jr,humano
Gasper01,humano
Gaston Fartek,humano
Gatesvert81,humano
GauravRajSharma,humano
Gautham495,humano
GautheyValentin,humano
GautierCo,humano
GavOutdoors,humano
Gavin,humano
Gavin Kline,humano
GavinLam164,humano
Gawdfrey,humano
Gaël Haméon,humano
Gbuomprisco,humano
Gc-Peanut,humano
Gdhanush-13,humano
Gebov,humano
Geczy,humano
Ged-Fenir,humano
Gediminas,humano
GeeWee,humano
GeekMikle,humano
Geervan,humano
GeisonJr,humano
Geminii,humano
Gen Tamura,humano
GeneralTyres,humano
Genet Schneider,humano
Gengkun,humano
Genhao Li,humano
GenhaoLi,humano
GeniusHawlah,humano
GennYoon,humano
GennadyPonomarev,humano
GentryRiggen,humano
Geo-W,humano
GeoBrodas,humano
Geocodlea,humano
GeoffZhu,humano
GeoloeG-IsT,humano
GeorgEchterling,humano
George,humano
George Arthur,humano
George Gach,humano
George Karagkiaouris,humano
George Pantazis,humano
George-F-Ramzi,humano
GeorgeHulpoi,humano
GeorgeIpsum,humano
GeorgeNabilPro,humano
GeorgeSG,humano
GeorgeTaveras1231,humano
GeorgeWL,humano
Georgerowberry,humano
Georges Farah,humano
GeorgiosGoniotakis,humano
Gerald Monaco,humano
Gergely Gazda,humano
Gergely Nemeth,humano
Gergo Tolnai,humano
Gerhard Preuss,humano
Gerhut,humano
GermanGrib,humano
GeronimoReynoso,humano
GeronimoSerial,humano
Gerrit Alex,humano
GersonDias,humano
Geshan Manandhar,humano
GetPsyched,humano
GetafixIT,humano
Gh05d,humano
Ghastly2001,humano
Ghepes,humano
GhimBoon,humano
GhislainMitahi,humano
Ghostavio,humano
GhostvOne,humano
GiGurra,humano
Giacomo Rebonato,humano
GiamPy5,humano
GianfrancoCorrea,humano
Giang Nguyen,humano
Gianmarco,humano
GiantappMan,humano
Giantswing,humano
Giau Tran Minh,humano
Gideon,humano
GideonStowell,humano
Gideonnn,humano
Gigacore,humano
Gigiz,humano
GijsSi,humano
Gilbert09,humano
Giles Thompson,humano
GilesC9,humano
Gilighost,humano
GioLogist,humano
Giorgi-Gamgebeli,humano
GiorgiTsukhishvili,humano
GiovaniBiagi,humano
Giovanni Fumagalli,humano
Giovanni Giordano,humano
GiovanniColonni,humano
Girish Patil,humano
Gisleburt,humano
Git-I985,humano
GitAmanS,humano
GitBash-ux,humano
GitDevla,humano
GitHelge,humano
GitHubFilipe,humano
GitIgnoreMaybe,humano
GitMazzone,humano
GitRowin,humano
GitSquared,humano
GitVitor,humano
Gitstar-OC,humano
Giulio Fagioli,humano
Giuseppe,humano
Gjum,humano
Glassmenstrick,humano
GlebKodrik,humano
Glen Ihrig,humano
Glenn Gijsberts,humano
Glenzy,humano
Gliba,humano
Glinkis,humano
GlittersIsGold,humano
Glomels,humano
Glucksberg,humano
Glumac7,humano
Glutch,humano
Gmulti,humano
Gnadhi,humano
GnussonNet,humano
GodOfGrandeur,humano
Godrules500,humano
Godsenal,humano
Goku-py,humano
GoldenRatio3,humano
GoldevLab,humano
Goldziher,humano
Golenspade,humano
GoloisaNinja,humano
GomaGoma676,humano
Gomah,humano
Gomurmamma,humano
GonchuB,humano
GonzagaGustavo,humano
Gonzalo,humano
Gonzalo D'Elia,humano
Gonzalo Pozzo,humano
GonzaloZiadi,humano
GoodBoyNeon,humano
GoodbyeNJN,humano
Goodosky,humano
Gordey,humano
GorkemSahin,humano
GorlikItsMe,humano
GorvGoyl,humano
Gosev,humano
Goshin,humano
GoudekettingRM,humano
GoulartNogueira,humano
Gourav Goyal,humano
Gouttfi,humano
GozuPro,humano
Gr0m,humano
Gr33nLight,humano
Grace Yun,humano
Gracemartinez7887,humano
Grachev Mikhail,humano
GrahamQuan,humano
Grandnainconnu,humano
Grant-MMT,humano
Grant05,humano
GrantASL19,humano
GrantGryczan,humano
GrantHynd,humano
Gravgor,humano
GravityTwoG,humano
GraxMonzo,humano
GrayKwon,humano
Grazinascito,humano
Gre7,humano
GreatAstronaut,humano
GreedyWhale,humano
Greek,humano
GreenBabyBorn,humano
Greenizim,humano
Greenkeeper,humano
GreetVdL,humano
Greg Rickaby,humano
Greg Soltis,humano
Greg Teixeira,humano
GregBorrelly,humano
GregBrimble,humano
GregTrifan,humano
Gregcop1,humano
Gregivy,humano
Gregliest,humano
Gregoor,humano
Gregor Adams,humano
GregorTB,humano
Gregorein,humano
GregoryDi,humano
Grekz,humano
Grenish,humano
GriffinCanCode,humano
GriffinSauce,humano
Grigory,humano
Griha3212,humano
Grimones,humano
Grinv,humano
Grit03,humano
Gritteh,humano
Grmiade,humano
Grod56,humano
Grohden,humano
Grokling,humano
Grong1515,humano
GroovyGG,humano
GrossDesignCo,humano
GrowUp-Haruno,humano
GrowthWizard,humano
Grsmto,humano
Gryso,humano
GrzegorzWidla,humano
GrzegorzZajac000,humano
Guccifer808,humano
Guendi,humano
GuerrillaCoder,humano
GuiBibeau,humano
GuiGimenez,humano
GuiSim,humano
GuiWain,humano
GuidovdRiet,humano
Guilherme Araújo,humano
Guilherme Augusto Henschel,humano
Guilherme Baron,humano
Guilherme Diego,humano
Guilherme Prezzi,humano
Guilherme Samuel,humano
Guilherme Sehn,humano
Guilherme de Andrade,humano
Guillaume FORTAINE,humano
GuillaumeBecker,humano
GuillaumeDesforges,humano
GuillaumeFitzrichard,humano
GuillaumeHalb,humano
GuillaumeSarfati,humano
Guilleo,humano
Guilleo03,humano
Guillermo Rauch,humano
GuillotJessica,humano
GuinsooRocky,humano
Guiso92,humano
Gul7333,humano
Gulivertx,humano
Gullinkambi-Whip,humano
Gumbraise,humano
Gumichocopengin8,humano
Gummalla Jashnavi,humano
Guneetgstar,humano
Guneetsinghtuli,humano
Gunt3r-Tp,humano
GunterJameda,humano
Guo Ci,humano
Guo-dalu,humano
Guru901,humano
Gus Fune,humano
GusMartins499,humano
GusRuss89,humano
GusevDV,humano
GustafHultgren,humano
Gustav Pursche,humano
Gustavo Edinger,humano
Gustavo Levano,humano
Gustavo Steinmetz,humano
Gustavo-gthb,humano
GustavoEdinger,humano
GustavoOS,humano
Guy Bedford,humano
GuyB-Hud,humano
GuysmoB,humano
Gvido35,humano
Gwened,humano
GxDesign,humano
Gyeonghun-Park,humano
GyeongtaeGim,humano
Gyllsdorff,humano
GyoHeon,humano
Gytjarek,humano
Gyurmatag,humano
Gzxing,humano
Gáspár Körtesi,humano
Gökay Gürcan,humano
H01001000,humano
H1Mohamed,humano
H3nry-T,humano
H4LV3D,humano
H4kt,humano
HACKER007-SHIP-IT,humano
HARAJLI98,humano
HAREESH BHITTAM,humano
HCAMattHopkins,humano
HCarrer,humano
HDv2b,humano
HEVpro,humano
HHongSeungWoo,humano
HIppei,humano
HJEC,humano
HJGreen,humano
HK321,humano
HL2303,humano
HM-Suiji,humano
HMarzban,humano
HMilbradt,humano
HMubaireek,humano
HONK2006-dev,humano
HOTLancerX,humano
HP2706,humano
HPieters,humano
HQ063,humano
HQ92,humano
HQidea,humano
HRworksAlx,humano
HStromfelt,humano
HT-Moh,humano
HUMORCE,humano
HW13,humano
HY-Ku,humano
HYEON GYU KIM,humano
HYUNSANG HAN,humano
HaKiLo91,humano
HaNdTriX,humano
Haaxor1689,humano
Haberkamp,humano
Hachondeoro,humano
Hack-Jay,humano
HackerQED,humano
HackingRepo,humano
Hacksore,humano
HadiAkmal,humano
HaimAbeles,humano
Hainesy,humano
HajAbdolblack,humano
HakanSungur,humano
HakeemTheEmperor,humano
Hakeemmidan,humano
HakkaOfDev,humano
HakobjanyanHayk,humano
Haldaug,humano
HalfLegend,humano
HalfVoxel,humano
HallexCosta,humano
HamAndRock,humano
Hamad Ullah,humano
HamadUllah16,humano
Hamburger,humano
Hamdan-Khan,humano
Hamed,humano
HamidReazaNikoonia,humano
Hamidreza Hanafi,humano
Hamidreza Nateghi,humano
HaminJuri,humano
Hamir Mahal,humano
Hammad Khan,humano
Hammed A. Olajide,humano
Hamza-Liaqat1,humano
HamzaAmar,humano
HamzaSaeed07,humano
Han Yeong-woo,humano
Han5991,humano
HanCiHu,humano
Hana,humano
Hanaffi,humano
HananoshikaYomaru,humano
Hancoson,humano
HandyHat,humano
Hanggi,humano
Hank Andre,humano
Hank Lin,humano
HanliTheron,humano
Hannes Bornö,humano
Hans Trautlein,humano
HansLjy,humano
Hanskrogh,humano
Hanzala Sohrab,humano
HaoboZ,humano
Haosik,humano
HappyCode1109,humano
HappyEmu,humano
HappyTribe,humano
Haqverdi,humano
Haraldson,humano
Harang,humano
HarcheSamir,humano
HardMin,humano
Hardel-DW,humano
Hareesh108,humano
Hargoze,humano
Hari-betaflux,humano
HarikiRito,humano
Harit007x,humano
Harits Syah,humano
Harri Hälikkä,humano
HarrisonHemstreet,humano
HarrisonPortwood,humano
Harrisonkamau,humano
HarroE,humano
Harry,humano
Harry Manchanda,humano
HarryF514,humano
HarryZ10,humano
Harrylever,humano
Harsh Joshi,humano
Harsh-Sharma25,humano
Harsh062,humano
HarshaDW,humano
HarshaVardhanReddyDuvvuru,humano
HarshalPatel1972,humano
Harshalj2108,humano
Harshalyadav,humano
HarshiShah,humano
Harshkt214,humano
HarshneetSingh,humano
HarshvardhanThosar,humano
HartS,humano
Hartaithan,humano
HaruMiyaGi,humano
Harun Đulić,humano
HarunD,humano
HarveyAgapay,humano
HarveyPeachey,humano
HasanHatem,humano
HasanMothaffar,humano
HasanMothaffar-OSG,humano
HasancanCakicioglu,humano
Haschikeks,humano
Haseebshah936,humano
HashemKhalifa,humano
HasinduLanka,humano
HassaanShah016,humano
Hassan El Mghari,humano
HassanAbouelela,humano
HassanAlthaf,humano
HassanIyan,humano
HassanNemir,humano
HassenHichri,humano
Haugen,humano
HawkeyePierce89,humano
HayatoKazi,humano
HayatoW,humano
Hayden Bleasel,humano
HaykMkrtich,humano
HazAT,humano
Hazem67671,humano
HcgRandon,humano
HeadFox,humano
HectorBernstorff,humano
HectorLS,humano
HectorMu,humano
Hectordeluna,humano
Heechem,humano
Heet-Bhalodiya,humano
Hegde45,humano
Heidar-An,humano
HeikoMueller,humano
HelaGone,humano
HelderFSFerreira,humano
HellYeahOmg,humano
Hellaeh,humano
HelloImGabriel,humano
HelloKashif,humano
HelloMyDevWorld,humano
HelloRusk,humano
HelmerBarcos,humano
Heloi Neto,humano
HelpMe-Pls,humano
Helvin159,humano
Hemanshu Upadhyay,humano
Hemanshu-Upadhyay,humano
Hemanth-M-K,humano
Hendrik Liebau,humano
HenkVanMaanen,humano
Henning777,humano
Henri,humano
HenriBeck,humano
HenriChabert,humano
Henric Malmberg,humano
Henrik,humano
Henrik Wenz,humano
Henrique Holtz,humano
HenriqueLimas,humano
HenriqueSenaDev,humano
Henrixounez,humano
Henry,humano
Henry Blevins,humano
Henrynncc,humano
Henryyy-Hung,humano
HeppokoNeet,humano
Herklos,humano
Herlevsen,humano
Herman,humano
Herman Nygaard,humano
HermanDhillon,humano
HermanNygaard,humano
HeroProtagonist,humano
HerrNiklasRaab,humano
HerrZatacke,humano
Herra47juu,humano
Herrington Darkholme,humano
HerringtonDarkholme,humano
Hewlbern,humano
HeyHugo,humano
HeyImMatt,humano
Heyang Zhou,humano
HiDana,humano
HiDeoo,humano
HiIamLala,humano
HiImSaba1,humano
HiRahmatDev,humano
HiThereStranger,humano
HialeahLiam,humano
Hichem,humano
Hichem Fantar,humano
HichemBenChaaben,humano
HickAndrade,humano
HidayetCanOzcan,humano
Hide-nu,humano
Hidetaka Okamoto,humano
Highlighted-dev,humano
Hiieu,humano
Hijazi313,humano
Hike Baghdasaryan,humano
HillLiu,humano
Hillel-Nagid,humano
HimanshuKumarDutt094,humano
HimanshuNameSpace,humano
Himenon,humano
Himself65,humano
Hiparham,humano
Hiram,humano
Hiraqui,humano
Hiroaki Ogasawara,humano
Hirofumi Wakasugi,humano
Hiroshi Ogawa,humano
Hirotomo Yamada,humano
HishamMubarak,humano
Historia2,humano
HitoriSensei,humano
HitsiLent,humano
Hoang Vo,humano
Hocdoc,humano
Hocoh,humano
Hodosov,humano
Hofer Ivan,humano
HofmannZ,humano
Hojeong Park,humano
Holiq Ibrahim,humano
Hollayemi,humano
HomemadeToast57,humano
Homer Chen,humano
HomyeeKing,humano
Honda Yuto,humano
HondaYt,humano
HoneyTyagii,humano
Hong,humano
Hong Zheng You,humano
Hong-Kuan Wu,humano
HonkingGoose,humano
HonzaTuron,humano
Honzoraptor31415,humano
Hoody91,humano
Hoofoo-WHU,humano
Hooked74,humano
Hooman-studio,humano
Hoon Oh,humano
Hopp3r,humano
Hopsken,humano
HoraceShmorace,humano
Horacio Valencia,humano
HoracioGutierrez,humano
Horlabrainmoore,humano
HosamSenosi,humano
HoseinHabibiyan,humano
Hossam Magdy,humano
Hossamelshwwam,humano
HosseinAgha,humano
HotCustard,humano
Houssein Djirdeh,humano
HovhannesMkoyan,humano
Hozeee,humano
Hozefa,humano
Hqck4me,humano
HriBB,humano
Hrishi1999,humano
Hristiyan Dodov,humano
HristoHentov,humano
HristovCodes,humano
Hronom,humano
HsnVahedi,humano
HsuTing,humano
Htet-Inzali,humano
HuJean,humano
Huai-Kang,humano
Huaian666,humano
Huang Xuan,humano
Huaoe,humano
HubertChen,humano
Hubro,humano
Hubtig23,humano
Huespal,humano
Hugh,humano
Hugh Do,humano
Hugh Lilly,humano
HughHzyb,humano
Huglo,humano
Hugo,humano
Hugo Heyman,humano
Hugo Maestá,humano
Hugo Meissner,humano
Hugo Morosini,humano
Hugo-Delattre,humano
Hugo-Lorenzoni,humano
HugoBianquini,humano
HugoDF,humano
HugoDelatte,humano
HugoDerigny,humano
HugoDiFrancesco,humano
HugoHZXu,humano
HugoVizcainoSantana,humano
Hugofv,humano
Hugojqs,humano
Hugomndez,humano
HugoxSaraiva,humano
HuiSF,humano
Huink7,humano
Hulow,humano
HumbleBee14,humano
Humboorgir,humano
Humed-Muhammad,humano
HumidBrains,humano
HummingMind,humano
HunderlineK,humano
Hung Doan,humano
Hung Viet Nguyen,humano
Hunter Tunnicliff,humano
Hunter-Matata,humano
HupanFabricio,humano
HurSungYun,humano
HuriHuchi,humano
Hurly77,humano
HurricanKai,humano
Hurtak,humano
Huseyin ELMAS,humano
HusnaGulenc,humano
Hussain Fakhruddin,humano
Huvinesh-Rajendran-12,humano
HuxleyIsMe,humano
Huxpro,humano
HuynhTuanWD,humano
Huzaifa Arif,humano
Hwlhwlxyz,humano
Hybirdss,humano
HybridGeneuis1,humano
HyeokjaeLee,humano
Hyeon Kim (김지현),humano
Hyeonjun (Jello),humano
Hyeungshik Jung,humano
Hyewon Kim,humano
HynekS,humano
Hyodori04,humano
HyperGrapher,humano
Hyuga-Tsukui,humano
HyunJick Lee,humano
HyunSeob,humano
Hyungji,humano
HyungtaeMoon,humano
HyunsangHan,humano
Hyunseung Lee,humano
Hüsrev,humano
I am not shine,humano
I-Valchev,humano
I-keep-trying,humano
I0T-4-L1F3,humano
IAlphaOmegaI,humano
IAmArthurAdams,humano
IAmJSD,humano
IAmJakPro,humano
IAmMorrow,humano
IAmNatch,humano
IAmYoungbossy,humano
IB1899,humano
IDNK2203,humano
IDONTSUDO,humano
IDrumsey,humano
IFAKA,humano
IGassmann,humano
IHIutch,humano
IHarisImran,humano
IIACTbIPb,humano
IMax153,humano
INIRU,humano
INSIinc,humano
INValentin,humano
INeedJobToStartWork,humano
INichiporenko,humano
IRediTOTO,humano
IRelaxxx,humano
ISDThalackDalhar,humano
ISHANTPATIL2005,humano
ITC-Jason,humano
ITJesse,humano
ITSWYoo,humano
ITenthusiasm,humano
IVEN21,humano
Iago Bruno,humano
Iago Dahlem Lorensini,humano
Iain Collins,humano
Iakhub Seitasanov,humano
IamDieuKhanh2001,humano
IamJoseph,humano
IamLizu,humano
IamManchanda,humano
IamSoPrada,humano
Iamknownasfesal,humano
Ian Jones,humano
Ian Luca,humano
Ian Macartney,humano
Ian Marlier,humano
Ian Mitchell,humano
Ian Sutherland,humano
IanEdington,humano
IanGraingerGMSL,humano
IanMitchell,humano
IanPhilips,humano
Ianduha13,humano
Ianfeather,humano
Ianpengg,humano
Iaroslav Kolbin,humano
Ibra-cesar,humano
Ibrahem Mahyob,humano
Ibrahemyoussef2020,humano
Ibrahim Ansari,humano
IcaroG,humano
IceeMC,humano
Icegreeen,humano
Icehunter,humano
Ich-bin-naoya,humano
IconicMayukh,humano
IddanCF,humano
IdkMan2Usertive,humano
IdrisKulubi,humano
Iegor Azuaga,humano
Iftee97,humano
IggsGrey,humano
IgnacioNMiranda,humano
Ignat Zapolsky,humano
IgnisDa,humano
IgnusG,humano
Igor Agapov,humano
Igor Babko,humano
Igor Crispim Diniz,humano
Igor Gassmann,humano
Igor Kowalczyk,humano
Igor Loskutov,humano
Igor Toporet,humano
Igor Varyvoda,humano
Igor Šćekić,humano
Igor2122,humano
IgorBadanyuk,humano
IgorBezusenko,humano
IgorCRD,humano
IgorDePaula,humano
IgorKowalczyk,humano
IgorMagal,humano
IgorNoskov,humano
IgorRSGraziano,humano
IgorSousaFront,humano
IgorVaryvoda,humano
IgorZanellaDev,humano
IgordeSL,humano
Igosuki,humano
IguJl15,humano
Ihatetomatoes,humano
Ihor912,humano
IhorKevin,humano
IhorVoit,humano
IhostVlad,humano
IhsenBouallegue,humano
IikkaWinter,humano
IiroP,humano
Iitian001,humano
IkeLutra,humano
Ikhan,humano
IkkeLucky,humano
Ikko Ashimine,humano
Ilaiwi,humano
IlamathiIla,humano
Ilham Wahabi,humano
IliasHad,humano
IlirEdis,humano
Iliyass,humano
Illyism,humano
Ilmari Vacklin,humano
Ilya,humano
Ilya Konstantinov,humano
Ilya Lebedev,humano
Ilya Taratukhin,humano
ImAbdullahJan,humano
ImBIOS,humano
ImDR,humano
ImLunaHey,humano
ImSketch,humano
ImTemporaryHere,humano
Imad Atyat-Allah,humano
Imamuzzaki Abu Salam,humano
Imanghvs,humano
Immortalin,humano
Imprasna,humano
ImraKocis,humano
Imran Sulemanji,humano
Imran-S-heikh,humano
Inbestigator,humano
Indiawells89,humano
Indraan S. Toor,humano
Industrial,humano
IndyTheDog,humano
Infectious-Smile,humano
Infinitay,humano
InfiniteCodeMonkeys,humano
IngoVals,humano
Ingole712521,humano
Ingólfur Valsson,humano
InkaAlicja,humano
Inkdpixels,humano
Inlustra,humano
InnaShlempa,humano
Innei,humano
Inoir,humano
InsOpDe,humano
InsideGH,humano
InsightfulFuture,humano
Insik-Han,humano
Insteadof,humano
Intaria,humano
Intellicode,humano
Interlude-code,humano
IntiSilva,humano
IntroJoul,humano
InukaWijerathna,humano
InvincibleJun,humano
Inviz,humano
Inzendis,humano
IoanStoianov,humano
Iodine-,humano
IonVillarreal,humano
IonelLupu,humano
Ionito,humano
Ionut-Milas,humano
Ionuț Botizan,humano
Ipriyankrajai,humano
IrakliK,humano
Irek Róg,humano
Irene Oppo,humano
IrinaSTA,humano
Irines,humano
Iris van Ollefen,humano
Iris-Ares,humano
IrisvanOllefen,humano
IronDdtRIiGh,humano
Irrelon,humano
Irshadmirza,humano
IrumiDesu7,humano
IrvineCAUSA,humano
IrvingArmenta,humano
IrynaD25,humano
IsKaros,humano
Isaac Abotsi,humano
Isaac Ellmen,humano
Isaac Hinman,humano
Isaac Martin,humano
Isaac-Tait,humano
Isaac1606,humano
IsaacAndela,humano
IsaacMcIntyre,humano
IsaacTrevino,humano
IsabellaRey,humano
IsaiahPapa,humano
Ishaan,humano
Ishaan2053,humano
IshanRao,humano
Ishank Sharma,humano
Ishaq Ibrahim,humano
IshfaqAhmedProg,humano
Ishfaque-techno,humano
IshimweJoliePrincesse,humano
IshmamR,humano
Ishuuu1213,humano
IskanderMustafin,humano
Islam Sharabash,humano
Islam Shehata,humano
Islam-AbdElhakiim,humano
IslamDsquared2,humano
Ismaaa,humano
Ismael,humano
Ismael Martínez,humano
Ismael Rumzan,humano
Ismail Ghallou,humano
IsmetGlumcevic,humano
Ismoil00,humano
IsomerX,humano
IsraExe,humano
IsraelOgas,humano
Israeltheminer,humano
Issaminu,humano
Itagiba,humano
Italo A,humano
ItalyPaleAle,humano
ItayElgazar,humano
ItayTur,humano
Itrulia,humano
Its-Just-Nans,humano
Its-Satyajit,humano
ItsJohnTheDeveloper,humano
ItsMdYousuf,humano
ItsMeSteve88,humano
ItsMrAkhil,humano
ItsRyanWu,humano
ItsTarik,humano
ItsTommyGun,humano
ItsValerius,humano
ItsWendell,humano
Itsaadarsh,humano
Itsnotaka,humano
ItzDerock,humano
ItzaMi,humano
Itzik7,humano
ItzzLincler,humano
Iulian-Dragomirescu,humano
Iurii Kucherov,humano
IvailoHr,humano
Ivan Jovanovic,humano
Ivan Kalinin,humano
Ivan Kiráľ,humano
Ivan Kleshnin,humano
Ivan Kryvorotenko,humano
Ivan Starkov,humano
Ivan Storck,humano
Ivan Torres,humano
Ivan Tyrnov,humano
Ivan V,humano
Ivan Vasilov,humano
IvanAdmaers,humano
IvanCaceres,humano
IvanGrimes,humano
IvanJov,humano
IvanKalinin,humano
IvanKiral,humano
IvanPaqmind,humano
IvanRodriCalleja,humano
IvanRomanovski,humano
IvanTsxx,humano
IvanWei,humano
Ives van Hoorne,humano
Ives7,humano
Ivica Batinić,humano
Ivo Biaus,humano
IvoBiaus,humano
IvoTsochev,humano
IvonaPilcevic,humano
Ivor808,humano
Ivowainer,humano
Iwan-LMX,humano
Iwanna2024,humano
IxayWolf,humano
Iyamokuma,humano
Izhaki,humano
IzioDev,humano
Izook,humano
Izzy Vivian Dupree,humano
IzzyLeeDev,humano
J,humano
J-F-Liu,humano
J-Krush,humano
J-env,humano
J1ssen,humano
J4v4Scr1pt,humano
JA,humano
JAD3N,humano
JAEHOON-1993,humano
JAFong,humano
JASWITHA-ATHIPATLA,humano
JBaczuk,humano
JBongars,humano
JBotwina,humano
JCB-K,humano
JCMais,humano
JCQuintas,humano
JCcastagne,humano
JClackett,humano
JCs3lma,humano
JDBar,humano
JDansercoer,humano
JDuqn,humano
JEDIBASIL,humano
JEEVADARSHAN,humano
JEGardner,humano
JF10R,humano
JFGHT,humano
JForsaken,humano
JFranciscoRader,humano
JGH153,humano
JGJP,humano
JGSolutions,humano
JGeis13,humano
JH.Lee,humano
JH108,humano
JH1ller,humano
JHawkley,humano
JHunnicutt,humano
JIMMY ムン (MOON),humano
JINSOUL KIM,humano
JJ,humano
JJ Kasper,humano
JJooaa,humano
JKarlavige,humano
JKostov,humano
JKrol,humano
JLHwung,humano
JLarky,humano
JLucasCAmorim,humano
JMSMartins,humano
JMill,humano
JNSMDT,humano
JNer1,humano
JNikolo,humano
JOT85,humano
JOliverXC,humano
JP Lew,humano
JP-HoneyBadger,humano
JPBM135,humano
JPGallegos1,humano
JPinheiro93,humano
JRS-Developer,humano
JRasmusBm,humano
JReinhold,humano
JS-GitRepo,humano
JSONRice,humano
JSTONE1111,humano
JSerFeng,humano
JSimko4,humano
JSin,humano
JStein92,humano
JTaylor0196,humano
JUNAID ALI KHAN,humano
JVMartin,humano
JVictorV,humano
JWeis,humano
JWesorick,humano
JYPark88,humano
JYeop,humano
JZebra,humano
Jaace,humano
Jaaneek,humano
Jabher,humano
JabobKrauskopf,humano
Jack Clackett,humano
Jack Hanford,humano
Jack Howard,humano
Jack Hsu,humano
Jack Moore,humano
Jack Sutton,humano
Jack Tomaszewski,humano
Jack Wilson,humano
Jack-Works,humano
JackCA,humano
JackHowa,humano
JackOddy,humano
JackPriceBurns,humano
JackShannon,humano
JackatDJL,humano
Jackbennett,humano
Jackie,humano
JackieLi565,humano
Jackiemmmmm,humano
Jackromo34,humano
Jackson Hardaker,humano
JacksonMalloy,humano
Jacky Efendi,humano
Jacky Shikerya,humano
JaclynCodes,humano
Jacob D. Castro,humano
Jacob Fletcher,humano
Jacob Hummer,humano
Jacob North,humano
Jacob Page,humano
Jacob Pargin,humano
Jacob Smith,humano
Jacob-Daniel,humano
Jacob-Roberts,humano
JacobADevore,humano
JacobArrow,humano
JacobGrady,humano
JacobKee,humano
JacobLey,humano
JacobMGEvans,humano
JacobSoderblom,humano
JacobSweeten,humano
JacobWeisenburger,humano
JaeDukSeo,humano
JaeHunPark,humano
JaeSeoKim,humano
JaedonSpurlock01,humano
JaffParker,humano
Jaga Santagostino,humano
JagadishLakhini312,humano
Jagadishvg,humano
Jah-yee,humano
Jahanzaib iqbal,humano
JahanzaibTayyab,humano
Jahrhause,humano
Jaikant,humano
Jaimayal,humano
Jaime Leonardo Suncin Cruz,humano
Jaime Rios,humano
Jaime5Alvarez,humano
JaimeObregon,humano
Jainil8923,humano
Jairo Tylera,humano
Jake Boone,humano
Jake Jarvis,humano
Jake Leventhal,humano
Jake-RoundrockIO,humano
JakeCasey,humano
JakeCooper,humano
JakeElder,humano
JakeFDev,humano
JakeSc,humano
JakeStanger,humano
JakenHerman,humano
Jakob Klotz,humano
JakobJingleheimer,humano
JakobKlotz,humano
Jakobud,humano
Jakub Karabuła-Stysiak,humano
Jakub Naskręski,humano
Jakub Pokorski,humano
JakubKontra,humano
JakubKoralewski,humano
JakubMarkiewicz,humano
Jam Balaya,humano
JamBalaya56562,humano
JamDev0,humano
Jambre,humano
JameelKhan9,humano
James,humano
James Argarin,humano
James Bowes,humano
James Burgess,humano
James Daniels,humano
James George,humano
James Hegedus,humano
James Howard,humano
James Mikrut,humano
James Mosier,humano
James Mulholland,humano
James O'Dwyer,humano
James O'Halloran,humano
James Pearson,humano
James Perkins,humano
James Reggio,humano
James Russo,humano
James Vidler,humano
James-4u,humano
James-E-Adams,humano
James-Hunt-Zone,humano
James-Lam,humano
James-Quigley,humano
James-Thibaudeau,humano
JamesAyres16,humano
JamesBender,humano
JamesBliss,humano
JamesCicada,humano
JamesDonnelly,humano
JamesGriz,humano
JamesHendersondev,humano
JamesMGreene,humano
JamesRobertWiseman,humano
JamesSingleton,humano
Jamiboy Mohammad,humano
Jamie,humano
Jamie Barton,humano
Jamie Kyle,humano
JamieByrneHDRUK,humano
JamieMason,humano
JamieOWilliams,humano
JamieShelley,humano
JamiesWhiteShirt,humano
Jamiewarb,humano
Jamison1,humano
Jan Amann,humano
Jan Bejvl,humano
Jan Beseda,humano
Jan Cizmar,humano
Jan Czizikow,humano
Jan Kaifer,humano
Jan Karres,humano
Jan Klimo,humano
Jan Mühlemann,humano
Jan Nicklas,humano
Jan Piotrowski,humano
Jan Potoms,humano
Jan Sepke,humano
Jan Varho,humano
Jan-Philipp Willem,humano
Jan-T-Berg,humano
JanCizmar,humano
JanDez,humano
JanErikFoss,humano
JanErikGunnar,humano
JanStevens,humano
JanderSilv,humano
Jane Manchun Wong,humano
JaneWatson06,humano
Janealter,humano
Janek Rahrt,humano
Janhouse,humano
Janicklas Ralph,humano
Janka Uryga,humano
Janne Sinivirta,humano
JannikSt,humano
JannikWempe,humano
JannikZed,humano
Janpot,humano
Janzawada57,humano
Jao8,humano
Jaon,humano
JarFrank,humano
Jared Palmer,humano
Jared-Dahlke,humano
Jared-Dev,humano
JaredPh,humano
Jareechang,humano
Jarek Radosz,humano
Jaril,humano
Jarmo Isotalo,humano
Jarpiino,humano
JarradSpringett,humano
Jarred Sumner,humano
Jarred-Sumner,humano
Jarren,humano
Jarrett Meyer,humano
JarrettD5309,humano
Jarrod Watts,humano
JarrodMFlesch,humano
Jarrodsz,humano
JarvisArt,humano
Jasham,humano
Jashn Maloo,humano
Jashnavi25,humano
Jashnm,humano
Jasmit22,humano
Jason,humano
Jason Aslakson,humano
Jason Dreyzehner,humano
Jason Emery,humano
Jason Leibowitz,humano
Jason Long,humano
Jason Merino,humano
Jason Miller,humano
Jason Robinson,humano
Jason Tan,humano
JasonA-work,humano
JasonBDev,humano
JasonDevTech,humano
JasonHK,humano
JasonJJFS,humano
JasonKoolman,humano
JasonLamv-t,humano
Jasper Moelker,humano
JasperAlexander,humano
JasperDeLanghe,humano
JasperWiggerink,humano
Jassi10000-zz,humano
Jassu225,humano
Jauny,humano
Javad9s,humano
Javi,humano
Javi Velasco,humano
JaviCodx,humano
JaviVA93,humano
Javier Alcala,humano
Javier1177,humano
JavierLopezSCG,humano
JavierMartinz,humano
Javimartel,humano
Javimtib92,humano
Jawad-Hussain-7,humano
JawadAzizi,humano
Jawmo,humano
Jax-p,humano
Jay,humano
Jay Cheroske,humano
Jay Kumar,humano
Jay Phelps,humano
Jay-Karia,humano
JayAchar,humano
JayAdra,humano
JayBee007,humano
JayBox325,humano
JayCarney,humano
JayJohn1869,humano
JayaKrishnaNamburu,humano
JayamalHettiarachchi,humano
Jayant818,humano
Jaydeep189,humano
Jayden Seric,humano
Jayden-San,humano
JaydenSA,humano
JayeUCSC,humano
JayeshLadumor,humano
Jayllyz,humano
Jaynam07,humano
Jaynarol,humano
JaysonHewe-KSO,humano
JayvardhanGholap,humano
Jazib Jafri,humano
Jazib Sawar,humano
Jazzel,humano
Jazzpirate,humano
Jbmanllr,humano
Jcole429,humano
Jdruwe,humano
JeStew,humano
Jean,humano
Jean Helou,humano
Jean Lucas,humano
Jean-Marc18,humano
Jean-Tinland,humano
JedBh,humano
JediWattson,humano
JedrzejMajko,humano
Jee-on,humano
Jeeho Ahn,humano
Jeevankumar-s,humano
Jeferson S. Brito,humano
Jeff,humano
Jeff Escalante,humano
Jeff Mendez,humano
Jeff Wen,humano
JeffBaumgardt,humano
JeffGuKang,humano
Jefferson Bledsoe,humano
JeffersonBledsoe,humano
Jeffrey Young,humano
Jeffrey Zutt,humano
Jeffrey-FLS,humano
Jeffrey-Zutt,humano
JefteMedeiros,humano
Jehun Seem(심제훈),humano
JeisonPham,humano
Jekins,humano
Jelle-vz,humano
Jelly38214,humano
JellyBellyDev,humano
Jennifer Proust,humano
Jens Meindertsma,humano
Jens-n11,humano
Jensderond,humano
JenyaJilenko,humano
Jeongjin Oh,humano
Jeongyeon Lee 이정연,humano
Jeontaeyun,humano
Jepser Bernardino,humano
Jeramai,humano
Jeremias Menichelli,humano
Jeremie,humano
JeremieDoctrine,humano
JeremieLeblanc,humano
Jeremy Asuncion,humano
Jeremy Balog,humano
Jeremy Bolding,humano
Jeremy Douglas Hoover,humano
Jeremy Monson,humano
Jeremy Stucki,humano
JeremyBernier,humano
JeremyJonas,humano
JeremyKennedy,humano
Jeric1223,humano
Jerico,humano
Jero786,humano
Jeroen Knoops,humano
JeroenKnoops,humano
JeroenReumkens,humano
JeroenVanSteijn,humano
Jerome Fitzgerald,humano
Jerome Leclanche,humano
Jerome1337,humano
JeromeDeLeon,humano
JeromeFitz,humano
JeromeJoestar,humano
Jeromearsene,humano
JerrodSmithFlex,humano
Jerry Gao,humano
Jerry Green,humano
Jerry K Jia,humano
JerryCauser,humano
JerryWu1234,humano
Jerrys-C,humano
Jervx,humano
JeryLu2020,humano
Jerónimo Carrizo,humano
JesperCph,humano
JesperHoff,humano
JesperWe,humano
Jess Telford,humano
JessRynkar,humano
Jesse,humano
Jesse Ditson,humano
Jesse Hall,humano
Jesse Hattabaugh,humano
Jesse Hoffman,humano
Jesse Jafa,humano
Jesse Katsumata,humano
Jesse Koldewijn,humano
Jesse Warren,humano
Jesse Zhu,humano
JesseKoldewijn,humano
JesseKuntz,humano
JesseOSullivan,humano
JesseOgunlaja,humano
JesseSinivuori,humano
JesseVelden,humano
Jessica Chowdhury,humano
Jessica Franco,humano
Jessica4171,humano
JessicaMalle,humano
Jessidhia,humano
Jester112604,humano
JesusDR01,humano
JesusGerardoAguiar,humano
Jesús Ferretti,humano
Jesús Lobos,humano
Jhappy77,humano
JhonsonTian,humano
Jhounx,humano
JiDai,humano
JiLiZART,humano
JiRadu,humano
Jiachi,humano
Jiachi Liu,humano
JianJroh,humano
JiangWeixian,humano
JidapaPSS,humano
Jigo Palillo,humano
JiiB,humano
Jim Cresswell,humano
Jim Fisher,humano
Jim Johnston,humano
JimCarnicelli,humano
JimLin94,humano
JimLynchCodes,humano
Jiman Jeong,humano
Jimmy Chion,humano
Jimmy Lai,humano
Jimmy Merritello,humano
Jimmy Miller,humano
Jimmy Moon,humano
JimmyGray,humano
JimmyMalark,humano
JinDevT,humano
Jinhyung Lee,humano
JiniHendrix,humano
Jinnified,humano
Jinoko01,humano
Jinsoo Lee,humano
Jip Sterk,humano
JipSterk,humano
Jirijancik,humano
Jirw,humano
Jishnu-Prakash-K,humano
Jiwon Choi,humano
Jiwoo JEONG,humano
Jiří Hofman,humano
Jmhernandezv-1707,humano
Jnwy,humano
Jo Franchetti,humano
Jo Liss,humano
JoRyGu,humano
JoSuwon,humano
Joachim Viide,humano
JoaoBGusmao,humano
JoaoCnh,humano
JoaoFGuiomar,humano
JoaoGabrielCostaa,humano
JoaoGuimaraes22,humano
JoaoOtavioS,humano
JoaoPLGomes,humano
JoaoPauloLousada,humano
JoaoPedroBelo,humano
JoaoTeixeira20,humano
Joaoalves89405,humano
Joaovsa7,humano
JoaquinBattilana,humano
JoaquinPalacios,humano
Jobayer071,humano
Jobians,humano
Joblyn,humano
Jobwafula,humano
Joci933,humano
JodusNodus,humano
Joe Bell,humano
Joe Bernard,humano
Joe Cohen,humano
Joe Freeman,humano
Joe Haddad,humano
Joe Lutz,humano
Joe Marty,humano
Joe McCann,humano
Joe Palmieri,humano
Joe Previte,humano
Joe Seifi,humano
Joe Warren,humano
Joe-Connolly,humano
Joe-zzj,humano
JoeCollinsBJSS,humano
JoeDevGeeeee,humano
JoeHart,humano
JoeKarow,humano
JoeKolba,humano
JoeRall,humano
JoeRoddy,humano
Joe_Z,humano
Joehann,humano
Joel Hooks,humano
Joel Watson,humano
Joel-Ajayi,humano
JoelBalmer,humano
JoelBonet,humano
JoelDSmith,humano
Joelgullander,humano
Joeoeoe,humano
Joey Tepperman,humano
JoeyEamigh,humano
JoeyFenny,humano
JoeyKhd,humano
Joezo,humano
Jofemago,humano
Joffey,humano
Johan Eliasson,humano
Johan Holmerin,humano
Johan Mattsson,humano
Johan Nilsson,humano
Johann Pinson,humano
Johannes Obermair,humano
Johannes Schickling,humano
Johannes-Andersen,humano
JohannesHome,humano
Johhan Santana,humano
John,humano
John Albin Wilkins,humano
John Armstrong,humano
John Carlo Austria,humano
John Daly,humano
John Doe,humano
John Elijah Spraul,humano
John Ide,humano
John Jago,humano
John Leon,humano
John Lombardo,humano
John Pham,humano
John Polacek,humano
John Slemmer,humano
John-Dennehy,humano
John-Oldman-Wang,humano
John-Paul-Larkin,humano
John-Spraul,humano
John0x,humano
John1114,humano
John4266,humano
John9570,humano
JohnAdib,humano
JohnAlbin,humano
JohnAnon9771,humano
JohnConstantin,humano
JohnDaly,humano
JohnDeved,humano
JohnForster,humano
JohnFoster44,humano
JohnGemstone,humano
JohnGrisham,humano
JohnHuang-CT,humano
JohnLindahlTech,humano
JohnLouderback,humano
JohnMarsden24,humano
JohnMostlyR,humano
JohnPhamous,humano
JohnRPB,humano
JohnShahawy,humano
JohnSmith0602,humano
JohnTelford,humano
JohnTitor,humano
JohnWooS,humano
Johnboy,humano
JohnnyCarreiro,humano
JohnnyGanYu,humano
Johnrobmiller,humano
Joi Glifberg,humano
JoiGud,humano
Jokcy,humano
JokeNeverSoke,humano
JollyGrin,humano
JollyMicheal,humano
Jommartinez,humano
Jon Espen Kvisler,humano
Jon Meyers,humano
Jon R,humano
Jon Tewksbury,humano
Jon1VK,humano
JonAbrams,humano
JonBernardHealia,humano
JonCognioDigital,humano
JonHX,humano
JonLuca De Caro,humano
JonQuayle,humano
JonShort,humano
Jonarod,humano
Jonas A Walden,humano
Jonas Aschenbrenner,humano
Jonas Budelmann,humano
Jonas Herrmannsdörfer,humano
Jonas Strassel,humano
Jonas Windey,humano
Jonas-Blomqvist,humano
Jonas-PFX,humano
JonasBa,humano
JonasHiltl,humano
JonasJW,humano
JonasSeegers,humano
Jonasdoubleyou,humano
Jonashr,humano
JonatanLindstrom,humano
JonatanSalas,humano
JonatasCopernico,humano
Jonathan Chan,humano
Jonathan G,humano
Jonathan Hefner,humano
Jonathan Ho,humano
Jonathan James,humano
Jonathan Pollak,humano
Jonathan Reed,humano
Jonathan Steele,humano
Jonathan Summers-Muir,humano
Jonathan Svenheden,humano
Jonathan Wilsson,humano
Jonathan Wu,humano
Jonathan-Valladares,humano
JonathanBrenner,humano
JonathanLauwers,humano
JonathanLehner,humano
JonathanWbn,humano
JonathanWolfe,humano
JonhnyDev,humano
JoniVanderheijden,humano
Jonnotie,humano
JonnyBoy333,humano
JonnyDeates,humano
Jono Hewitt,humano
Jonorusc,humano
Jonty800,humano
Joon Park,humano
Joonpark13,humano
Joost,humano
Joost De Cock,humano
Joost Jansky,humano
JoostGevaert,humano
Joozty,humano
Jophy Ye,humano
JorSoi,humano
Joram van den Boezem,humano
Jordan Baron,humano
Jordan Newland,humano
Jordan Pittman,humano
Jordan-Gilliam,humano
JordanWeatherby,humano
Jordane Quincy,humano
Jordaneisenburger,humano
Jordi Enric,humano
Jordie,humano
Jordy Fontoura,humano
Jordy van den Aardweg,humano
Jordy-A,humano
Jordy008,humano
Jorenm,humano
JorensM,humano
Jorge Antunes,humano
Jorge Carrera Diez,humano
Jorge Cuadra,humano
JorgeAssaf,humano
JorgeDuranAlcala,humano
JorgeMadson,humano
JorgePasco1,humano
JorgeSivil,humano
JorianWoltjer,humano
Joris,humano
Joris Tirado,humano
Joris W,humano
JorneSaenen,humano
Jornve,humano
Jorrit Schippers,humano
Jose Manuel Casani Guerra,humano
Jose-DallAsta-008,humano
JoseFMP,humano
JoseMartinC,humano
JoseSteecky,humano
JoseVSeb,humano
Josef Kahoun,humano
Josehower,humano
Joseph,humano
Joseph Csoti,humano
Joseph Garrone,humano
Joseph Knowles,humano
JosephDuffy,humano
JosephNK,humano
Josephenoch,humano
Joseppi83,humano
Josevictor2,humano
Josh,humano
Josh Chorlton,humano
Josh Flayhart,humano
Josh Goldberg,humano
Josh Goldberg ✨,humano
Josh Hawkins,humano
Josh Larson,humano
Josh Parnham,humano
Josh Pullen,humano
Josh Slate,humano
Josh Story,humano
Josh-Karp,humano
Josh-McFarlin,humano
Josh-Savvy,humano
JoshAllen95,humano
JoshApp,humano
JoshBarr,humano
JoshKisb,humano
JoshPav,humano
JoshRozin,humano
JoshWilliams92,humano
Joshbwr,humano
Joshua Baker,humano
Joshua Byrd,humano
Joshua Davis,humano
Joshua Francis,humano
Joshua Hannaford,humano
Joshua Santos,humano
Joshua Scott,humano
Joshua-Enrico,humano
Joshua-Miles,humano
Joshua-Sherer-Bose,humano
Joshua-hypt,humano
Joshua-takyi,humano
JoshuaASmith,humano
JoshuaAlzate,humano
JoshuaHull,humano
JoshuaKGoldberg,humano
JoshuaKirby88,humano
Joshualover,humano
Joshxing,humano
Josh™,humano
Josiah Wiebe,humano
JosiasAurel,humano
JosielHernandezDev,humano
JosipPardon,humano
JosuaMnl,humano
Josyto,humano
José Antonio Chio,humano
José Fernando Höwer Barbosa,humano
José Manuel Aguirre,humano
José Netto,humano
José Olórtegui,humano
JoueBien,humano
JounQin,humano
JoviDeCroock,humano
Joviks,humano
Jovit-Mathew236,humano
João Carmona,humano
João Granado,humano
João Henrique,humano
João Pedro Schmitz,humano
João de Vasconcelos,humano
Jraup8907,humano
Js-Brecht,humano
Jsbbvk,humano
Jsmond2016,humano
JsonLYH,humano
Jsox,humano
JstnEdr,humano
Jsurapong,humano
JtheOne,humano
Jtutne,humano
JuAnmdq,humano
JuHwon,humano
JuSfrei,humano
Juan Caicedo,humano
Juan Campa,humano
Juan Gallo,humano
Juan Martín Seery,humano
Juan Miguel,humano
Juan Olvera,humano
Juan Settecase,humano
Juan Silupu Maza,humano
JuanCaicedo,humano
JuanLuisGarciaBorrego,humano
JuanM04,humano
JuanMarchetto,humano
JuanOrtizOvied,humano
JuanPastenCastillo,humano
JuanRuiz-erebror,humano
JuanSystems,humano
JuanTG08,humano
JuandaGarcia,humano
Juanfe98,humano
JuaniSilva,humano
Juanperezc,humano
JuanseChavero,humano
JucieltonSantos,humano
Judahh,humano
Jude Gao,humano
JudgmentJay,humano
JuhG,humano
Juke-99,humano
JulSeb42,humano
Jule-,humano
JulesAU,humano
Julia Qiu,humano
Julian,humano
Julian Wilson,humano
Julian-AT,humano
Julian-Louis,humano
JulianJorgensen,humano
JulianKingman,humano
JulianKnodt,humano
Julien Benchetrit,humano
Julien Birgand,humano
Julien Bouquillon,humano
Julien Deniau,humano
Julien Karst,humano
Julien Zapata Duque,humano
JulienB18,humano
JulienCorb,humano
JulienKode,humano
JulienLeal,humano
JulienMartel,humano
JulienZD,humano
Julienng,humano
Julio Carlos Menendez,humano
JulioBarros,humano
JulioCabanillas,humano
JulioSimon,humano
Julius Marminge,humano
JuliusGudni,humano
Jumpei Ogawa,humano
JumpinHack,humano
Jun Matsushita,humano
Junaid300,humano
Junaidm678,humano
Juneezee,humano
JunfXiao,humano
Jungho-Cheon,humano
Jungmin Hwang,humano
Junior Yono,humano
JuniorTour,humano
JunkyDeLuxe,humano
JunlinPan-Crypto,humano
Junnygram,humano
Juny,humano
Junya Kono,humano
Junyoung Choi,humano
Junyoung Choi (Sai),humano
JurajJakubov,humano
JurajKavka,humano
Jure Triglav,humano
Jurian,humano
Juslisentoo,humano
Jussinevavuori,humano
Just-Moh-it,humano
JustAnxious,humano
JustFly1984,humano
JustKira,humano
JustLitio,humano
JustSuperHuman,humano
JustTB,humano
JustasPolis,humano
JustenMX,humano
Justice-0x,humano
JusticeBringer,humano
Justin,humano
Justin Bennett,humano
Justin Braithwaite,humano
Justin Chase,humano
Justin Eder,humano
Justin Elias,humano
Justin Goping,humano
Justin Noel,humano
Justin Pfifer,humano
Justin Philpott,humano
Justin Ridgewell,humano
Justin Sanford,humano
Justin Smith,humano
Justin Stahlman,humano
Justin W Hall,humano
JustinMartinDev,humano
JustinPraas,humano
JustinTBrown,humano
Justinfan827,humano
Justinyu1618,humano
Juugis,humano
Juulaps,humano
Juuldamen,humano
JuusoVe,humano
JuxhinB,humano
Juzi19,humano
Jvr2022,humano
Jxck,humano
Jyan,humano
Jyrno42,humano
Jytesh,humano
Józef Piecyk,humano
K-JHC,humano
K-Mistele,humano
K1NXZ,humano
K4R0LW,humano
KAM,humano
KASOGIT,humano
KATT,humano
KAnggara75,humano
KB1RMA,humano
KBeDevel,humano
KClough,humano
KDederichs,humano
KFrysztak,humano
KInGATiLLa,humano
KJ-Chiu,humano
KKKode,humano
KKzLEO,humano
KL13NT,humano
KLaci,humano
KODerFunk,humano
KP,humano
KQuiggins,humano
KRIMOD,humano
KSJ27,humano
KSSaiTeja,humano
KShad10,humano
KShivendu,humano
KSrahul,humano
KSubedi,humano
KUMachine,humano
Kabeer10,humano
Kabil-Boutou,humano
Kachyz,humano
Kacppian,humano
Kae7in,humano
Kaeldehta,humano
KagamiChan,humano
Kaherdin,humano
Kahfi Elhady,humano
Kahitar,humano
Kahono0,humano
Kai Malcolm,humano
Kai Yen,humano
KaiKloepfer,humano
KaiSoellch,humano
Kaic Bastidas,humano
Kaikaikaifang,humano
Kain,humano
KairuDeibisu,humano
Kais3rP,humano
KaishaerMahemuti,humano
Kaito Sugimoto,humano
Kaizer228,humano
KajSzy,humano
KakakuCZ,humano
KakkoiDev,humano
Kalcode,humano
Kaleemullah007,humano
Kalhama,humano
Kaligraphy247,humano
Kalle Ahlström,humano
KalleV,humano
Kam Figy,humano
Kamahl19,humano
KamalAman,humano
Kamalito75,humano
Kamasah-Dickson,humano
Kamil Ogórek,humano
KamilDev,humano
KamingLo,humano
Kamitenshi,humano
Kamleshpaul,humano
Kamrulhasan12345,humano
Kanary Hong,humano
Kanary159357,humano
KaneBarns,humano
Kangjaehee,humano
KanishkKalyani,humano
Kanitkorn Sujautra,humano
Kanjie Lu,humano
KannaKim,humano
Kappaequiscu,humano
KaputoKalan,humano
Kara,humano
Karan190,humano
Karibash,humano
Karim Shehadeh,humano
Karina1703,humano
Karl Horky,humano
Karl Keefer,humano
Karl Sander,humano
KarlGe,humano
KarloDuderija,humano
KarloZKvasin,humano
Karnak19,humano
Karrrthik7,humano
Kartheesan,humano
Karthik Muralidharan,humano
KarthikMalige123,humano
Karthikeya Thatipamula,humano
Karthikeya-Thatipamula,humano
Karthikeyan Ranasthala,humano
KarthikeyanM28,humano
KarthikeyanRanasthala,humano
KarthyV,humano
Kartik4152,humano
Kasea,humano
KashapovK,humano
Kashi-Datum,humano
Kashish280598,humano
KashunCheng,humano
Kasitphoom,humano
Kasopej,humano
Kasper Aamodt,humano
Kasper Andreassen,humano
Kasper Peulen,humano
KasperAndersson,humano
KasperiP,humano
KasraAhmadi,humano
Kasui92,humano
KatFishSnake,humano
KataevAS,humano
KatancicDenisz,humano
Kate,humano
KateKate,humano
Katerina198b,humano
Kateryna Pohrebniak,humano
Katie Byers,humano
Katona,humano
Katsukiniwa,humano
Katsuma Ito,humano
Katyadelarosa,humano
Kauabunga,humano
Kaung Min Khant,humano
KaushalMikaelson,humano
Kaushallrai,humano
Kav Singh,humano
Kavian77,humano
Kavikumar M,humano
Kay2dan,humano
Kayeddy,humano
KaygNas,humano
KayveTech,humano
KazAttarwala,humano
Kazi Mahbubur Rahman,humano
KaziMahbuburRahman,humano
Kazizodev,humano
KazkiMatz,humano
Kazma Endo,humano
KazooTTT,humano
Kazuhito Hokamura,humano
Kazuma Furuhashi,humano
Kazutaka NAKAMURA,humano
Kazzuk,humano
Kcin1993,humano
Keanu Lee,humano
Keats,humano
KeazoN,humano
Keen Yee Liau,humano
Keerthi Ramanarayan Meda,humano
KeiKal,humano
Keisuke Nagakawa,humano
KeisukeNagakawa,humano
KeitelDOG,humano
Keith Grennan,humano
Keith-CY,humano
Keith-Hon,humano
Keith-Web3,humano
KeithYeh,humano
Kejooorek,humano
Kelechiokpani,humano
Kellokes,humano
Kelly,humano
Kelly Burke,humano
Kelvin Mok,humano
KempfCreative,humano
Kempo,humano
Ken Murphy,humano
Ken aka Frosty,humano
KenAJoh,humano
KenAKAFrosty,humano
KenChang-TVBS,humano
KenTay198,humano
KendallWeihe,humano
KendoJaaa,humano
Kenji,humano
Kenn Jacobsen,humano
KennedyNvsf,humano
Kenneth Auchenberg,humano
Kenneth Luján Rosas,humano
Kenneth Lum,humano
KennethKinLum,humano
KenneyE,humano
Kenny Smith,humano
Kent C. Dodds,humano
Kenta Moriuchi,humano
Kento Moriwaki,humano
KentoMoriwaki,humano
Keoooo,humano
Kepron,humano
Ker102,humano
Kerbz-dev,humano
KerlosSoNy,humano
KernelCode,humano
KeroZelvin,humano
Kerosz,humano
Keroxen,humano
Kerumen,humano
Keshavdulal,humano
Kestutis,humano
Kethatril,humano
KevenGoncalves,humano
Kevin,humano
Kevin Ang,humano
Kevin Decker,humano
Kevin Donahue,humano
Kevin Jennison,humano
Kevin Mårtensson,humano
Kevin Old,humano
Kevin Pham,humano
Kevin Wang,humano
Kevin Wolf,humano
Kevin Østerkilde,humano
Kevin-McGonigle,humano
Kevin-MoonNight,humano
Kevin-Xi,humano
KevinBurton,humano
KevinDanikowski,humano
KevinEonix,humano
KevinHerklotz,humano
KevinShiCA,humano
Kevintjuhz,humano
Keyan Zhang,humano
Khachatour,humano
KhaledEmaraDev,humano
KhalidRootDevs,humano
Khang Hoang,humano
Khatwangadhareddy,humano
Khawaja Junaid,humano
KhoaComp,humano
Khoi Le,humano
KhoiUna,humano
Khoiwall,humano
Khongchai,humano
Khushali-Alt,humano
KianBrose,humano
Kianoosh76,humano
Kiarash Zarinmehr,humano
Kiarash-Z,humano
Kiborgik,humano
KickJunkieTom,humano
Kid,humano
KidLinus,humano
KidkArolis,humano
Kief5555,humano
Kiel-H-Byrne,humano
Kielan,humano
KieraDOG,humano
Kiicchan,humano
Kiichi Tachibana,humano
Kikketer,humano
Kikky,humano
Kiko Beats,humano
KikoPT1234,humano
Kikobeats,humano
Kila14,humano
KilianB,humano
KillerCodeMonkey,humano
Kim Dong Gyu,humano
Kim In Seop,humano
Kim T,humano
"Kim, Harim",humano
Kim9wang,humano
KimCCode,humano
KimCookieYa,humano
KimHyeongRae0,humano
KimJeonghun91,humano
KimJunYoung,humano
KimPaow,humano
KimTeaSick,humano
KinanGH98,humano
Kinbaum,humano
Kinco-dev,humano
KindArt,humano
Kinfe123,humano
KingBael09,humano
KingBirdBotw,humano
KingJammin,humano
KingJulius,humano
KingMatrix1989,humano
KingPengZero,humano
KingScooty,humano
KingXP-Pythoner,humano
KingZee,humano
Kingwzb,humano
KinjiKawaguchi,humano
Kipitup,humano
Kir93,humano
KirDontsov,humano
Kiraadaves,humano
Kiranisac,humano
KirilSoshnin,humano
Kirill Konshin,humano
Kirill-Ponomarenko,humano
KirillEvtushenko,humano
KirillTrachuk,humano
KirillTregubov,humano
Kirk Elliott,humano
KirtiGautam620,humano
Kiryous,humano
Kishan4181,humano
KishiTheMechanic,humano
KishokanthJeganathan,humano
Kishore3420,humano
Kiskae,humano
Kit Foster,humano
KitNikit,humano
Kitayoshi,humano
KitsonBroadhurst,humano
Kitti Piyapan,humano
Kitty Giraudel,humano
KittyGiraudel,humano
KittySparkles,humano
KiyeopYang,humano
Kizbo,humano
KjellConnelly,humano
KkOoSsTtAa,humano
Klaas Landsman,humano
Klein Torres,humano
Klemensas,humano
Klerith,humano
Kliton,humano
Klohto,humano
KlotzJesse,humano
KmaCoder,humano
Kmazotz,humano
Knaackee,humano
KnotScientific,humano
KnowIsPow,humano
Knut Melvær,humano
KoBa4,humano
KoaLaYT,humano
KodamarthyYasaswi,humano
KodeShaastra,humano
Koen Punt,humano
KoenBrouwer,humano
KoenLemmen,humano
KoenRijpstra,humano
Kohei Hasegawa,humano
KoichiKiyokawa,humano
Koji Ishimoto,humano
Koji Onishi,humano
Koji Sugimoto,humano
KojoEnch,humano
KokosTech,humano
Kolahzary,humano
Kolby-Udacity,humano
KolbySisk,humano
Kolja,humano
KolmschateS,humano
Kolombiken,humano
Kolton Gagnon,humano
KoltonG,humano
Kom ॐ,humano
Kombustor,humano
KomoriDev,humano
Konadu-Akwasi-Akuoko,humano
KonkenBonken,humano
Konrad Pettersson,humano
KonradLinkowski,humano
KonstHardy,humano
Konstantin Grushetsky,humano
Konstantin Münster,humano
Konstantin Popov,humano
Konstantin Pschera,humano
KonstantinKliukhin,humano
KonstantinSimeonov,humano
Konsti Wohlwend,humano
KontrolG,humano
KoolP,humano
Kordonme,humano
KoreSamuel,humano
KoretskyiBohdan,humano
Kornel Dubieniecki,humano
Kornform,humano
Korusuke,humano
Kosai106,humano
Kosta-Github,humano
KostiantynPopovych,humano
Kosuke Yoshimura,humano
KotoriK,humano
Koutaro Chikuba,humano
Kowyo,humano
KoyamaSohei,humano
Koyamie,humano
KraKeN-47,humano
KraigWalker,humano
Krak86,humano
Krasnopir,humano
Kris Luminar,humano
Krish209,humano
Krishna-Shrivastava-1,humano
KrishnaVamsiKV,humano
Krishnachaitanyakc,humano
Krishnanand Yadav,humano
Krishnanand2517,humano
Krisnasw,humano
Krispyru,humano
KristerV,humano
Kristian Djaković,humano
Kristian Heruc,humano
KristianPetrov,humano
KristineTrona,humano
Kristiyan Velkov,humano
KristjanVall,humano
Kristo Jorgenson,humano
Kristoffer K,humano
Kristonitas,humano
Kristopher Wuollett,humano
Kristóf Poduszló,humano
Krisztian Puska,humano
KritPaoIn,humano
Kritarth384,humano
KronsyC-old,humano
Krungleviciute,humano
Krushna-kp,humano
KrustyC,humano
Krychaxp,humano
KrychuTM,humano
KryptXBSA,humano
KrystianJarmoszka,humano
Kryštof Krátký,humano
KrzysztofKarol,humano
Ktchan825,humano
KuSh,humano
Kuameh,humano
Kuan,humano
Kuba Juszczyk,humano
KubaJastrz,humano
KubaZachacz,humano
Kuboczoch,humano
Kuchasz,humano
KugelbergDK,humano
Kukunin,humano
Kulakoff1988,humano
Kuldeep-Dilliwar,humano
Kuldeep-Rathod,humano
Kumagor0,humano
Kumar Deepanshu,humano
KumarNitin19,humano
Kumneger0,humano
KunMoe,humano
Kunal Agrawal,humano
Kunaljethva369,humano
Kunall Banerjee,humano
Kureyko,humano
Kurnett,humano
KurnosovNikita,humano
Kurochen,humano
KurodaKayn,humano
Kurre,humano
Kurt-von-Laven,humano
KurtRogers,humano
Kush28,humano
Kushagra S,humano
Kushagra Sharma,humano
KushalRaut,humano
Kutsan Kaplan,humano
Kuzey Kose,humano
Kvintus,humano
Kwameowusu,humano
Kwon SeungMin,humano
KyBerry,humano
Kye Hohenberger,humano
Kyle Boss,humano
Kyle Gallagher,humano
Kyle Holmberg,humano
Kyle Kelley,humano
Kyle Marshall,humano
Kyle McDonald,humano
Kyle Richelhoff,humano
Kyle Satti,humano
Kyle-Mendes,humano
Kyle772,humano
KyleAESI,humano
KyleAsaff,humano
KyleDavisDev,humano
KyleLawson16,humano
KyorCode,humano
Kyoss79,humano
KyrieLii,humano
KyrolosMagdy,humano
KyruCabading,humano
Kévin Berthommier,humano
Kévin Dunglas,humano
L-A,humano
L-Blondy,humano
L-F-Escobar,humano
L0giXX,humano
L53c,humano
L968,humano
LBC100,humano
LCTL,humano
LDami,humano
LEE HAJIN,humano
LEEGURTS,humano
LEvinson2504,humano
LFCavalcanti,humano
LGmatrix13,humano
LHDi,humano
LIIIIINN,humano
LIMPIX31,humano
LIU HANCHENG,humano
LIU-CE-01,humano
LJ950,humano
LL782,humano
LLLLLamHo,humano
LLytho,humano
LMS007,humano
LNGH,humano
LOGOLFGODORD,humano
LOLsho,humano
LORE-D-NATO,humano
LSafer,humano
LSeaburg,humano
LTe,humano
LUIS ANAYA,humano
LUONGTRUNGDONG,humano
LWJerri,humano
LYfirstday,humano
LZL0,humano
LZong-tw,humano
LaCocoRoco,humano
Lachlan Campbell,humano
Laci556,humano
Lacy Morrow,humano
Lada496,humano
LadiesMan217,humano
LadyDzidzor,humano
Laecherlich,humano
Lafif Astahdziq,humano
LagSlug,humano
Laguilavo10,humano
Laith Younes,humano
Laith-Alayassa,humano
Laityned,humano
Lakphy,humano
Lakshay122,humano
Lakshya Thakur,humano
Lakuna,humano
Lalit,humano
Lambdac0re,humano
LamsaLL,humano
Lance Chen,humano
Landon Colburn,humano
LandonSchropp,humano
LankieB,humano
Lanny,humano
Lantianyou,humano
Lar Van Der Jagt,humano
LarHope,humano
Laradecks,humano
Larry Lu,humano
LarryLuTW,humano
LarsBuur,humano
LarsEjaas,humano
LarsKumbier,humano
Larslllllll,humano
LarssonHenrik,humano
Larsv94,humano
LasaleFamine,humano
LaserYGD,humano
LassazVegaz,humano
LasseRosenow,humano
Last-Autumn-Leaf,humano
Lastofthefirst,humano
Laszlo Heves,humano
Lau Wei Cheng,humano
Lau Wei Lim,humano
Laura Beatris,humano
LauraBeatris,humano
Laurent Meyer,humano
Laurent Thiebault,humano
Laurie Voss,humano
Lauriero,humano
LaurinBrechter,humano
Lauwed,humano
LavaToaster,humano
LavransBjerkestrand,humano
LawEyez,humano
LawJolla,humano
Lawd-STAR,humano
LawrenceKU03,humano
Layananbribanck,humano
LaylBongers,humano
Lazar Nikolov,humano
Lazercat,humano
LazirusDon,humano
Lazizbek Ergashev,humano
LdsDannyStaten,humano
Le0nX,humano
LeMatosDeFuk,humano
LeOndaz,humano
Leaden132,humano
Leafgard,humano
Leah,humano
Leandro Ardissone,humano
LeandroBever,humano
LeandroVCastro,humano
LearnedVector,humano
Learning-X,humano
LearningProcesss,humano
Lebed-kun,humano
Lebraz98,humano
Lebuin,humano
Lee Robinson,humano
LeeBingler,humano
LeeBuckle,humano
LeeSquires,humano
LeeTwelve,humano
LeeWxx,humano
Leeingnyo,humano
Leessonomy,humano
LegendTiago-Velho,humano
Legonois,humano
Legym,humano
Lei,humano
LeleCao,humano
LelouBil,humano
Lemeri123,humano
Lengxu,humano
LennyDiggelen,humano
Lenz Weber-Tronic,humano
Leo,humano
Leo Driesch,humano
Leo Gaskin,humano
Leo Lamprecht,humano
Leo Toneff,humano
Leo1212,humano
LeoActency,humano
LeoAnt02,humano
LeoBorai,humano
Leocardoso94,humano
Leon,humano
Leon Daniel Thorne,humano
Leon Si,humano
LeonBlade,humano
LeonDWong,humano
LeonGeldsch,humano
LeonMueller-OneAndOnly,humano
LeonN534,humano
Leonard Martin,humano
LeonardDrs,humano
LeonardPurschke,humano
Leonardll,humano
Leonardo Ortiz,humano
Leonardo Quixada,humano
LeonardoBevilacqua,humano
LeonardoDaLuz,humano
LeonelMena,humano
LeonelV22,humano
Leonils,humano
LeonxLJX,humano
Leprekus,humano
Leroy Witteveen,humano
Lersson,humano
LeslieOA,humano
LetItRock,humano
Leticijak,humano
LeulAria,humano
Levi-Luo736,humano
Leviathan91,humano
Levinson D'Souza,humano
LeviticusNelson,humano
Levminer,humano
Leyan Lo,humano
Lezgig,humano
Lezzio,humano
Li Ming,humano
Li Weinan,humano
LiahMartens,humano
Liam Laverty,humano
Liam-Twinkl,humano
LiamBoz,humano
LiamWinterton,humano
LiangNex,humano
LibStake,humano
LiborKuchejda,humano
LichuAcu,humano
Lidofernandez,humano
LightningK0ala,humano
Lihao Wang,humano
LihaoWang,humano
Lihemen,humano
Lii02,humano
LikeDreamwalker,humano
Likenttt,humano
Liknox,humano
Lillebo,humano
Limekiller,humano
Lin Qiu,humano
LindaJatique,humano
Lindsey Simon,humano
LineGu,humano
Linkinlog,humano
Linkmetal,humano
LinnJS,humano
Linuhusainnk,humano
Linus-Boehm,humano
LinusDierheimer,humano
LinusU,humano
Linux249,humano
LioRael,humano
Lionel,humano
Lioness100,humano
LiorDueto,humano
Liran Cohen,humano
Lisa Ferguson,humano
Lisenish,humano
ListeH,humano
Lite5h4dow,humano
LitoMore,humano
LittleboyHarry,humano
Littletonconnor,humano
LiuuY,humano
Liuwei1125,humano
LiveWithCodeAnkit,humano
LivioAlvarenga,humano
Livog,humano
Livven,humano
LizAinslie,humano
LizDodion,humano
Lizhooh,humano
LlewVallis,humano
LmingXie,humano
Lmmmmmm-bb,humano
Lms24,humano
Ln2be,humano
LnksW,humano
LoLei,humano
LoV432,humano
LoaiDev,humano
Loco,humano
Lodimup,humano
Logan Houp,humano
Logan McAnsh,humano
Logan Smyth,humano
Logan2206,humano
LoganArnett,humano
LogeswariV,humano
LoiLock,humano
LoicFpa974,humano
LoicHa,humano
LoicMahieu,humano
LoicVerrall,humano
LoickMunoz,humano
LoisDuplain,humano
Lokeninfinitypoint,humano
Lokesh Singh,humano
Lokesh235,humano
Lokeshm24,humano
Lokgic,humano
Loki899899,humano
Lokolin,humano
Lomkex1,humano
Lon Ilesanmi,humano
LonJonn,humano
Lonelind,humano
Lonest90,humano
Long Ho,humano
Long Zheng,humano
LongYinan,humano
Lonli-Lokli,humano
Loongphy,humano
LoopsGod,humano
LordBastor,humano
LordLafayette,humano
LordOfTheThunder,humano
LordTep,humano
LordZardeck,humano
Lordfirespeed,humano
LordotU,humano
Loren Sands-Ramshaw,humano
Loren ☺️,humano
Lorenzo Bloedow,humano
Lorenzo Palmes,humano
Lorenzo de Vargas Candiago,humano
Lorenzo45,humano
LorenzoBloedow,humano
LorenzoGalassi,humano
LorhanSohaky,humano
Loris Sigrist,humano
LorisSigrist,humano
LosTigeros,humano
LosYear,humano
LostArrows27,humano
Lotte,humano
Louai99k,humano
Louis DeScioli,humano
Louis Juliendo,humano
LouisCuvelier,humano
LouisCuvelierStadion,humano
LouisDelbosc,humano
LouisGS44,humano
LouisHaftmann,humano
LouisJackson,humano
LouisLec,humano
LouisPetrik,humano
LouisTsang-jk,humano
Louison,humano
Lovell Fuller,humano
Lovely-Ruby,humano
Lovor01,humano
LowScarlet,humano
Lozzas-Teachest,humano
Lpaydat,humano
Lpmvb,humano
Lqm1,humano
Lrunlin,humano
Lsnsh,humano
Lsnsh Xin,humano
Lstmxx,humano
Lu-TheCoder,humano
LuBustos,humano
LuDaHaMa,humano
Luan Devecchi,humano
Luba Kravchenko,humano
Luc,humano
Luc Gagan,humano
Luc Leray,humano
Luc4sguilherme,humano
Luca Casonato,humano
Luca Forstner,humano
Luca Krebs,humano
Luca Steeb,humano
Luca Ziliani,humano
LucaL1fe,humano
LucaNerlich,humano
Lucas,humano
Lucas Constantino Silva,humano
Lucas Feliciano,humano
Lucas Felicio Adriano,humano
Lucas Machado,humano
Lucas Rosa,humano
Lucas Varela,humano
Lucas Vazquez,humano
Lucas Vieira,humano
Lucas Wiener,humano
Lucas-Je,humano
LucasBassetti,humano
LucasDibz,humano
LucasEdwa,humano
LucasHang,humano
LucasLemanowicz,humano
LucasMallmann,humano
LucasMatuszewski,humano
LucasSlepetys,humano
LucasTempass,humano
LucasTrombim,humano
LuchoSerruya,humano
Lucian Buzzo,humano
Lucian-4a25,humano
LucianBuzzo,humano
Luciano Mammino,humano
LucidNinja,humano
Lucien PESLIER,humano
Lucio Villa,humano
LuckeeDev,humano
LuckyArdhika,humano
LuckyMika,humano
LuckyPigeon,humano
LuckyT89,humano
Lucstay11,humano
Luderio,humano
LudoJH,humano
LudoLogical,humano
LudoWeb,humano
Ludovico Fischer,humano
LufyCZ,humano
LuiGeeDev,humano
Luigi Colombi,humano
LuigiMaestrelli,humano
Luis Alvarez,humano
Luis Alvarez D,humano
Luis Alvarez D.,humano
Luis Durão,humano
Luis Fernando Alvarez D,humano
Luis Henrique Mulinari,humano
Luis Romero,humano
Luis-Enrique93,humano
LuisBonsembiante,humano
LuisEnMarroquin,humano
LuisGilGB,humano
Luisdv93,humano
Luismi Ramírez,humano
LuizFernando991,humano
LuizHAP,humano
Luk-z,humano
Luka Hartwig,humano
Lukacs5,humano
Lukas Böcker,humano
Lukas Polak,humano
Lukas Prochazka,humano
Lukas Strassel,humano
Lukas2019,humano
LukasBacevicius,humano
LukasBaksys,humano
LukasBombach,humano
LukasDeco,humano
LukasGerm,humano
LukasGirsch,humano
LukasMurdock,humano
LukasPolak,humano
Lukasz Ostrowski,humano
Lukazovic,humano
Luke Barton,humano
Luke Bussey,humano
Luke Deen Taylor,humano
Luke Edwards,humano
Luke Fender,humano
Luke Harries,humano
Luke Howsam,humano
Luke Ingalls,humano
Luke Plaster,humano
Luke Sandberg,humano
Luke Schlangen,humano
Luke Shumard,humano
LukeHosk,humano
LukePenkava,humano
LukeSchlangen,humano
LukeTarr,humano
Lukortech,humano
Luktm,humano
Lukydemboy,humano
Lukáš Huvar,humano
Luluno01,humano
LumaKernel,humano
Lumi669,humano
Lumuy,humano
LunaTK,humano
LunaticMuch,humano
LunatikDev,humano
Lunnatica,humano
Lupino,humano
LutherTS,humano
Luud Janssen,humano
LuudJanssen,humano
LuukSantegoeds,humano
Luwangel,humano
Luxiyalu,humano
Luzefiru,humano
Luís Galete,humano
Lvdwardt,humano
Lwdthe1,humano
Lyd9607,humano
Lyderic Dutillieux,humano
Lydia Hallie,humano
Lynbarry,humano
Lyncee,humano
Lyonsclay,humano
Lyxxxxxx777,humano
M,humano
M Pacer,humano
M-Brico,humano
M-Chris,humano
M-HamidMehmood,humano
M-YasirGhaffar,humano
M-appdev,humano
M-e-r-c-u-r-y,humano
M-iEak47D,humano
M. Abdullah,humano
M. Zakiyuddin Munziri,humano
M.K. Safi,humano
M0lion,humano
M1chaelChen,humano
M1ck0,humano
M1r1k,humano
M23jJohn,humano
M3kH,humano
M4TH76,humano
M4Tdev,humano
M4cM4rco,humano
M4h45amu7x,humano
M4rcosFelipe,humano
M4xymm,humano
M7ilan,humano
M888-kdm,humano
MAHARFK,humano
MANTENN,humano
MAfzalKhan1997,humano
MAhmedSid,humano
MB,humano
MBach,humano
MBehtemam,humano
MC Naveen,humano
MD-Mushfiqur123,humano
MDFARHYN,humano
MDOR,humano
MDUK0001,humano
MDerman,humano
MDrooker,humano
MEOWMEOW114,humano
MFCo,humano
MGMehdi,humano
MGSimard,humano
MH Rohman Masyhar,humano
MH-7x,humano
MH4GF,humano
MHBahrampour,humano
MHwishes,humano
MIRAMAXED,humano
MISRV001,humano
MJ,humano
MJSmitDev,humano
MJez29,humano
MK,humano
MKSinghDev,humano
MKraust,humano
MMIDEMDIDMIEM,humano
MMMikeM,humano
MMT-LD,humano
MOHAMMED WASIM KHAN,humano
MONEY,humano
MONTYYYYY,humano
MPCL5,humano
MPLIS,humano
MQJacky,humano
MR-Addict,humano
MRL-00,humano
MRezaSafari,humano
MRobertEvers,humano
MSameet,humano
MTaghinia,humano
MTroian94,humano
MUJI-Okubo,humano
MULUALEM-TEKLE,humano
MUTESA Cedric,humano
MVaik,humano
MW-Hochmann,humano
MWhite-22,humano
MWolman1990,humano
Ma-Kas,humano
MaKTaiL,humano
MaNaN1803,humano
Maaaz-Shaheen,humano
MaartenBruggink,humano
Maaz,humano
Maaz-Ahmed007,humano
MacCode7110,humano
MacGyver98,humano
MacKentoch,humano
MacRayy,humano
MacZel,humano
MacgyverMartins,humano
Maciej Kasprzyk,humano
MaciejWiatr,humano
MaciejWira,humano
Macil,humano
Maclay74,humano
Macro80-20,humano
Macw07,humano
Maczuga,humano
Mad-Kat,humano
MadCcc,humano
MadMaxMcKinney,humano
MadaShindeInai,humano
Maddin-619,humano
MaddyCrowle,humano
Madeline Ziolko,humano
MadelineRitchie,humano
Madhavkabra,humano
MadhuSaini22,humano
Madhur Mittal,humano
Madison Dickson,humano
Madou,humano
Maeda-Naoki,humano
Maedah Batool,humano
MaedahBatool,humano
Maetes,humano
Magellol,humano
MagicMikeChen,humano
MagicalTurtle,humano
Maginobion,humano
Magnarius,humano
MagneH,humano
Magnus,humano
MahadAdil,humano
MahawarLakshya,humano
Mahdhir,humano
MahdiGraph,humano
Mahdiyeh,humano
Mahe9041,humano
MaherSaleem,humano
MahirAlam,humano
MahirPatel3130,humano
Mahmoud Abdelwahab,humano
MahmoudAboelazm,humano
MahmoudAlawdh,humano
MahmoudBakr22,humano
MahmoudTahaCaisy,humano
Mahmud1985,humano
Mahnoor-Zaffar,humano
Maia Teegarden,humano
Maik Marschner,humano
Maikel,humano
Maikel van Dort,humano
MaikuMori,humano
MainaMwangiy,humano
Mairkur,humano
Maisaan,humano
MaisonGroup,humano
MaitreyeeDeshmukh,humano
Maiveasna,humano
Majnuel,humano
MakChan,humano
MakFly,humano
MakStashkevich,humano
Makinde1034,humano
MakindeAhmed2110,humano
Makisuo,humano
Maks-Yaremenko,humano
Maksi1994,humano
Maksym Anisimov,humano
Maksym Pinchuk,humano
Maksym Popenko,humano
Maksym Smoliński,humano
MaksymShokin,humano
Makturk,humano
MalahimHaseeb,humano
MalekBouba,humano
Maliek2,humano
Malikx-Alee,humano
Malinicz,humano
Malte Ubl,humano
MalteNord,humano
MalvinJay,humano
ManAnRuck,humano
ManabBala,humano
Manaia Junior,humano
ManalLiaquat,humano
MananGandhi1810,humano
MananTank,humano
Manancode,humano
Manc,humano
Mandar Patil,humano
MandefroBizuwork,humano
MandemSec,humano
Manduro,humano
Mandy9943,humano
MangoChris,humano
MangoMarcus,humano
MangoQuiz,humano
Mangor1no,humano
Mani0305,humano
Manikanta-20,humano
Maniload,humano
Maniraj-Murugan,humano
ManishaVatsa0,humano
Manishnemade12,humano
Manishthakur1297,humano
Manitej66,humano
Manjado,humano
ManjariYagnik,humano
MankhongGarden,humano
Manny Becerra,humano
Manoj M S,humano
Manoj-M-S,humano
Manoj-nathwani,humano
ManojBuilds,humano
ManojkumarChandrasekar,humano
Manoraj K,humano
ManotLuijiu,humano
Mantak,humano
MantasJa,humano
MantasMikal,humano
Manu,humano
Manu López,humano
Manu Schiller,humano
ManuC84,humano
ManuLpz4,humano
ManuWeb3,humano
Manubi,humano
Manuel Muñoz Solera,humano
Manuel Transfeld,humano
Manuel-ZM,humano
ManuelJustMobileSec,humano
Manuelandro,humano
Manukyanq,humano
MaoSHYJ,humano
Maofree,humano
MapleCity1314,humano
Mar-he,humano
MarDi66,humano
MarMar888,humano
Marabii,humano
Maragouin,humano
Maraoui21,humano
Marc,humano
Marc Abramowitz,humano
Marc MacLeod,humano
Marc van Gend,humano
Marc-Andrieu,humano
MarcARoberge,humano
MarcCosgaya,humano
MarcGuiselin,humano
MarcJose,humano
MarcMagnin,humano
MarcPorciuncula,humano
MarcWeber,humano
MarcelKnobelsdorf,humano
MarcellGu,humano
Marcelo Carmona,humano
Marcelo Zapaia,humano
MarceloBD,humano
Marcelx8,humano
March Works,humano
March-mitsuki,humano
Marcial Cambronero,humano
Marcial1234,humano
Marcin Czenko,humano
Marcin Lasak,humano
MarcinMoskala,humano
Marcinthedev,humano
Marco Dotzler,humano
Marco Moretti,humano
Marco Valsecchi,humano
Marco-Daniel,humano
Marcos Bérgamo,humano
Marcos Hernanz,humano
Marcos Martini,humano
Marcos Taron,humano
MarcosGin,humano
MarcosRZ,humano
Marcosld,humano
Marcus Koh,humano
Marcus Silva,humano
Marcus Wood,humano
Marcus-Rise,humano
MarcusBondezan,humano
MarcusHSmith,humano
MarcusNotheis,humano
MarcusSanchez,humano
Marek Lisy,humano
MarekBodingerBA,humano
MarekDzw,humano
Maria José Solano,humano
Maria Vanessa Salim,humano
Maria Violante,humano
MariaSolOs,humano
MariaUTN,humano
MarianPalkus,humano
MariannaKrzewinska,humano
Mariano Fernández Cocirio,humano
Mariano Álvarez,humano
Marie-Laure Thuret,humano
Marija Najdova,humano
Marin-Kitagawa,humano
MarinMario,humano
Marinashafiq,humano
Mario Beltrán Alarcón,humano
Mario Pareja,humano
Mario Souto,humano
MarioSerano,humano
MarioSimou,humano
Marius Craciunoiu,humano
Marius Jørgensen,humano
Marius-Adam,humano
Marius-brt,humano
MariusNWK,humano
MariusRumpf,humano
MariuzM,humano
Marjan Ahmed,humano
Mark,humano
Mark Barton,humano
Mark Knichel,humano
Mark Ladyshau,humano
Mark Steggles,humano
Mark-Lasfar,humano
MarkAtOmniux,humano
MarkBekooy,humano
MarkCBall,humano
MarkCLinovy,humano
MarkKewley,humano
MarkLauer,humano
MarkLee425,humano
MarkLyck,humano
MarkTravis-Johnson,humano
MarkWittens,humano
Marketingtool-pro,humano
MarkiyanPyts,humano
Marko Djordjevic,humano
MarkoJovanovic0297,humano
Markos-Th09,humano
Markoz Peña,humano
Markus Gritsch,humano
Markus Lautenbach,humano
Markus Maerzhase,humano
Markus Renken,humano
Markus-ipse,humano
MarkusWendorf,humano
Markvallejo,humano
Markyiptw,humano
MarnieWu,humano
Maroben,humano
Marquis4484,humano
MarsArbiter,humano
Marshall Bowers,humano
Marshall-Hao,humano
Marsony,humano
MartSurv,humano
Martijn Hols,humano
Martijn-Schoenmaker-Webbio,humano
MartijnHols,humano
Martin Alix,humano
Martin Bavio,humano
Martin Beierling-Mutz,humano
Martin Goutry,humano
Martin Groen,humano
Martin Grubinger,humano
Martin Janeček,humano
Martin Joakim Ulstein,humano
Martin Nabhan,humano
Martin Sione,humano
Martin Twum Mensah,humano
Martin Wahlberg,humano
Martin Šťovíček,humano
Martin0619,humano
MartinBlackburn,humano
MartinCerny-awin,humano
MartinCura,humano
MartinDavi,humano
MartinDevillers,humano
MartinGK,humano
MartinIsProgramming,humano
MartinKristof,humano
MartinLG,humano
MartinLG-LaFourche,humano
MartinMouritzen,humano
MartinN3,humano
MartinPavlik,humano
MartinReiche,humano
MartinSchere,humano
MartinXPN,humano
MartinaMilisic,humano
Martinii89,humano
Marton Langa,humano
Martoxdlol,humano
MarttiR,humano
Marty-jr-95,humano
Martyanov Andrey,humano
Martín Granados García,humano
Martín Stanicio,humano
Marujah,humano
Marukome0743,humano
Marviel,humano
Marvin Mieth,humano
Marvin1003,humano
MarvinAsmen,humano
MarvinVrdoljak,humano
MarwanAlsoltany,humano
Mary Lavanitha,humano
MaryemHadjWannes,humano
Marzouq,humano
Masashi Kawafuji,humano
Masato Nakamura,humano
MasonJason23,humano
MasonTao,humano
Masta2000,humano
MasterProvider,humano
MasteringBOX,humano
Mat Mannion,humano
MatLegat,humano
MatWetz,humano
MatamandoKalilani,humano
Matdweb,humano
Mate Papp,humano
MatejBransky,humano
Matelasse,humano
MateoKappa,humano
Mateus Etto,humano
MateusFP95,humano
Mateusz Aliyev,humano
Mateusz Burzyński,humano
MateuszKlusek,humano
MateuszLeo,humano
MathRobin,humano
Matheus Fernandes,humano
Matheus Martins,humano
MatheusCamargo-dev,humano
MatheusFrez,humano
MathiasGruber,humano
MathiasKandelborg,humano
MathiasOxholm,humano
MathiasStrohkirch,humano
MathiasVoie,humano
Mathieu Céraline,humano
Mathieu Triay,humano
MathieuAA,humano
MathieuDoyon,humano
MathieuLoutre,humano
MathieuUrstein,humano
Mathis Chenuet,humano
Mathis Møller,humano
MathurAditya724,humano
MatiasVerdier,humano
Matija Marohnić,humano
MatinAniss,humano
MatixYo,humano
Matrix89,humano
MatsG23,humano
Matsumoto Toshi,humano
Matt,humano
Matt Auerbach,humano
Matt Carlotta,humano
Matt Cote,humano
Matt Cowley,humano
Matt DuLeone,humano
Matt Gleich,humano
Matt Greer,humano
Matt Hamlin,humano
Matt Hooper,humano
Matt Jewell,humano
Matt Kane,humano
Matt Knight,humano
Matt Mastracci,humano
Matt Mayfield,humano
Matt Oliver,humano
Matt Phillips,humano
Matt Probert,humano
Matt Ruby,humano
Matt Snider,humano
Matt Wood,humano
Matt-roki,humano
MattCollyer,humano
MattEagle95,humano
MattElcock,humano
MattHeslington,humano
MattHsiung,humano
MattIPv4,humano
MattJustMatt,humano
MattKetmo,humano
MattOfficial,humano
MattSStack,humano
MattSchiller,humano
Matteo Bruni,humano
Matteo Mazzarolo,humano
MatteoGabriele,humano
MatteoGauthier,humano
MatteoGauthier-serli,humano
MatteoGioioso,humano
Mattgic,humano
Matthew Francis Brunetti,humano
Matthew Heath,humano
Matthew Kipp,humano
Matthew Lilley,humano
Matthew Martinez,humano
Matthew Mueller,humano
Matthew Sweeney,humano
Matthew Webb,humano
Matthew-Wise,humano
MatthewCaseres,humano
MatthewCushing,humano
MatthewHerbst,humano
MatthewLewis44,humano
MatthewRandle,humano
MatthewStanciu,humano
Matthewk01,humano
Matthias Lorthiois,humano
Matthias Wilhelm,humano
MatthiasMargot,humano
MatthieuVeillon,humano
MattiaPeiretti,humano
Mattias Hällkvist,humano
MattinaYang,humano
MattisAbrahamsson,humano
Matts,humano
Matvey,humano
Matvey9,humano
Matías Hernández Arellano,humano
MauriceArikoglu,humano
MauriceVanVeen,humano
MauricioCorzo,humano
Mauro Accornero,humano
Mauro Bonfietti,humano
Mauro Mandracchia,humano
MauroCert,humano
Maurício Mutte,humano
Mauser1,humano
Max,humano
Max Fierro,humano
Max Gudkov,humano
Max Hao,humano
Max Leiter,humano
Max Leon,humano
Max Nowack,humano
Max Proske,humano
Max Romanyuta,humano
Max Scher,humano
Max Schmitt,humano
Max Stoiber,humano
Max Thirouin,humano
Max-Aref,humano
Max101,humano
Max29a,humano
MaxAst,humano
MaxEvan,humano
MaxGraey,humano
MaxLeiter,humano
MaxLiebsch,humano
MaxMcNally,humano
MaxPuckeridge,humano
MaxSvargal,humano
MaxVhanamane,humano
Maxafangsco,humano
Maxdoggydog,humano
MaxencePaulin,humano
Maxet24,humano
Maxgit3,humano
Maxhodges,humano
Maxi Gimenez,humano
MaxiSantos,humano
Maxim,humano
Maxim Baz,humano
Maxim Evtush,humano
Maxim-Mazurok,humano
MaximDevoir,humano
MaximMaximS,humano
Maxime COLIN,humano
Maxime Richard,humano
MaximeBernard,humano
Maximilian Grundke,humano
MaximilianGaedig,humano
MaximilianKlein,humano
MaximilienHe,humano
MaximusMcCann,humano
MaxmaxmaximusAWS,humano
MaxmaxmaximusGitHub,humano
Maxnikit,humano
Maxservais,humano
MaxtuneLee,humano
MaxwellCohen,humano
MaxwellGover,humano
Maya,humano
Mayank,humano
Mayank Jethva,humano
Mayank Kamboj,humano
Mayank-Bhatasana,humano
Mayank-Dev-23,humano
Mayank-Sh07,humano
Mayank-Tripathi32,humano
MayankSharma-2812,humano
Maybach91,humano
MaybeMonad,humano
MaybeSuraj,humano
Maycon-Santos,humano
MayconDS,humano
MayheMatan,humano
Mayur,humano
MayurK-cmd,humano
MayureshMore,humano
MayuriPapat,humano
Maël Nison,humano
MbBrainz,humano
Mbiakop1,humano
Mbistami,humano
McAndersC,humano
McKean,humano
McZenith,humano
Mcastres,humano
Mcdonamj087,humano
Mcebrera,humano
Md Rashidul Islam,humano
Md Rejoyan Islam,humano
MdSadiqMd,humano
MdUsmanAnsari,humano
Me-UserName,humano
Meags27,humano
MeanBoyCousin,humano
Mee42,humano
Meemaw,humano
MeenaRao1711,humano
MeetBhingradiya,humano
MeetThePatel,humano
MegaMaddin,humano
MegaManSec,humano
MegaOleh2,humano
Megha-Gupta-Avisoft,humano
MeghdadHadidi,humano
Megoos,humano
Mehdi,humano
Mehdi Mashayekhi,humano
Mehedi Hassan,humano
MehediH,humano
Mehfooz-ur-Rehman,humano
MehfoozurRehman,humano
Mehmet Ozgul,humano
Mehran Farahani,humano
Mehran Mirshekaran,humano
Mehran91z,humano
Mehul Kar,humano
MeirArani,humano
MeiyappanKannappa,humano
Mejiabrayan,humano
MelMacaluso,humano
MelancholYA,humano
Melancholism,humano
Melanie Seltzer,humano
Meligy,humano
Melonbwead,humano
Melonendk,humano
Melvynx,humano
Mem0Real,humano
MendyLanda,humano
Meno Abels,humano
MeowcaTheoRange,humano
Mephiztopheles,humano
MerabikoG,humano
Meriegg,humano
Merigaz,humano
Meril,humano
Merlin04,humano
MerlinMason,humano
Merott,humano
Merrick17,humano
MersadHabibi,humano
Mert Can,humano
Mert Can Altın,humano
Mert Duzgun,humano
MertHaddad,humano
Mertiin,humano
Merynek,humano
Mesmerize,humano
MetaBenji,humano
Metarock,humano
MetinArslanturk,humano
Metroninja,humano
Metwesh,humano
Mevrael,humano
MewTheeraphat,humano
MhL5,humano
Mhamad6000,humano
MhandsomeM,humano
Mheaus,humano
Mhmdrz_a,humano
Mhmdrza,humano
Mi-Ski,humano
MiLk,humano
MiaoMint,humano
Mic Wehrle,humano
MicaelPiresCom,humano
Micah Alcorn,humano
MicahDerusha,humano
MicahRamirez,humano
Michael,humano
Michael Albertz,humano
Michael Angelo Rivera,humano
Michael Aufreiter,humano
Michael Carr,humano
Michael Diodone,humano
Michael Duncan,humano
Michael Fix,humano
Michael H,humano
Michael Hart,humano
Michael Hayes,humano
Michael Helvey,humano
Michael Herold,humano
Michael Hsu,humano
Michael Law,humano
Michael Lustig,humano
Michael McQuade,humano
Michael Novotny,humano
Michael Oliver,humano
Michael Peters,humano
Michael Sereniti,humano
Michael Squitieri,humano
Michael Stramel,humano
Michael Ward,humano
Michael Webb,humano
Michael Wenzel,humano
Michael-Grupp,humano
Michael-Reich,humano
Michael0520,humano
MichaelAllenWarner,humano
MichaelBorde,humano
MichaelCharles,humano
MichaelDeBoey,humano
MichaelFrieze,humano
MichaelHillcox,humano
MichaelIT,humano
MichaelJohnson144,humano
MichaelPeterJoyce,humano
MichaelSchroll,humano
MichaelSitter,humano
MichaelWalker-git,humano
MichaelWheldon,humano
Michaelkire,humano
Michaeloye,humano
MichaelrMentele,humano
Michahide,humano
Michal,humano
Michal Jez,humano
Michal Landsman,humano
Michal Piechowiak,humano
Michal Srb,humano
MichalBastrzyk,humano
MichalMoravik,humano
MichalSalek,humano
Michał Bundyra,humano
Michał Dudak,humano
Michał Miszczyszyn,humano
Michał Niedziółka,humano
Micheal-Repo,humano
Michel Krämer,humano
MichelDiz,humano
Michele Salvini,humano
MichelleLucero,humano
Michiel Van Gendt,humano
Michielvanr,humano
MickCoelho,humano
Micooz Lee,humano
MicroBenz,humano
MicrochipQ,humano
MicrorealOS,humano
Midnight,humano
MidnightDesign,humano
Mifaresss,humano
Migggz,humano
Miguel Afonso,humano
Miguel Cast,humano
Miguel Oller,humano
Miguel da Mota,humano
Miguel Ángel Durán,humano
Miguel07Alm,humano
MiguelG97,humano
MiguelGuerreroGoodRx,humano
MiguelMachado-dev,humano
MiguelTolosa,humano
MiguhRuiz,humano
Mihai C,humano
Mihai Pocorschi,humano
Mihai-github,humano
MihaiWill,humano
MihinMUD,humano
Mihir867,humano
MihirGH,humano
Mihira Jayasekera,humano
Miikis,humano
Miindaugas,humano
Mike Bannister,humano
Mike Dyer,humano
Mike Fisher,humano
Mike Fix,humano
Mike Francis,humano
Mike Hedman,humano
Mike Holloway,humano
Mike Jerome,humano
Mike K,humano
Mike Osterhout,humano
Mike Plis,humano
Mike Plummer,humano
Mike Rispoli,humano
Mike Timmerman,humano
MikeAliG,humano
MikeBellika,humano
MikeBurton89,humano
MikeCarbone,humano
MikeChongCan,humano
MikeDigitize,humano
MikeDrewitt,humano
MikeDupree,humano
MikeGlennFWC,humano
MikeMatrix,humano
MikeMuxika,humano
MikeQ233,humano
MikeTeddyOmondi,humano
MikeYakymenkoTT,humano
MikevPeeren,humano
MikeyA-yo,humano
MikeyAlmighty,humano
MikeyZat,humano
Mikhail Danshin,humano
Mikhail Guskov,humano
Mikhail Stankevich,humano
Mikhail Tsyplakov,humano
MikhailStn,humano
Mikihiro Saito,humano
Mikilll94,humano
Mikis Woodwinter,humano
Mikiyas Tibebu,humano
Mikkel Laursen,humano
Mikoyzskie,humano
Mikroser,humano
Milad1412,humano
Milan K,humano
MilanCiprian,humano
MilanDeruelle,humano
Milancen123,humano
MildTomato,humano
MilenNM,humano
Miles Rausch,humano
MilesSRC,humano
Mileta Dulović,humano
Milind Mishra ⚛️,humano
MiljkovicMarko,humano
Milo,humano
Milo123459,humano
MiltiadisKoutsokeras,humano
MiltonAkash,humano
Milutin-P,humano
MimmiLS,humano
MimoJSRepo,humano
Mimori,humano
Mimori256,humano
Min-gzm,humano
MinJieLiu,humano
MinSeok0901,humano
MincePie,humano
MindRave,humano
Mindaugas-Jacionis,humano
Mindgames,humano
MineiToshio,humano
Mingjie Jiang,humano
MingrenChen,humano
MingwieJin,humano
Mingyu-Song,humano
Minh Nguyen,humano
Minh Tu Le,humano
MinhDL1,humano
MinhNgyuen,humano
Minhnhat0408,humano
Minisaints,humano
Minju Kim,humano
MinnDevelopment,humano
MinnieMinwoo,humano
Minomichu,humano
MinyoungNa1997,humano
Miraling,humano
Mirasayon,humano
MirciaGeorge,humano
Miro8896,humano
Mirodil,humano
Miroslav Petrov,humano
MiroslavPetrik,humano
Mishael-Joe,humano
Mishra-Suraj,humano
MissaouiChedy,humano
MistaPidaus,humano
MisterCrispyFL,humano
MisterJimson,humano
MisterPea,humano
Mistereo,humano
Mistwell,humano
Mitch (a.k.a Voz),humano
Mitch5000,humano
Mitchell Abbott,humano
Mitchell Hamilton,humano
Mitchnsun,humano
Mitheel,humano
Mithradatis,humano
MitkoTschimev,humano
Mito,humano
Mito9999,humano
Mitsunee,humano
Mitul Shah,humano
MixMe,humano
Miz85,humano
Mizumaki,humano
MjD300,humano
Mlobaievskyi,humano
Mluocheng,humano
Mnigos,humano
Mo Beigi,humano
MoOx,humano
MoSadie,humano
MoSattler,humano
MoWael11,humano
MoalosiLiteboho,humano
MobinX,humano
MocicaRazvan,humano
MockusT,humano
MoctezumaDev,humano
Module32,humano
Moe03,humano
Mofo50C,humano
MohAlkurdi,humano
MohakBajaj,humano
Mohamad44p,humano
MohamadrezaKazemian,humano
Mohamed A. Salah,humano
Mohamed Achaq,humano
Mohamed Akram,humano
Mohamed Belhadj,humano
Mohamed ElSaadany,humano
Mohamed SADAT,humano
Mohamed-Abbas,humano
Mohamed-Abubucker,humano
Mohamed-Asar,humano
Mohamed-kassim,humano
MohamedAmineDahwathi,humano
MohamedBassem,humano
MohamedBechirMejri,humano
MohamedBenTaher,humano
MohamedEslam04,humano
MohamedKarrab,humano
MohamedLamineAllal,humano
MohamedSamir-2010,humano
Mohamedattiadev,humano
Mohammad Nedaeifard,humano
Mohammad Reza Badri,humano
MohammadAhmerMalick,humano
MohammadElokour,humano
MohammadMahdiDerakhshandeh,humano
MohammadMiras,humano
MohammadShamchi,humano
MohammadShehadeh,humano
Mohammed,humano
Mohammed Gadi,humano
Mohammed101msa,humano
MohammedFaragallah,humano
MohammedLamineOuahabi,humano
MohammedNayeemE,humano
MohammedQureshi,humano
MohammedSaberMohammed,humano
MohammedWaheeb,humano
MohammedYehia,humano
Mohan Raj Rajamanickam,humano
Mohd. Nisab,humano
MohdAhmad1,humano
Mohhaliim,humano
Mohit Yadav,humano
Mohith26,humano
Mohitkumar6122,humano
Mohsan1995,humano
Mohsen Azimi,humano
MohsinDev369,humano
Mojtaba,humano
Mojtaba-NA,humano
Mokshit Jain,humano
Mokshit06,humano
MoltenCoffee,humano
MomoTaheri,humano
Mon-ius,humano
MonaAghili,humano
MoncefDeveloper,humano
Monkarek,humano
Monosen,humano
MonsterDeveloper,humano
MonstraG,humano
Montellanos,humano
MontoyaAndres,humano
Monukumar777,humano
MoochiesTechnologies,humano
Mood-al,humano
Moon04,humano
MoonBeau,humano
MoonBrillante,humano
MoosaSaadat,humano
Moranilt,humano
Morgan Feeney,humano
MorganDavid,humano
Morishiri,humano
Moritz Kneilmann,humano
MoritzKn,humano
MoritzR,humano
Moroshima,humano
Morriz,humano
Morsey187,humano
Morteza-Porabdolahi,humano
Mosaab-Emam,humano
Mosaad,humano
Moshyfawn,humano
Mosoc,humano
Mostafa Gouda,humano
MostafaAymanMostafaEzzat,humano
MostafaWaleed0,humano
Motasem-E,humano
Moto-Venturer,humano
Motoki saito,humano
Mouldi,humano
Mozart409,humano
Mpilo-Pillz,humano
Mpower9977,humano
Mr Hippo,humano
Mr-Afonso,humano
Mr-Liquid,humano
Mr-Meshky,humano
Mr-Vipi,humano
MrAdib,humano
MrAvantiC,humano
MrBr,humano
MrDockal,humano
MrEfrem,humano
MrEmanuel,humano
MrHus,humano
MrIago,humano
MrJadaml,humano
MrJmpl3,humano
MrJoy,humano
MrJs6781,humano
MrKou47,humano
MrLeebo,humano
MrLightful,humano
MrLoh,humano
MrMeshky,humano
MrMoehner,humano
MrMuathX,humano
MrMyNameMaster,humano
MrNghia123,humano
MrNiceRicee,humano
MrNorm,humano
MrOrz,humano
MrOxMasTer,humano
MrRealORG,humano
MrRhodes,humano
MrSaints,humano
MrScotch679,humano
MrStLouis,humano
MrTob,humano
MrToph,humano
MrVanosh,humano
MrWangJustToDo,humano
MrWillCom,humano
MrX8503,humano
MrZhouZh,humano
Mracobes9,humano
Mrcodemachine,humano
Mrelijman,humano
MrgSub,humano
Mrowa96,humano
Mrugesh Mohapatra,humano
Mrxbox98,humano
Msea,humano
Msordet,humano
Mstrodl,humano
Mubashirshariq,humano
Muchaszewski,humano
Mudbill,humano
MuddyBootsCode,humano
Muffeter,humano
Muhaimin CS,humano
Muhammad Musa,humano
Muhammad Rio Ananta Firdaus,humano
Muhammad Rohan Hussain,humano
Muhammad Uzair,humano
Muhammad Yasir Ghaffar,humano
Muhammad Zeeshan,humano
Muhammad-Afaque,humano
MuhammadAli-123,humano
MuhammadAli13562,humano
MuhammadAnsoriNasution,humano
MuhammadAzfarAslam,humano
MuhammadHasham23,humano
MuhammadMinhaj,humano
MuhammadNiazAli,humano
MuhammadYounus09,humano
Muhammed Al-Dulaimi,humano
MujtabaPro1,humano
MukaNakazato,humano
Mukhammadali,humano
Mukunda Rao Katta,humano
MukundaKatta,humano
Muljayan,humano
Multi-Thinker,humano
Multiply,humano
Mun-cloud,humano
Munawwar,humano
MuneebStack,humano
Munien,humano
MunnyReol,humano
Munrok,humano
MuntasirSZN,humano
Murat Ogulcan Sahin,humano
Murillo2380,humano
MurkyMeow,humano
MurzNN,humano
MusabAkram,humano
Musar98,humano
Musho-T,humano
MushuPlatypus,humano
Musikero31,humano
Mussadiq32,humano
Must4che,humano
MustBeMerrick,humano
Mustafa Dağkıranlar,humano
Mustafa Ekrem KENTER,humano
Mustafa Çor,humano
Mustafadagkiranlar,humano
MustaphaQadri,humano
MusteataNicolae,humano
Mutesa-Cedric,humano
MuzajsArcin,humano
Muzammil-khan710,humano
Muzi12345632,humano
MuzzaiyyanHussain,humano
Muzzammil-Hussain,humano
MwSpaceLLC,humano
Mwimwii,humano
Mwni,humano
MxA,humano
MyCookiesOo,humano
MyCupOfTeaOo,humano
MyManAy,humano
MyNameIsTakenOMG,humano
MyNameisQiShiQi,humano
MyPacker,humano
Myeonghwan Cho,humano
MyeonginNoah,humano
Mykel68,humano
Myks92,humano
Mylab6,humano
Mylothros,humano
Myoschen,humano
Myself-Praveen,humano
MythicManiac,humano
Már Örlygsson,humano
Márcio Vinícius Oliveira Sena,humano
Mаартен - Maarten,humano
N-Digital-LLC,humano
N-Ziermann,humano
N0tExisting,humano
N1ckzz,humano
N1ve5h,humano
N2D4,humano
N3XT14,humano
NAMANANAS,humano
NAVEEN K,humano
NAVEENKUMARKR777,humano
NBenzekri,humano
NBruhno,humano
NCLlamas,humano
NCSmit,humano
NEKOYASAN,humano
NERLOE,humano
NGR-NP,humano
NKANGIJAFARI,humano
NMinhNguyen,humano
NNicoletti93,humano
NOOBBase,humano
NOUIY,humano
NOtherDev,humano
NPJigaK,humano
NProtsenko,humano
NRepeat,humano
NSExceptional,humano
NSLog0,humano
NSpehler,humano
NZaleski,humano
NaClYen,humano
NaamuKim,humano
Nabeeh-AlSawaf,humano
Nabeel Sulieman,humano
Nabeel-akk,humano
Nabil Boussouf,humano
Nabwinsaud,humano
NachoVazquez,humano
Nachobr,humano
Naddiseo,humano
Nader-CS,humano
NaderIkladious,humano
NaderTate,humano
NadhifRadityo,humano
Nadia0240,humano
Naelderiis,humano
Naes0,humano
NagabhushanS,humano
Nagarjuna-nxa020-ftr,humano
Naggar,humano
Naggertooth,humano
NagievR,humano
NaginWebDev,humano
Nahuel-Salvatierra,humano
Nahueleti,humano
NailKhalimov,humano
Naing,humano
Nainterceptor,humano
Najmus Sakib,humano
Nakamura Ayahito,humano
NakulTrepp2867,humano
NamGungGeon,humano
NamPNQ,humano
Namchee,humano
NanasArsenal,humano
Nandan1996,humano
Nandeeswar7,humano
Nandiniverma2024,humano
NangoliJude,humano
NanningR,humano
Nanosync,humano
Naoto-Ida,humano
Naoyuki Kanezawa,humano
NapsterDinh,humano
Naresh-Khatri,humano
Naru,humano
Nases,humano
NashJames,humano
NasserBvB,humano
NastykVoid,humano
Nat Welch,humano
Natalie Marleny,humano
Nataliya Karatkova,humano
Natchii59,humano
Nate Moore,humano
Nate Wienert,humano
NateFaulkenberry,humano
NateOs,humano
NateRadebaugh,humano
NathJCD,humano
NathZ1,humano
Nathan Hammond,humano
Nathan Rajlich,humano
Nathan Sculli,humano
Nathan Walters,humano
Nathan-van-Goor-EO,humano
NathanFrank285,humano
NathanTrost,humano
NathanVG,humano
Nathanael-Shermett,humano
Nathaniel Hill,humano
NathanielHill,humano
NatigAgarzayev,humano
Natt Nguyen,humano
Natt Nguyen ツ,humano
Naturalclar,humano
NautHnil,humano
Nautman,humano
Navbryce,humano
Naveed-Iftikhar,humano
Naveen,humano
Naveen0903,humano
NaveenDA,humano
NaviTheCoderboi,humano
Navid Nourani,humano
NavidNourani,humano
NavizDev,humano
NawfelBengherbiaSfeir,humano
Naxos84,humano
NayanjyotiRabha-1,humano
Nayeem-XTREME,humano
Nayejun,humano
Naz-Ovh,humano
Nazar,humano
NazmusSayad,humano
Nazzanuk,humano
NdMamadouDv,humano
Ne-Ne,humano
NeXTs,humano
NeatNit,humano
NebraskaCoder,humano
Nechir-89,humano
Necmettin Karakaya,humano
Necmttn,humano
Nedvokis,humano
Neelesh3,humano
Neeptossss,humano
Neeraj Dalal,humano
Neeraj Rajpurohit,humano
Neet-Nestor,humano
Nefaris,humano
Nefcanto,humano
NegatiV-64,humano
Negin-ozn,humano
Neha Prasad,humano
Neha3195g,humano
NeilDogii,humano
Neila,humano
Neiland85,humano
Nekidev,humano
Neko,humano
NekoChan,humano
Nel-sokchhunly,humano
Nelo,humano
Nelrohd,humano
Nelson Frank,humano
Nemanja Kostadinovic,humano
NemanjaJupiterLabs,humano
Nemmcy,humano
Nemo64,humano
Neo-Ciber94,humano
Neo478,humano
NeoLSN,humano
NeoPrint3D,humano
NeoSahadeo,humano
Neobii,humano
Neofox,humano
Neonsy,humano
Neorama,humano
Nerdman4U,humano
Nerlin,humano
NeryC,humano
NesarAhmedRazon,humano
Neschadin,humano
Neschadin Oleksandr,humano
NessajCN,humano
Netail,humano
Netonaldo,humano
NeusFear,humano
Neutrlno,humano
Neutronas,humano
New-King,humano
NewBieBR,humano
NewETown,humano
NewEditOfficial,humano
Nexory,humano
NextWack,humano
Nexum,humano
Nfinished,humano
Nfinley,humano
NgRuiYong,humano
Nghiệp,humano
Nguyen Hoang Phuc,humano
NgyAnthony,humano
Ngô Đức Anh,humano
Nhahan,humano
Nhan Doan,humano
Nhan Nguyen,humano
Nhollas,humano
Niaz Morshed Nayeem,humano
Niazul-Amit,humano
NicHaley,humano
Nicholas Chiang,humano
Nicholas Rakoto,humano
Nicholas Ramkissoon,humano
Nicholas Yang,humano
NicholasChoong,humano
NicholasKuchiniski,humano
NicholasLYang,humano
Nick Anisimov,humano
Nick Babcock,humano
Nick Carchedi,humano
Nick Crews,humano
Nick Gauthier,humano
Nick Kelly,humano
Nick Mazuk,humano
Nick McCurdy,humano
Nick Molchanov,humano
Nick Muller,humano
Nick Oates,humano
Nick Olinger,humano
Nick Zahn,humano
Nick-Achee,humano
Nick-Mazuk,humano
Nick-vr,humano
Nick4833,humano
Nick98-1,humano
NickCrews,humano
NickDelfino,humano
NickDev90,humano
NickG-NZ,humano
NickKelly1,humano
NickLewry,humano
NickMaev,humano
NickSurmanidze,humano
NickWoodward,humano
Nickk4,humano
Nicklaus6,humano
Nickman87,humano
Nickog47,humano
Nickprovs,humano
Nicktho,humano
Nicky-Sa,humano
Nickynodejs,humano
NiclasHaderer,humano
NiclasPi,humano
Niclassg,humano
Nico,humano
Nico Domino,humano
Nico924,humano
NicoSartor,humano
Nicolai Calinin,humano
Nicolas,humano
Nicolas Bouvrette,humano
Nicolas Charpentier,humano
Nicolas Froidure,humano
Nicolas Rouanne,humano
Nicolas-Medina-Teracode,humano
Nicolas-Menettrier,humano
NicolasGiaco,humano
NicolasHz,humano
NicolasMalburet,humano
NicolasMarafetti,humano
NicolasRiche,humano
Nicolaschinc,humano
Nicolasvegam,humano
Nicole,humano
Nicolás Figueroa,humano
Nicoowr,humano
NicuB93,humano
NidhiSharma63,humano
NiedziolkaMichal,humano
Niels-IO,humano
NielsVdA,humano
Niferu,humano
NigelGreenway,humano
Nik0di3m,humano
NikFranki,humano
Nikhil Bhargava,humano
Nikhil Fadnis,humano
Nikhil Mehta,humano
Nikhil Swaminathan,humano
Nikhil1920,humano
NikhilNama18,humano
NikhilVerma,humano
Nikhilnama18,humano
Nikita,humano
Nikita Borisowsky,humano
Nikita Brancatisano,humano
NikitaIT,humano
NikitaMazur,humano
NikitaVlaznev,humano
Niklas Arens,humano
Niklas Mischkulnig,humano
Niklas Wagner,humano
Niklas Ziermann,humano
Niko Sams,humano
Nikojuu,humano
Nikola Knežević,humano
NikolaR01,humano
Nikolas Santis,humano
Nikolastual,humano
Nikolay,humano
Nikolay Kolev,humano
Nikolay Stoynov,humano
Nikshaan,humano
Nilesh Suthar,humano
NileshPatel17,humano
Nilomiranda,humano
Nils Jacobsen,humano
Nils Kaspersson,humano
Nils Schönwald,humano
NilsJacobsen,humano
Nilzkool,humano
Nima,humano
NimaC,humano
Nimarrakers,humano
Nimit Aggarwal,humano
NimitMak,humano
NingXinHui,humano
NinjaOnRails,humano
NinonMaraval,humano
NipperInShorts,humano
NirajanMahara,humano
Nirator78,humano
Nirbhay007,humano
Nirmal1992,humano
NirvanaNrv,humano
Nirzhuk,humano
Nisfan,humano
Nishajzmk,humano
Nishan,humano
Nishant,humano
Nishant Singh,humano
NishargShah,humano
Nishchit14,humano
Nishikoh,humano
Nishu0,humano
Nitaaq,humano
NiteshCodes7,humano
Nithanaroy,humano
Nithur-M,humano
Nitin2108,humano
NitrousBGC,humano
NiumXp,humano
Nivg,humano
Nivnivu,humano
NixBiks,humano
NixuK,humano
Nixxx19,humano
NiyongaboEric,humano
Nizodevlo,humano
Njunge11,humano
Nkwebana,humano
NkxxkN,humano
Nkzq,humano
Nmaxime,humano
No-Cash-7970,humano
No738,humano
NoLogicTheOne,humano
NoUnique,humano
Noah Fischer,humano
Noah Weingand,humano
NoahBres,humano
Noam Honig,humano
Noam Nol,humano
NoamNol,humano
NoatToan,humano
NobodysNightmare,humano
NocerGal,humano
Nodios,humano
Noel Kim (김민혁),humano
Noel Yoo,humano
NoelOmo,humano
Noemi,humano
Noir-Lime,humano
Noitidart,humano
Noki-Asakuri,humano
NolanTrem,humano
NonPolynomial,humano
Noob Tsai,humano
NoobFullStack,humano
NoobTW,humano
Noor0,humano
Nora Söderlund,humano
NorbertHS,humano
NorbertLuszkiewicz,humano
NordFox7,humano
Norfeldt,humano
Noriller,humano
NorkzYT,humano
NorouziM,humano
North15,humano
NorthernScythe,humano
Nostrus,humano
NotArpit,humano
NotJustClarkKent,humano
NotNotRama,humano
NotUnHackable,humano
NotYoojun,humano
NotoriousPyro,humano
Nou-r,humano
Noubissie,humano
Nourman Hajar,humano
Nova,humano
NovaAppsInc,humano
Novo1999,humano
Nsttt,humano
Ntelikatos,humano
NuclEnergy,humano
Nuclear1Gandhi,humano
Null78,humano
NullReferenceEric,humano
NumanAnees,humano
NunoGomes-dev,humano
NuroDev,humano
Nurullah Sevinçtekin,humano
Nurysso,humano
Nutlope,humano
Nwachukwu Daniel (DONSN),humano
Nyasha (Nash) Nziramasanga,humano
NyashaNziramasanga,humano
Nyuno,humano
Néstor,humano
O4epegb,humano
OArnarsson,humano
ODreelist,humano
OFranke,humano
OG84,humano
OGReabon,humano
OHHAKO,humano
OJ Kwon,humano
OJII3,humano
OKNoah,humano
OKinane,humano
OKok-3,humano
OLuwis,humano
OMikkel,humano
ORESoftware,humano
ORLVNIMUSIC,humano
OSP123,humano
OXXD,humano
OZZlE,humano
OatsProgramming,humano
ObaidAshiq,humano
Obed Marquez Parlapiano,humano
ObinnaAka,humano
Obiwarn,humano
Obvio,humano
Ocheretovich,humano
Ochirsaikhan,humano
Octavian-imp,humano
Octember,humano
OctonianCat,humano
Odas0R,humano
Odi,humano
Odin Ugedal,humano
Odjango,humano
Odrin,humano
Oelshehawi,humano
Ofir-Efraim,humano
OfirYC,humano
OgDev-01,humano
OgbeniHMMD,humano
OhKai,humano
OhYello,humano
Oikio,humano
Oiva Eskola,humano
Ojay,humano
OkiljonDadakhanov,humano
OkkarMin,humano
Okoye Charles,humano
Okpainmo,humano
Oksana,humano
OksanaShtanhei,humano
Ol1va,humano
Olacdy,humano
OlafurTorfi,humano
Olanetsoft,humano
OldSmokeGun,humano
OldUser101,humano
Ole-Martin Bratteng,humano
OleSkaar,humano
OleTheDev,humano
Oleg Filonchuk,humano
Oleg Zuev,humano
Oleg-Koshelevskiy,humano
OlegDev1,humano
OlegFilonchuk,humano
OlegKochiev,humano
OlegLustenko,humano
OlegMikhailov23,humano
OlegZhemanov,humano
Oleh Dutchenko,humano
OlehDutchenko,humano
OleksandrDemian,humano
OlesZadorozhnyy,humano
Olga Polyanskaya,humano
Olgoetz,humano
OliXVIII,humano
Olierook,humano
Oliveira-86,humano
Oliver Lassen,humano
Oliver Wickham,humano
Oliver-Turp,humano
OliverRC,humano
OliverRudoll,humano
Olivia Isaacs,humano
Olivier Tassinari,humano
OlivierFortier,humano
OlivierJM,humano
Ollie Monk,humano
OllieJennings,humano
Ollynov,humano
Oluwatob-i,humano
OlyaPolya,humano
OlympicAngel,humano
OlympuJupiter,humano
OmPrakashSahoo416,humano
Omar Houmz,humano
Omar McIver,humano
Omar-Al-Ashi,humano
OmarAfet,humano
OmarAljoundi,humano
OmarAlkilany123,humano
OmarOmeiri,humano
OmarRayes98,humano
OmarShref,humano
OmarZeidan,humano
OmegaHawkeye,humano
OmerAvital,humano
OmerWow,humano
OmgDef,humano
Omkar Yadav,humano
OmkarK45,humano
OmkarKamble1,humano
OmkoBass,humano
OmniNetOpensource,humano
Ondrej Maksi,humano
Ondrej Sika,humano
OndrejTuma,humano
Ondřej Chrastina,humano
One041,humano
Onebu,humano
Onibenjo,humano
OnkelTem,humano
Onlylonger,humano
Ontegor,humano
Onur Temiz,humano
OnurErtugral,humano
OnurGvnc,humano
Onurfesci,humano
OoMNoO,humano
OpenPay-App,humano
OpenTextASOWSM,humano
Opty1712,humano
Or Yoffe,humano
OrangeXC,humano
Orangetronic,humano
OreQr,humano
Orecic,humano
Oren-Exon,humano
Oren-Schmerling,humano
Organizzzm,humano
OrhanTozan,humano
OriaLogic,humano
OriginalEXE,humano
OriginalJef,humano
Oriol Collell,humano
OrionStark,humano
Orisabiyi,humano
OrkhanGG,humano
OrlS15,humano
Orlin M Bozhinov,humano
Orri Arnarsson,humano
Orta,humano
Orta Therox,humano
Orygaw,humano
Osama-Z-Ansari,humano
Osamor-Chukwuka,humano
Osarumense Idukpaye,humano
Oscar,humano
Oscar Busk,humano
Oscar Fuentes,humano
Oscar Martinez,humano
OscarBarrett,humano
OscarGauss,humano
OscarJVD,humano
Osh Slomczynski,humano
Oskar,humano
Oskar Grunning,humano
Oskar Oldorf,humano
Oskar Radziewicz,humano
OskarD,humano
OskarGroth,humano
OskarKaminski,humano
OskarKarpinski,humano
OskarKlintrot,humano
Oskii2311,humano
Osomhe1,humano
OssiPesonen,humano
Othmane KINANE,humano
OtisTemler,humano
Otoris,humano
Ottapettavan,humano
OttlikG,humano
Otto-Deviant1904,humano
OttoG,humano
Oudwins,humano
Ousbaiy,humano
Ousjiali,humano
Oussamaosman02,humano
OutThisLife,humano
Ovidiu Cherecheș,humano
Ovyerus,humano
Owen Pearson,humano
OwenMelbz,humano
OwenS3881,humano
OxYancy,humano
Oxicode,humano
Oyebadejo Michael,humano
Ozan Sevkin,humano
OzySky,humano
OzzieOrca,humano
OzzyCzech,humano
Oğuz Kılıç,humano
Oğuzcan Köse,humano
P1et1e,humano
P233,humano
P41T,humano
P41T0,humano
P4sca1,humano
PASHANSX,humano
PAXANDDOS,humano
PArns,humano
PBnJson,humano
PBug90,humano
PButcher,humano
PDXIII,humano
PGuimarais,humano
PH4NTOMiki,humano
PHILLIPS71,humano
PI-YWT,humano
PILIPSCODE,humano
PILLOWPET,humano
PJijin,humano
PLKplkPLK,humano
PLQin,humano
PMLyf,humano
PMiraLopes,humano
PMudra,humano
PPPP-OO,humano
PSMJonas,humano
PSPanesar,humano
PSoltes,humano
PStoner3,humano
PTaylour,humano
PaRaD1SE98,humano
Paarth Madan,humano
Paatrox,humano
Pablo Espinosa,humano
Pablo Saez,humano
Pablo-Merino,humano
PabloGLeiteDeSouza,humano
PabloLION,humano
PabloSzx,humano
Pacheco95,humano
PacifiK2460,humano
Paco,humano
PacoHuerta,humano
PacoSoftwerft,humano
Paddy-Hamilton,humano
Pagebakers,humano
Paget96,humano
PahesebPJ,humano
PaiJi,humano
PaisaDekho,humano
Pakapon Kaewmark,humano
Palanikannan1437,humano
PaliwalSparsh,humano
Paliy0,humano
Pamboli,humano
PanJ,humano
PanSzelescik,humano
PanarinU,humano
Panda-Program-Web,humano
PandaCodes,humano
PandaPandaDev,humano
PandaWhisperer,humano
Pandan,humano
PandelisZ,humano
PandiyanCool,humano
PanduLaxman,humano
Panhara28,humano
Panix-dev,humano
PanuwatChinpratan,humano
PapatMayuri,humano
ParallelUniv3rse,humano
ParasRai2,humano
Paratron,humano
Paraxdev,humano
Parbez,humano
Pardaramskha,humano
Park-Jongseok,humano
ParkHeeseung,humano
ParkNorth,humano
Parker-Echo,humano
ParkerRex,humano
ParkerTzh,humano
Parnswir,humano
Parrakh,humano
ParsaProg,humano
Parth-Flutch,humano
Parth909,humano
Partha Shankar,humano
Partha-Shankar,humano
Parthiv-M,humano
Parthvsquare,humano
Parviz-Elite,humano
ParwarYasinQadr,humano
Pasalietis,humano
Pascal Birchler,humano
Pascal Pixel,humano
Pascal-Lohscheidt,humano
PascalNehlsen,humano
PascalPixel,humano
Pashozator,humano
Pasoul,humano
Pasov,humano
Pasqat,humano
PassTheMayo,humano
PassageNick,humano
PassionPenguin,humano
PatNeedham,humano
Patil2099,humano
Patrick Arminio,humano
Patrick Dahms,humano
Patrick El-Hage,humano
Patrick Krawczykowski,humano
Patrick Smith,humano
Patrick-Tomic,humano
PatrickChagasTavares,humano
PatrickChoDev,humano
PatrickCodes_,humano
PatrickMcLennan,humano
PatrickRogg,humano
Patrik-Tkacik,humano
PatrikTheDev,humano
Patrikur,humano
Patryk,humano
PatrykBaranek,humano
PatrykWojcieszak,humano
Pattenealliripark,humano
Pau Fernández,humano
Pau Rodriguez Molina,humano
Pau-Marin,humano
PauRUES,humano
Pauan,humano
Paul Asjes,humano
Paul Barry,humano
Paul Hale,humano
Paul Klein,humano
Paul Matthew Jaworski,humano
Paul Molluzzo,humano
Paul Ostrouskiy,humano
Paul O’Shannessy,humano
Paul Reichelt,humano
Paul Schultz,humano
Paul Xu,humano
Paul van Dyk,humano
Paul van den Dool,humano
Paul-Bird,humano
Paul-Emile,humano
PaulACoroneos,humano
PaulAsjes,humano
PaulCaruana,humano
PaulHale,humano
PaulHaze,humano
PaulKujawa,humano
PaulLadyman,humano
PaulMacinic,humano
PaulNext,humano
PaulPopat,humano
PaulRBerg,humano
PaulRennerbs,humano
PaulRill00,humano
PaulSenon,humano
PaulSinghDev,humano
PaulTondeur,humano
PaulWild,humano
Pauldic,humano
PaulinaQuintero,humano
Paulo Augusto Silva,humano
PauloAlves311,humano
PauloMFJ,humano
Paulolinks,humano
PaulvdDool,humano
Pavan Shinde,humano
Pavan-Rajesh,humano
Pavek,humano
Pavel Glac,humano
Pavel Korotenko,humano
Pavel Mineev,humano
Pavel Prichodko,humano
PavelDemyanenko,humano
PavelK27,humano
PavelSib,humano
PavelZhuravlev,humano
Pavithra Kodmad,humano
PawelJadach,humano
PawelRokosz,humano
PawelWywiol,humano
Paweł Ciosek,humano
Paweł Tymczuk,humano
PaxLyj,humano
Pbmangan,humano
Peakdrum,humano
Pearcekieser,humano
Pedanfer,humano
Pedro Duarte,humano
Pedro Rodrigues,humano
Pedro Sanchez,humano
PedroJBrito,humano
PedroMarianoAlmeida,humano
Pedromdsn,humano
Pedromigacz,humano
Peeja,humano
Pegase745,humano
PegasisForever,humano
PegeDev,humano
Pekes317,humano
Pekka Enberg,humano
PelosiTech,humano
Peng Jie,humano
PengBoUESTC,humano
Pengap,humano
PenguinChief,humano
PenguinOfWar,humano
PenguinPops,humano
PengyuanZhao,humano
Penn Su,humano
Pentiado,humano
PeoB,humano
PepVal,humano
PepeANZ,humano
PepeBotella25,humano
Pepijn Senders,humano
PepijnSenders,humano
PerfectM1nd,humano
PerishableDave,humano
PerlBug,humano
Perni1984,humano
Perronef5,humano
Perry Olsson,humano
Perry-Olsson,humano
PerryLuo,humano
PerssonDennis,humano
Pet3cy,humano
Pete Correia,humano
Pete Hunt,humano
Peter Briggs,humano
Peter Halasz,humano
Peter Kellner,humano
Peter McAree,humano
Peter Mekhaeil,humano
PeterAronZentai,humano
PeterCastilloG,humano
PeterEckIII,humano
PeterGKafkakis,humano
PeterGardenas,humano
PeterJSung,humano
PeterKottas,humano
PeterKow,humano
PeterPanen,humano
PeterlitsZo,humano
Petr Huřťák,humano
Petr Messner,humano
Petr Vlček,humano
PetrNikolas,humano
PetrShchukin,humano
PetrSnobelt,humano
Petra Jaros,humano
PetrovaDaria,humano
PetruLunic,humano
PetrusBorges,humano
Petter Sæther Moen,humano
Pfed-prog,humano
PfisterFactor,humano
Pfurr,humano
Pham-dev,humano
PhanXuanThuan,humano
PhantomKnight287,humano
PharaohMaster,humano
PhattOZ,humano
Phattarapol L,humano
Phebonacci,humano
PhiNguyen1991,humano
Phiction,humano
Phiiii,humano
Phil Wolstenholme,humano
Phil Z,humano
PhilMcVay,humano
PhilMeyr,humano
Philihp Busby,humano
Philip I. Thomas,humano
Philip Nguyen,humano
PhilipAngelinNE,humano
PhilipeGatis,humano
Philipp Bosch,humano
Philipp Parzer,humano
Philipp-M,humano
PhilippSchreiber,humano
Philippe Serhal,humano
PhilippeR26,humano
Phillip,humano
Phillip Klawansky,humano
Phillips126,humano
Philreact,humano
Phoenix-Alpha,humano
PhoenixWild29,humano
Phoenixmatrix,humano
Phryxia,humano
PhucNghi176,humano
Pickra,humano
Pieparker,humano
Pier-Luc Gendreau,humano
PierFio,humano
Pierre Berger,humano
Pierre Nel,humano
Pierre de la Martinière,humano
Pierre-Do,humano
PierreBerger,humano
PierreCavalet,humano
PierreGabioud,humano
PierreLepagnol,humano
PierreNoll,humano
Pieter Bogaerts,humano
Pieter De Decker,humano
PieterDePauw,humano
Piets0n,humano
Pika-Pool,humano
Pikachews,humano
Pilaton,humano
PineaFan,humano
PinkChampagne17,humano
Piotr Kuczynski,humano
Piotr Tomasik,humano
Piotr Zarycki,humano
PiotrFidurski,humano
PiotrJozefow,humano
PiotrSzlagura,humano
Pipe-Runner,humano
PiwkaNorbert,humano
Pixelatex,humano
PixeledCode,humano
Pixtane,humano
PiyankaYadav,humano
Piyush,humano
Piyusharora2003,humano
Pizipiz,humano
Pizza-De,humano
PizzaPete,humano
Pjai1,humano
Pjrich1313,humano
Pkmmte,humano
PlagueFPS,humano
PlayeurZero,humano
Playys228,humano
Plazmius,humano
PlopTheReal,humano
Plow74,humano
Plumbiu,humano
PlutoCRown,humano
Pluvas159,humano
Pmacdon15,humano
PmegaOcalc,humano
Pnlvfx,humano
Pobermeier,humano
PodStuart,humano
Podfelix,humano
PodkopovP,humano
PohurskyiArtem,humano
Poitrin,humano
Pojen Chen,humano
Poky85,humano
PolGubau,humano
PolMrt,humano
Poliklot,humano
PolinaJSN,humano
Poma4ka,humano
Pomaio,humano
Pong420,humano
Ponjimon,humano
Ponyets,humano
PookMook,humano
Poolshark,humano
Popuguy,humano
PorcoMar,humano
Porok12,humano
PorterK,humano
Poshtarenko-Dmitriy,humano
PossibleAtom,humano
PostWarnier,humano
Potherca,humano
Poujhit,humano
Poul Poulsen,humano
PouletteMC,humano
Povilas Versockas,humano
Powell-v2,humano
Powersource,humano
Poylar,humano
Poyoman39,humano
Prabusah,humano
Prachi Sharma,humano
Prachi-meon,humano
Pradip Caulagi,humano
Prains,humano
Prakhar Shukla,humano
Prakhar-FF13,humano
PramodTKodag,humano
Pranathi Peri,humano
Pranav,humano
Pranav P,humano
Pranav-yadav,humano
Pranav18M,humano
Pranav2612000,humano
PranavBhatia,humano
PranavSathy,humano
Praneeth-Pike,humano
Prasad-JB,humano
Prasad2604,humano
Prasannag1602,humano
PrashantSedhain,humano
Prashoon123,humano
PrashoonB,humano
Prateek Bhatnagar,humano
Prateek Choudhary,humano
Prateek Rastogi,humano
Pratham271,humano
Prathapkarumanchi,humano
Pratikh,humano
Pratikkumbhani5,humano
Pratyush-Udhani,humano
Praveen Senadheera,humano
PraveenPeri,humano
PreethiPantangi,humano
Preetika10,humano
PremCodezee,humano
PresByter2015,humano
Preston Landers,humano
Preston Richey,humano
Preston-Landers,humano
PrimeObjects,humano
Primigenus,humano
PrinOrange,humano
Prince Agrawal,humano
Prince11112,humano
PrinceSumberia,humano
Princejain21,humano
Princenick-BL,humano
Princezhm,humano
PrinzEugen39,humano
Prioe,humano
Prithvi Raju M,humano
Priti-Khattar,humano
PriyankaManickkam,humano
Priyanshu7970,humano
Pro542,humano
ProSystemLimited,humano
ProchaLu,humano
ProductOfAmerica,humano
ProfChaos,humano
Profesor08,humano
ProjectGhostCore,humano
ProjectINT,humano
Prottay Rudra,humano
Prottoy2938,humano
PrudviGali,humano
Prushka,humano
Pruxis,humano
PrzemyslawPolrolniczak,humano
PsyGik,humano
PsySecCorp,humano
Psychobellic,humano
Psychosynthesis,humano
Public Theta,humano
PudparK,humano
Puetz,humano
Puharesource,humano
PullJosh,humano
PumpedSardines,humano
Puneet Kathar,humano
PunkFleet,humano
Punkte,humano
PupoSDC,humano
PuppyOne,humano
Purii,humano
Pushpendra160,humano
Pushplaybang,humano
PuttTim,humano
Puvvl,humano
PxlSyl,humano
Pyr33x,humano
Pyry Takala,humano
Pytal,humano
Pythe1337N,humano
PØL1,humano
Q0,humano
QB3L,humano
QQCif,humano
QUDUSKUNLE,humano
Qavi-Nizamani,humano
Qeldrona,humano
QianKuang8,humano
QiiLimited,humano
Qilin Yang,humano
QinZhen001,humano
Qing,humano
QingHeSite,humano
QingjiaTsang,humano
Qiuran Hu,humano
QiuranHu,humano
Qiushi Pan,humano
Qix-,humano
QizhengMo,humano
Qodestackr,humano
Qonditive,humano
Qquanwei,humano
QuaduxIT,humano
Quark03,humano
QuarkOS,humano
Quentin,humano
Quentin Sommer,humano
QuentinDejean,humano
QuentinGr,humano
QuentinRoy,humano
QuentinScDS,humano
Quernest,humano
Quicksilver0218,humano
QuiiBz,humano
Quinn Rohlf,humano
Quinn Turner,humano
QuinnStraus,humano
Quix44,humano
QuocLam-io,humano
Qurage,humano
Quramy,humano
QuyetTV1991,humano
QzCurious,humano
R-Bower,humano
R1ON,humano
R1ZEN,humano
R2Jeu-prive,humano
R3flector,humano
R4F44L,humano
R4R3D1FF,humano
RAIbrahim360,humano
RAMTO,humano
RATIU5-zz,humano
RD,humano
RDGthree,humano
RDIL,humano
RDeluxe,humano
REDAMANS,humano
RETOVSKEJ,humano
REstolDev,humano
RINDAMAN2426,humano
RIP21,humano
RJFelix,humano
RJWadley,humano
RL4422,humano
RMariowski,humano
RNm-dove,humano
RPDeshaies,humano
RSickenberg,humano
RTC1,humano
RTodorov,humano
RTrace,humano
RVP97,humano
RWOverdijk,humano
RXminuS,humano
RZ-Jyothsna,humano
Ra0R,humano
RaHuLMeghani24,humano
Raamzeez,humano
Rachna Chavan,humano
RacketyWater7,humano
Radicitus,humano
Radosław Grochowski,humano
Radovan Šmitala,humano
Radu Nemerenco,humano
Radu Petre Tarean,humano
RadwanSusan,humano
Radzam,humano
RaenonX,humano
Rafael Almeida,humano
Rafael Andeloci,humano
Rafael Bonalume Lebre,humano
Rafael Cossovan,humano
Rafael Fernandes,humano
Rafael Laurindo,humano
Rafael Mariano,humano
Rafael Zerbini,humano
RafaelAndeloci,humano
RafaelZasas,humano
RafalChojnowskiPagepro,humano
RafalFilipek,humano
Rafau,humano
Rafayurgit,humano
Rafał Ruciński,humano
Rafcin,humano
Raffaele,humano
Rafi-99,humano
Rafi993,humano
Rafkraft,humano
Rafo,humano
Raggok,humano
Raghu-M-S,humano
Raghuboi,humano
Rahim-444,humano
RahimGuerfi,humano
Rahul,humano
Rahul Gaba,humano
Rahul Mishra,humano
RahulBirCodes,humano
RahulKathayat,humano
RahulShilam,humano
Rahulg321,humano
Rahulkishanm,humano
Raibima Putra,humano
Raikhen,humano
Railly,humano
RainYr1021,humano
RainbowXXX,humano
RainyNight9,humano
Raj,humano
Raj Kumar Rawat,humano
Raj4478,humano
RajNandigalla,humano
RajVarsani,humano
Raja Sekar,humano
Raja Vijaya Saradhi Ch,humano
Rajankr542,humano
Rajaotix,humano
Rajat379,humano
Rajat421,humano
Rajdeep singh,humano
RajendraAVerma,humano
Rajesh-Nagarajan-11,humano
Rajesh-Poojari-Dmart,humano
RajeshKumar11,humano
Rajeshchalasani9,humano
RajinCoding2007,humano
RajnishKatharotiya,humano
RajvardhanPatil07,humano
Rajvirnahar,humano
RakaDoank,humano
Rakan Nimer,humano
Rakhee06,humano
Rakhymbek,humano
Rakibul Hassan Rifat,humano
RakibulBh,humano
Rakshit358,humano
Rakvadium,humano
RalfWeiss,humano
Rallanvila,humano
RamAvuthu,humano
RamFarid,humano
RamPeregrine,humano
RamazaniMwemedi,humano
RamboGj,humano
Ramekici,humano
Rameshv,humano
Ramilito,humano
Ramin B,humano
Ramiro Silveyra d'Avila,humano
Ramiro-luengo,humano
RamyaChinnadurai,humano
RamziSayagh,humano
Ran Yitzhaki,humano
RanaMuzamal,humano
RandallRock123,humano
Randgalt,humano
Randolf J.,humano
RandomNiiChan,humano
RangerCoder99,humano
RangerMauve,humano
Rangoons,humano
Rani Malach,humano
Rani367,humano
RanitManik,humano
Ransomware0,humano
RansuAndorei,humano
Raoufbaa,humano
RapTho,humano
Raphael Chaula,humano
Raphael Costa,humano
Raphael2k6,humano
RaphaelMechaliPro,humano
Raphaël Badia,humano
Raquel Amorim,humano
RareSecond,humano
RaschidJFR,humano
RasengunShotaro,humano
Rashair,humano
Rashmi-278,humano
RashmikaFeefo,humano
Rasmus John Pedersen,humano
RasmusErik Voel Jensen,humano
Rasool Dastoori,humano
Rastopyr,humano
RatebSeirawan,humano
Raul Melo,humano
RaulEscobarRivas,humano
Raullg98,humano
Ravalika24,humano
Raven,humano
RavenHursT,humano
Ravichandra-C,humano
Ravinder Mahajan,humano
Ravindersingh1526,humano
Raxan7,humano
Raxvis,humano
Ray Gesualdo,humano
Ray Wong,humano
RayLuxembourg,humano
RayaLevinson,humano
Raydman,humano
Rayhan Arayilakath,humano
Raymond,humano
Raymond Cheng,humano
Raymondacampo,humano
Raynos,humano
Rayzhangzhang,humano
Razilator,humano
Razin Shafayet,humano
RazinShafayet2007,humano
RazmikDev,humano
RazorRSD,humano
Razorshnegax018,humano
RbrtDdds,humano
Rc85,humano
Re4GD,humano
ReaShenjtolli,humano
ReactjsGod,humano
RealEstatePR,humano
RealFascinated,humano
RealGatt,humano
ReangeloJ,humano
RebootGG,humano
Rebornnn,humano
Rechdan,humano
RedVelocity,humano
Redfern,humano
Rednegniw,humano
Redowan-Ahmed,humano
Redskinsjo,humano
ReeceHumphreys,humano
ReeceM,humano
ReedSoftware,humano
ReezanVisram,humano
Reflejo,humano
Reflex2468,humano
Refrezsh,humano
Regaddi,humano
Regan-Koopmans,humano
Regaron,humano
Reggino,humano
Rehab-Osman,humano
Rehan712,humano
Rehasree,humano
Reinano,humano
ReinhardtR,humano
ReinoutStevens,humano
Rekard0,humano
Relison,humano
RemLampa,humano
Remco Haszing,humano
RemcoSmitsDev,humano
Remeic,humano
Remek Ambroziak,humano
RemiKalbe,humano
Remo Vetere,humano
Remy Sharp,humano
RemyJouni,humano
RemyMachado,humano
Ren Adachi,humano
Renan Couto,humano
RenanFrancaDev,humano
RenanLorijola,humano
Renaud972,humano
Reniactor,humano
Renov4ted,humano
René Keller,humano
ReoHakase,humano
Repith,humano
Reshmi Sriram,humano
Reshmi-Sriram,humano
Resi Respati,humano
Restoration,humano
RetrogradeDev,humano
Reuben,humano
Revan99,humano
Revannchist,humano
Revaycolizer,humano
Revolt9k,humano
RexGalicie,humano
Rexford Essilfie,humano
Rexiao,humano
Reynaldi Chernando,humano
ReynardFox99,humano
Reza Baharvand,humano
Reza Mauliadi,humano
Reza-tm,humano
Rezakarimzadeh98,humano
Rezanop,humano
RfadnjdExt,humano
Rhapzody,humano
Rhinar,humano
Rhynden,humano
Rhyoss,humano
Rhys Arkins,humano
Rhys Evans,humano
RhysSullivan,humano
RiChrisMurphy,humano
RiatIO,humano
RicardasN,humano
Ricardo Fiorani,humano
Ricardo Pierre-Louis,humano
RicardoGEsteves,humano
Riccardo Di Maio,humano
Riccardo Giorato,humano
Riccardo-Andreatta,humano
RiccardoBiosas,humano
Rich Haines,humano
Rich Paret,humano
Rich-Warrior,humano
Richard B,humano
Richard Lee,humano
Richard Littauer,humano
Richard Park,humano
Richard Scotten,humano
Richard Zhang,humano
Richard van der Dys,humano
Richard87,humano
RichardDominik,humano
RichardHopperProGrammar,humano
RichardKullu,humano
RichardLitt,humano
RichardOro01,humano
RichieAHB,humano
RichieB2B,humano
Richienb,humano
Richtervn,humano
RickEyre,humano
RickWong,humano
Ricky Abell,humano
RickyAbell,humano
RiczCalixto,humano
Ridd0,humano
Riddhiman007,humano
Ridermansb,humano
Rieranthony,humano
RightFootConsulting,humano
RightHot,humano
RigottiG,humano
RihuaChen,humano
Rikard-Johansson97,humano
Riki-WangJJ,humano
Rikki-Tavi,humano
Riko2909,humano
Riley Shea,humano
Riley1101,humano
RileyMShea,humano
Rim2025sui,humano
Rinald,humano
Rinatious,humano
Rinku Chaudhari,humano
RioChndr,humano
RiodeJaneiroo,humano
Rioos,humano
Riqwan Thamir,humano
Risbot,humano
RiseOoi,humano
Rishab1207,humano
Rishab49,humano
Rishabh Poddar,humano
Rishabh Saxena,humano
RishabhJain96,humano
Rishav1707,humano
Rishi,humano
Rishi Raj Jain,humano
RishikeshDarandale,humano
RisingGeek,humano
RiskyMH,humano
RiteshWanave,humano
RiusmaX,humano
Rivalakmalll,humano
RivelFounder,humano
Riyaz-khan-shuvo,humano
RizBizKits,humano
RizieriAlves,humano
RizziSilva,humano
RizziWilliam,humano
Rizzist,humano
Rlink001,humano
RnbWd,humano
Rnbsov,humano
Roaldkamman,humano
Rob,humano
Rob Brennan,humano
Rob Easthope,humano
Rob Johansen,humano
Rob Pruzan,humano
Rob Vermeer,humano
Rob122783,humano
RobAWilkinson,humano
RobDeFlop,humano
RobEasthope,humano
RobHannay,humano
RobPruzan,humano
RobTS,humano
RobVermeer,humano
Robbatron,humano
Robbert Stevens,humano
Robbie Averill,humano
Robbie-Cook,humano
RobbieGM,humano
RobbieMcKinstry,humano
Robbilie,humano
RobbinHabermehl,humano
Robbson,humano
RobbyUitbeijerse,humano
Robert Bradford,humano
Robert Cunningham,humano
Robert Keyser,humano
Robert Komaromi,humano
Robert Sköld,humano
Robert Valmassoi,humano
Robert Webb,humano
Robert van Steen,humano
RobertAron,humano
RobertB4,humano
RobertFent,humano
RobertKeyser,humano
RobertKoval,humano
RobertMrowiec,humano
RobertSandiford,humano
RobertoDonPedro,humano
RobertoGallego,humano
RobertoPrevato,humano
Robin,humano
Robin Cussol,humano
Robin Frischmann,humano
Robin Malfait,humano
Robin Millette,humano
Robin Singh,humano
Robin Tom,humano
Robin Weser,humano
Robin Wieruch,humano
Robin-Hoodie,humano
RobinClowers,humano
RobinCsl,humano
RobinDeNeef,humano
RobinDvorak,humano
RobinGiel,humano
RobinHoodCoder,humano
RobinLebhar,humano
RobinMalfait,humano
RobinNagpal,humano
RobinSCU,humano
RobinSuthar,humano
RobinYang11,humano
RobiulMan,humano
RobsonAraujo,humano
Robstei,humano
Robz187,humano
Rocen,humano
RockBacon9922,humano
Rocketjm,humano
RockyWearsAHat,humano
Rodbjartson,humano
Rodo1foBandeira,humano
Rodrigo,humano
Rodrigo Delduca,humano
Rodrigo Esteves,humano
Rodrigo Feijao,humano
Rodrigo Roim,humano
Rodrigo-JM,humano
RodrigoEspinosa,humano
RodrigoNovais,humano
RodrigoRibeiroBMG,humano
RodrigoTomeES,humano
Roel Vaneyghen,humano
Roger,humano
Roger Hutchings,humano
Roger322,humano
Rohan-Dedhia,humano
Rohan5commit,humano
RohanDas28,humano
Rohit-Bhardwaj10,humano
RohitRathore1,humano
Rohith Gilla,humano
Rohith-Raju,humano
Rohithgilla12,humano
Rohitrai12,humano
Rohman Masyhar,humano
Roj,humano
Rokas Simkus,humano
Roko Bekavac,humano
Rokt33r,humano
Rolan2772,humano
Roland Warmerdam,humano
Rolanddoda,humano
Rolave,humano
RollsChris,humano
Roma79794,humano
RomaLetodiani,humano
Romain,humano
Romain Quellec,humano
RomainGrinnTech,humano
RomainGueffier,humano
RomainMorlevat,humano
RomainSF,humano
RomainVernoux,humano
Roman A,humano
Roman Ernst,humano
Roman Vanesyan,humano
Roman3333,humano
RomanKuzo,humano
RomanSkrypnik,humano
Romanapf,humano
Romello Goodman,humano
RomkaLTU,humano
RomkeVdMeulen,humano
RonAlmog,humano
RonHouben,humano
Ronak501,humano
RonakShishangia,humano
Ronald Stevanus,humano
Ronald-02,humano
RonaldErnst,humano
Ronbalt,humano
Rongeegee,humano
Ronie,humano
Ronit-gurjar,humano
Ronitsabhaya75,humano
RonnyO,humano
RooobinYe,humano
RoopeLehtonen,humano
Roossi,humano
Rop89,humano
Rose2161,humano
Roshancom,humano
Ross Sullivan,humano
Ross249,humano
RossMcMillan92,humano
Rostyslav Melnychuk,humano
Rostyslav Sipakov,humano
RoswellCityUK,humano
RotaruAndrei1998,humano
Rototu,humano
RoudyTarabay,humano
Rounak Agarwal,humano
RounakKumarAgarwal,humano
Rousan Ali,humano
Rover420,humano
RoversX,humano
Rowin,humano
RowinVanAmsterdam,humano
Rowno,humano
Roy412,humano
RoyBkker,humano
Royal-lobster,humano
Royceb,humano
Rozhkow,humano
Rpaudel379,humano
Rraya13,humano
Rrobinvip,humano
Rterrell25,humano
Rubeanie,humano
RubenMoraAI,humano
RubenSmn,humano
RubenZx,humano
Rubens Armôa Lopes,humano
Rubens de Melo,humano
RubyBit,humano
Rubén Sospedra,humano
Ruchika-saini,humano
Rudi-Batubara,humano
Rudolph Gottesheim,humano
Rudra370,humano
Rudycon55555,humano
Ruebs,humano
Ruegen,humano
RuellePaul,humano
RuentDev,humano
Ruffeng,humano
Rui Saraiva,humano
Rui Ying,humano
RuiGuilherme,humano
RuiQiHuang1832,humano
Ruiz000,humano
RuizhenMai,humano
Rukeith,humano
Rupeshn73,humano
Rushil-s,humano
Ruslan Dzyubanov,humano
RuslanAsadov,humano
Ruslanmsv,humano
Russcharles,humano
RusseII,humano
RustLoverTheCoder,humano
Rustam Gilyaziev,humano
RustyDev,humano
Rutger505,humano
Rutulpatel7077,humano
RyKilleen,humano
RyZenoKelb,humano
Ryan,humano
"Ryan ""Haticus"" Huellen",humano
Ryan Clements,humano
Ryan Feigenbaum,humano
Ryan Gillie,humano
Ryan Halliday,humano
Ryan Hinchey,humano
Ryan LaBarre,humano
Ryan Miller,humano
Ryan Nauman,humano
Ryan Parker,humano
Ryan Patterson,humano
Ryan Ponce,humano
Ryan-Dia,humano
Ryan-FLT,humano
Ryan-Maughan,humano
Ryan2018-js,humano
Ryan2128,humano
RyanClementsHax,humano
RyanGaudion,humano
RyanJMS,humano
RyanMan56,humano
RyanMcDonald,humano
RyanPaiva56,humano
Ryanakml,humano
RyannosaurusRex,humano
Ryanv030,humano
RyelBanfield,humano
Rykuno,humano
Rylab,humano
Ryo,humano
Ryo H,humano
Ryo Matsukawa,humano
Ryo98-SL,humano
Ryong-E,humano
RyosukeTanaka,humano
RyotArch,humano
Ryota Murakami,humano
RyousukeUchino,humano
RyszardRzepa,humano
Ryugi62,humano
Ryuichi Okumura,humano
Ryuurock,humano
Ryven72,humano
Ryz0nd,humano
S M Mahmudul Hasan,humano
S-Braeutigam,humano
S-Cardenas,humano
S-Sim0n,humano
S-YOU,humano
S. Mahdi Mir-Ismaili,humano
S. Suzuki,humano
S0UPernova,humano
S1nPur1ty,humano
S3Prototype,humano
S3ak,humano
S3annnyyy,humano
SADIK KUZU,humano
SAMXPS,humano
SANDAY-JS,humano
SARATHKUMAR-T,humano
SBNTT,humano
SBoudrias,humano
SC0d3r,humano
SCG82,humano
SD-Gaming,humano
SD170,humano
SETHOOOO84,humano
SGDS666,humano
SGLara,humano
SH20RAJ,humano
SHAGGYER,humano
SHAMIKH-ANWAR,humano
SHAWON0c,humano
SHOURYA SHIKHAR,humano
SIMULATAN,humano
SIRHAMY,humano
SJ-Kumar,humano
SJvaca30,humano
SK4P3,humano
SKULL-KING-VJ,humano
SKumarSpace,humano
SMG,humano
SMG-717,humano
SNRAI1307,humano
SOHELAHMED7,humano
SPeshov,humano
SR0725,humano
SRD75,humano
SSTPIERRE2,humano
SSakibHossain10,humano
SSardorf,humano
SSlimani,humano
SSylvain1989,humano
STEVEOO6,humano
STNeto1,humano
STRML,humano
SURYASARAVANAN,humano
SZharkov,humano
SaXaPhonist,humano
SaadBazaz,humano
SaadShamim,humano
SaaiAravindhRaja,humano
Saalim Zafar,humano
Saarnaki,humano
SaavanNanavati,humano
Sabin-Subedi,humano
Sabir222,humano
Sacha,humano
Sacha Stafyniak,humano
SachaG,humano
Sachin Hegde,humano
Sachin Raja,humano
SachinVarghese,humano
SachinthaI,humano
Saci46,humano
SacredAI,humano
Sadaf,humano
SadiqVali786,humano
Sadra Bahrami,humano
Saeris,humano
Sagar848,humano
SageJustus,humano
Sagi,humano
Sagnik Chatterjee,humano
SagnikPradhan,humano
SahajR,humano
Sahajj,humano
Sahal Sajjad,humano
Sahil,humano
Sahil Rajput,humano
SahilAggarwalHeliverse,humano
SahilMahadwar,humano
SahilMotiramani,humano
Sahillather002,humano
Sahitya3105,humano
SaiGanesh21,humano
SaiSriRam-Vanama,humano
Saini-Gaurav,humano
SaintFrans,humano
SaintMalik,humano
SaisakthiM,humano
SaizFerri,humano
Sajad Torkamani,humano
SakarDev,humano
Sakib Hossain,humano
SakineMazlomyar,humano
Sakito Mukai,humano
Saku731,humano
Saku75,humano
Sal0ID,humano
SalahAdDin,humano
Saleh56,humano
Salim Absi,humano
Salman-Samian,humano
SalmanK81099,humano
SalmanShahid888,humano
SalmenBejaoui,humano
SaltXCTech,humano
SaltyAom,humano
SalvadorDalia,humano
SalvatoreCampagnese,humano
Sam Becker,humano
Sam Bokai,humano
Sam Denty,humano
Sam Dornan,humano
Sam Ennis,humano
Sam Gluck,humano
Sam Holmes,humano
Sam Ko,humano
Sam Poder,humano
Sam Robbins,humano
Sam Royal,humano
Sam Selikoff,humano
Sam Taal,humano
Sam Verschueren,humano
Sam Washburn,humano
Sam-Apostel,humano
Sam-Kruglov,humano
Sam-Phillemon9493,humano
Sam7,humano
SamBallantyne,humano
SamHendry,humano
SamHep0803,humano
SamJbori,humano
SamKomesarook,humano
SamMatthewsIsACommonName,humano
SamPhillemon,humano
SamRoehrich,humano
SamSverko,humano
SamTaal,humano
SamVerschueren,humano
Samael-TLB,humano
SamarthBagga,humano
SamarthPD-21,humano
Samatar,humano
Samciu,humano
Sameedahmad,humano
Sami Jaber,humano
Samii2383,humano
Samiislam851,humano
Samin100,humano
SampaioLeal,humano
Sampson Oliver,humano
Samuel,humano
Samuel-McNair-Munoz,humano
SamuelCook,humano
SamuelMarks,humano
SamuelQuinones,humano
SamuelePiazzesi,humano
Samuli Asmala,humano
Samundra Shrestha,humano
SamyPesse,humano
SamyakMishra072,humano
SanDiegoTennisFederation,humano
Sanan4li,humano
Sanat76,humano
Sanath Kumar U,humano
SanchitB23,humano
Sandeep Mani Kumar Kushwaha,humano
Sandeep-Mani,humano
Sandeep06Dev,humano
Sander,humano
SanderCokart,humano
SanderGi,humano
SanderRuusmaa,humano
Sandreu,humano
Sandrino Di Mattia,humano
Sandstedt,humano
Sandy-1711,humano
Sang Song,humano
SangWon Kim,humano
SangeetAgarwal,humano
Sangeeth505,humano
Sangmin Park,humano
Sangwon Lee,humano
Sani071,humano
Sanjaiyan Parthipan,humano
Sanjays2402,humano
Sanjeevsd,humano
SanjoSolutions,humano
Sanjuwish,humano
Sankalpcreat,humano
Sanket-Gawande,humano
Sanmeet007,humano
Sanna Jammeh,humano
SannanOfficial,humano
Sanskar696,humano
Santhosh Sundar,humano
Santhoshkumar5645,humano
Santi Dalmasso,humano
SantoJambit,humano
Santosh130602,humano
Sanyok6,humano
SarKurd,humano
SaraVieira,humano
SarahAbada,humano
SarahLightBourne,humano
Sarawut-keng,humano
Sarbast Mohammed,humano
Sardor-M,humano
SarhadSalam,humano
SarkarKurdish,humano
Saro Vindigni,humano
SartoRiccardo,humano
Sarup Banskota,humano
SasSam,humano
SaschaHeyer,humano
Sasha Aickin,humano
SashaPolyanski,humano
Sashank Thupukari,humano
SasheVuchkov,humano
SassySyntax,humano
Sathosk,humano
Satindar31,humano
SatsAllDay,humano
Saturate,humano
Satvik-Katochh,humano
SaudTauqeer,humano
Saul-BT,humano
Saullo Almeida,humano
Saurabh,humano
Saurabh Burade,humano
Sauravdas007,humano
SaveliiLukash,humano
SavioNicodemos,humano
Sawan1994,humano
Sawsqr68,humano
Sayakie,humano
Sayed-Helmy,humano
SayedAbdelhafizET,humano
Sayuti Daniel,humano
Sayvai,humano
Sayyed Shozib Abbas,humano
Schachte,humano
SchalkBezuidenhout,humano
Schlumpf9,humano
Schmavery,humano
Schmerb,humano
Schniz,humano
SchramlTim,humano
SchunckLeonardo,humano
Schwartz10,humano
Schweinepriester,humano
ScienceArtist,humano
ScorpIan555,humano
ScorpyG,humano
Scott Kirkland,humano
Scott MacDonnell,humano
Scott Parker,humano
Scott Polhemus,humano
Scott Raymond,humano
ScottAgirs,humano
ScottEAdams,humano
ScottJr,humano
ScottPolhemus,humano
ScottSmith95,humano
Scotty Waggoner,humano
ScottyMJacobson,humano
ScreamZ,humano
ScriptShah,humano
ScriptedAlchemy,humano
ScripterSugar,humano
Scrumplex,humano
Sean Beirnes,humano
Sean Coker,humano
Sean Connolly,humano
Sean Gray,humano
Sean Kiefer,humano
Sean Li,humano
Sean Massa,humano
Sean O'Neil,humano
Sean Parmelee,humano
SeanDez,humano
SeanGroff,humano
SeanRenet,humano
SeanningTatum,humano
Searching96,humano
Seb-GRAF,humano
SebHex,humano
SebVory,humano
SebaBoler,humano
SebassNoob,humano
Sebastian,humano
"Sebastian ""Sebbie"" Silbermann",humano
Sebastian Andil,humano
Sebastian Benz,humano
Sebastian Gallese,humano
Sebastian König,humano
Sebastian Markbåge,humano
Sebastian Ong,humano
Sebastian Sebbie Silbermann,humano
Sebastian Silbermann,humano
Sebastian Sycz,humano
Sebastian Troć,humano
SebastianBodza,humano
SebastianGode,humano
SebastianSava,humano
SebastianTroc,humano
SebastienGllmt,humano
SebastienSusini,humano
Sebastián Espinosa,humano
Sebastp,humano
SebghatYusuf,humano
Sebmaster,humano
SeegeneChoSeongMin,humano
SeeringPhil,humano
Segolene-Alquier,humano
SehajBindra,humano
SeifA7mad,humano
Seijinx,humano
SeinopSys,humano
Seiry Yu,humano
Seiya Nuta,humano
Sekhmet,humano
Seladorrr,humano
SelcukDemircioglu,humano
Selene Blok,humano
SelmiAhmed,humano
SelvinM,humano
Semanual,humano
Semigradsky,humano
Semkoo,humano
SemmelJochen,humano
Semmy99,humano
SemyonKushnarenko,humano
Senbonzakura1234,humano
SensoryDavide,humano
SeoYoung-C,humano
Seoheeda,humano
SeokJunYeom,humano
Seokho0120,humano
SeongYeongJu,humano
SeongwoonHong,humano
Sephster,humano
SerafinDinges,humano
Seraphina Orsini,humano
SercanSercan,humano
Serdans,humano
SerekKiri,humano
SerenModz21,humano
SergejSi,humano
Sergey Rubanov,humano
SergeyMell,humano
SergeyRe,humano
SergeySypalo,humano
SergeyZubatkin,humano
SergiAuletMur,humano
SergiOca87,humano
SergiiMost,humano
SergiiSechka,humano
Sergio,humano
Sergio Daniel Xalambrí,humano
Sergio Garcia Mondaray,humano
Sergio Xalambrí,humano
SergioGeeK7,humano
Sergioamjr,humano
SergiuGrisca,humano
SergiusAC,humano
Serhii,humano
Serhii-the-Dev,humano
Serhioromano,humano
Serializator,humano
SeriousBug,humano
Serkan Bektaş,humano
Seth Bergman,humano
Seth Bertalotto,humano
Seth Etter,humano
Seth Falco,humano
Seth Mcleod,humano
SethFalco,humano
Setmaster,humano
SettarovAli,humano
SeungYn,humano
Seungwoo321,humano
Seva98,humano
Sevadus,humano
SevdalinZhelyazkov,humano
SevenOutman,humano
Severin Ibarluzea,humano
SeverinAlexB,humano
SevlaMare,humano
Seybo,humano
SeyedAlirezaFatemi,humano
SferaDev,humano
Sh031224,humano
Sh1d0w,humano
ShadiBlitz,humano
Shadid12,humano
Shadowbring,humano
Shadrack1701,humano
Shaffan,humano
Shahaed,humano
ShaharAviram1,humano
ShahinGh,humano
Shahindavoodicom,humano
Shahriar,humano
ShahriarDhruvo,humano
ShahriarKh,humano
Shahzad6077,humano
ShahzadUmair,humano
Shahzar Mazhar,humano
Shahzeb K,humano
Shailesh93602,humano
Shaker-Hamdi,humano
ShakilUrRehman21,humano
ShakurOo,humano
Shaleen Jain,humano
Shameekh-Naveed,humano
Shamilx,humano
Shammo-Ghosal,humano
Shane,humano
Shane Kunz,humano
Shane Rogers,humano
Shane4368,humano
ShaneMaglangit,humano
ShangguanMr,humano
Shani815,humano
Shania,humano
Shank0071,humano
Shankar-CodeJunkie,humano
Shankar1598,humano
Shanmugavadivelu7,humano
Shanmukha27-web,humano
ShanonJackson,humano
Shantanu Goyal,humano
Shaquu,humano
SharadKumar,humano
SharanKarchella,humano
Sharath Challa,humano
Sharcoux,humano
SharmaTushar1,humano
Sharon-Francis,humano
Sharpiro,humano
Shashank-Salian,humano
Shashankraj72777,humano
Shashi Srinath,humano
Shashi-GS,humano
ShashiSrinath,humano
Shashwatpog,humano
Shaswat Saxena,humano
ShaulBenDavid,humano
Shaun Ferris,humano
ShaunFerris,humano
Shavvimal,humano
Shawan1008,humano
Shawn Callegari,humano
Shawn Kelly,humano
Shawn-Noruzi,humano
ShawnAndrews,humano
Shawnxkwang,humano
ShayDavidson,humano
ShayMalchi,humano
ShaySong99,humano
Shayan-To,humano
ShayokhShorfuddin,humano
Shazam72,humano
Shdoogii,humano
SheIsBukki,humano
SheaBelsky,humano
ShebangDog,humano
SheepTester,humano
Sheeraz-tv2u,humano
SheetJSDev,humano
ShehabSherif0,humano
SheikhArman100,humano
SheikhFarid99,humano
Sheldonfrith,humano
Shellishack,humano
Shen Lu,humano
Shen120,humano
ShengJou,humano
ShepelievD,humano
Sheraff,humano
Sheraji,humano
Sherri Cui,humano
SheryConcepts,humano
ShibanshL,humano
Shibu-N,humano
ShiftaDeband,humano
ShihTingJustin,humano
Shihabudheen US,humano
ShikChen,humano
Shin Yeongmin,humano
ShintaroNippon,humano
Shinyaigeek,humano
Shireee,humano
Shiro Wang,humano
Shivamk99,humano
ShivangKakkar,humano
ShivankK26,humano
ShivaprasadSuvarna45,humano
Shivendra30,humano
Shiyan7,humano
Shmoji,humano
ShockTr,humano
Shodipo Ayomide,humano
ShoeBoom,humano
Shogun Sea,humano
ShogunPanda,humano
Shohei Maeda,humano
Shomeis-Eskandari,humano
ShonFrazier,humano
ShooTeX,humano
Shorifpatwary,humano
ShortyLogos,humano
Shotaro Watanabe,humano
ShoutsAtGoats,humano
Showrin,humano
Shoyas,humano
Shpota,humano
Shramkoweb,humano
ShravanSunder,humano
ShreshthTiwari,humano
ShreyKumar,humano
Shreyans Jain,humano
Shreyas-29,humano
Shriansh2002,humano
Shristirajpoot,humano
Shrivallabh,humano
Shruthireddy04,humano
ShtibsDev,humano
Shtokarev,humano
Shu Ding,humano
Shu Uesugi,humano
ShuPink,humano
Shub3am,humano
Shubh Porwal,humano
Shubham-EV,humano
Shubham-Rasal,humano
ShubhamOulkar,humano
ShubhamPalriwala,humano
ShubhamRavindraDesai,humano
ShubhamTheReactGeek,humano
Shubhamchinda,humano
Shubhamkahar196,humano
Shubhamrawat5,humano
Shubhamsrmn,humano
Shubhan Chemburkar,humano
Shubhdeep12,humano
Shubhrajyoti-Dey-FrosTiK,humano
ShueiYang,humano
ShugKnight24,humano
Shuhratt,humano
Shumak Manohar,humano
Shun Kakinoki,humano
Shun Tedokon,humano
ShunquanWang,humano
Shunya Hayashi,humano
Shuudy,humano
Shyam Gupta,humano
ShynRou,humano
SiTaggart,humano
SiZapPaaiGwat,humano
SiaExplains,humano
SiarheiLazakovich,humano
Sicarius,humano
SidOfc,humano
SidWuChou,humano
Siddharth Gaikwad,humano
Siddharth Kshetrapal,humano
Siddharth2212,humano
SiddharthShyniben,humano
SiddheshDabholkar,humano
SiddhiHel,humano
Sidharth Rathi,humano
SidhuCodes69,humano
SidiEyel,humano
Sidnioulz,humano
SiebeBaree,humano
Siegrift,humano
Siggnja,humano
SignaHub285,humano
Sigurd Spieckermann,humano
SigurdMW,humano
Sigurður Gunnar Njálsson,humano
Siilwyn,humano
SiimTulev,humano
Sikori,humano
SilentDepth,humano
SilentImp,humano
Silinde87,humano
Silon,humano
SilvanTheuma,humano
SilverClash,humano
Silverium,humano
Silvio Clécio,humano
SilyNoMeta,humano
SimCall,humano
SimHoZebs,humano
SimRunBot,humano
SimaAlexandru99,humano
Simek,humano
SimenB,humano
Simeon Griggs,humano
SimeonGriggs,humano
Simon Boudrias,humano
Simon Gavelin,humano
Simon Goldin,humano
Simon Hänisch,humano
Simon Kirsten,humano
Simon Knott,humano
Simon Podlipsky,humano
Simon Richard,humano
Simon Taggart,humano
Simon Vrachliotis,humano
Simon-Renault,humano
SimonBerens,humano
SimonChaumet,humano
SimonGolms,humano
SimonPrato11,humano
SimonProper,humano
SimonR07,humano
SimonSiefke,humano
SimonStAmand,humano
SimonVadier,humano
Simone Corsi,humano
Simone-cm,humano
Simone-shalom,humano
Simonwtaylor,humano
SimonyanGrno,humano
SimpleIndian,humano
Simply007,humano
SimplyComplexable,humano
Simran-B,humano
Sina-Abdollahi,humano
SindreSvendby,humano
SinfulHymn,humano
Sinhalite,humano
SinimaWath,humano
SioJeong,humano
Sir Tangale,humano
Sir-Chasington,humano
Sir-Erwin,humano
SirBoely,humano
SirCameron,humano
SirFrey,humano
SirMoustache,humano
SirRodney,humano
SirawichDev,humano
Sireesha Aguru,humano
SirensOfTitan,humano
SiriusFuenmayor,humano
SiroSuzume,humano
Sitian Liu,humano
Sitiapp,humano
Siumauricio,humano
SivaGanesh56,humano
SivanMehta,humano
SiwakornS,humano
Six6pounder,humano
Sjlver,humano
SjoenH,humano
Sjoerd van Bommel,humano
Sjors Smits,humano
Sk8114455,humano
Sk92,humano
Skagoo,humano
Skakruk,humano
Skarian,humano
Skaronator,humano
Skarvion,humano
SkeLLLa,humano
SkelatorIndy,humano
SkepticMystic,humano
SketchLagoon,humano
Skilles,humano
Sklpcc,humano
Skn0tt,humano
Skona27,humano
Skriptach,humano
SkutinAnton,humano
SkyGopnik,humano
SkyHyve,humano
Skyentific,humano
SkylarWolfLA,humano
SkylimitzDevz,humano
Slamerz,humano
Slamik,humano
Slash-495,humano
Slashgear,humano
SlavenDj,humano
Slawa Pidgorny,humano
Slawek Kolodziej,humano
SleepWalker,humano
Sleepful,humano
SleeplessByte,humano
SleeplessOne1917,humano
Sletheren,humano
SlexAxton,humano
Sloane Sturzenegger,humano
Slobodan Mišković,humano
Slowl,humano
Sls0n,humano
Sly777,humano
Sm0k367,humano
Sm1t,humano
SmallhillCZ,humano
SmartMointy,humano
SmashingQuasar,humano
Smef,humano
SmileJayden,humano
SmileSmith,humano
SmileSydney,humano
Smirow,humano
Smit Barmase,humano
Smit Mistry,humano
Smolations,humano
SmolinPavel,humano
Sn-Kinos,humano
Sn0wBiT,humano
SnailBones,humano
Snailedlt,humano
SnekCode,humano
SniperGER,humano
Snorre Eskeland Brekke,humano
Snouzy,humano
SnowFlowers,humano
SnowingFox,humano
SnowzyTech,humano
Soarex16,humano
Sobch,humano
Soberia,humano
Sobin124,humano
SoccerGee,humano
SocialBrothersDEV,humano
Socratesdhiren,humano
Sodj,humano
SoerenSilkjaer,humano
Sofiane-13,humano
SofianeDjellouli,humano
SofiuzzamanSofi,humano
Sofrosine,humano
SoftMemes,humano
Sofya Tuymedova,humano
SogdianDotNet,humano
Soham Shah,humano
Soheil Jafarnejad,humano
Soheil Nazari,humano
Soheiljafarnejad,humano
Sohibaki,humano
Soichi Takamura,humano
Sojin Park,humano
Sokichi Fujita,humano
SokichiFujita,humano
Sokratis Vidros,humano
SokratisVidros,humano
Sol Lee,humano
Solaimanx,humano
SolalDR,humano
Solarkadakiadam,humano
SolidZORO,humano
Solitaryo,humano
SollyTheCoder,humano
SoloReverse,humano
SolutionsEngineer,humano
SomervilleTom,humano
SomethingReasonable,humano
Sonam Serchan,humano
SonicCodes,humano
SonoTommy,humano
SooOverpowered,humano
SoonGwan,humano
Soonerseye,humano
Soonwoo Hong,humano
Sooraj-Baburaj,humano
SoorajChandran,humano
Sophia Willows,humano
Sophie Alpert,humano
Sora Morimoto,humano
Sorgrum,humano
Soroosh-hv,humano
SorooshGb,humano
Sosuke Suzuki,humano
Sothatsit,humano
Sotorin,humano
Soujiro17,humano
SoulPancake,humano
SoundbitesMove,humano
Soundvessel,humano
Sourav9063,humano
SouthLink,humano
Southclaws,humano
Souvikns,humano
Sovgut,humano
Sowed,humano
SoyBIMamarilo,humano
SpBhalani,humano
SpBills,humano
SpQuyt-QuocTA,humano
SpacePlushy,humano
SpadarShut,humano
SpareHeartz,humano
Sparklytical,humano
SparshGarg999,humano
Spartano,humano
Sparticuz,humano
SpasiboKojima,humano
SpecialAro,humano
Specy,humano
SpeedingRoo,humano
SpeedyCoder,humano
Spencer Elliott,humano
Spencer Zeng,humano
SpencerCDixon,humano
SpencerJung,humano
SpencerKaiser,humano
SphrGhfri,humano
SpicyPete,humano
Spikeysanju,humano
SpinBoxx,humano
Spirik,humano
Splatterxl,humano
SpokenSound,humano
Spovis,humano
Spudisis,humano
Spyrology,humano
Spyros Ioakeimidis,humano
SquallQL,humano
SquireOfSoftware,humano
Squirrelcoding,humano
SrMordred,humano
SrPatinhas,humano
SrShark,humano
Srajal1311,humano
Sravan1011,humano
Sreenivas7463,humano
Sreetam Das,humano
Sreilys,humano
SriSomanaath,humano
Srigi,humano
Sriram Thiagarajan,humano
SrivatsanVasudevan,humano
SsomsakTH,humano
St3ve89,humano
StErMi,humano
StEvUgnIn,humano
StKostyantin,humano
StadnykYura,humano
Stalex89,humano
StampixSMO,humano
Stan-RED,humano
Stan-Stani,humano
StanMihai,humano
StanRodriguez,humano
Stanislav Kozachenko,humano
Stanislav Morozevich,humano
StanislavKozachenko,humano
Stanislaw09,humano
Stankman,humano
Stanley Hong,humano
Stansbridge,humano
Stanzilla,humano
StarDust130,humano
Starefossen,humano
Starlin3r,humano
StarlinMarrero,humano
Starmania,humano
StarpTech,humano
StarryShark,humano
StarryYang,humano
Starunaway,humano
Stas-Buzunko,humano
StashOfCode,humano
StasovskiyAlexey,humano
Statfine,humano
Steamed_EGG,humano
Stef,humano
StefKors,humano
Stefan Becker,humano
Stefan Generalao,humano
Stefan Ivic,humano
Stefan Judis,humano
Stefan94V,humano
StefanJanuschke,humano
StefanMeindlDatenKraft,humano
Stefano Rainieri,humano
StefanoChiodino,humano
StefanoGagliardi,humano
StefanoLazzaroni,humano
Stefavag88,humano
SteffenLi,humano
Steffi3rd,humano
Stefwint,humano
SteliosKornelakis,humano
StepanKhvatov,humano
Steph Query,humano
StephD,humano
StephDietz,humano
StephanTransavia,humano
Stephane-Pires,humano
StephaneBischoff,humano
Stephanie Dietz,humano
Stephen Cefali,humano
Stephen Daves,humano
Stephen Gheysens,humano
Stephen Liang,humano
Stephen Mathieson,humano
Stephen McMillen,humano
Stephen Sauceda,humano
Stephen2,humano
StephenAndersonUK,humano
StephenB-24,humano
StephenGoodall,humano
StephenHogsten,humano
Steravy,humano
Steve Fan,humano
Steve Jarvis,humano
Steve Korshakov,humano
Steve-Reid,humano
StevePavlin,humano
Stevearzh,humano
Steveb599,humano
Stevemoretz,humano
Steven,humano
Steven Bell,humano
Steven Eubank,humano
Steven H,humano
Steven Kamwaza,humano
Steven Luscher,humano
Steven Primeaux,humano
Steven Sinatra,humano
Steven Tey,humano
Steven Yung,humano
Steven-Nagie,humano
StevenCreates,humano
StevenKamwaza,humano
StevenLangbroek,humano
StevenMatchett,humano
Stevenlee731,humano
Stewart86,humano
Stewcha,humano
Stig Kleppe-Jørgensen,humano
Stillonov,humano
StinsonZhao,humano
StitiFatah,humano
StockBet,humano
Stojan Dimitrovski,humano
StokleyO,humano
StoneTapeStudios,humano
Stormrunn3r,humano
Stouffi,humano
Stoyan Delev,humano
Str1ckl4nd,humano
Strandedpirate,humano
Strapazzon,humano
StrawberryChocolateFudge,humano
StreamDecker,humano
StreetGUY32,humano
Strernd,humano
Strift,humano
StringKe,humano
Stroik,humano
Stuart Keith,humano
StuartRayson,humano
Stuj1,humano
Stupidism,humano
Ståle Pettersen,humano
Subhom1,humano
SubsequentlySneeds,humano
SudeepGowda55,humano
Sudhir Mitharwal,humano
SudoDevStudio,humano
Sugarcothe,humano
Suhaib,humano
Suhaib3100,humano
SuhelMakkad,humano
SuhyeongCho,humano
SuigetsuSake1,humano
SujithPriyamRajan,humano
Sukadia,humano
Sukhpreet Singh,humano
Sukka,humano
SukkaW,humano
Sultan Tarimo,humano
Sumansourabh14,humano
Sumanth Ratna,humano
Sumit-Ks1,humano
SumitBando,humano
Sumitmaithani,humano
SunDevils0,humano
Suneil Nyamathi,humano
Sung Hah Hwang,humano
Sung Ye In,humano
SungmiKStuff,humano
Sungyun Hur,humano
Suniron,humano
SunnyXilon,humano
Sunqinying,humano
Sunrisies,humano
SunsetTechuila,humano
Sunzhuoyi,humano
Supakorn Thongtra,humano
Super-Kenil,humano
SuperJakov,humano
SuperNiceDev,humano
SuperOleg39,humano
Supernubb,humano
Supertinypeanut,humano
SupraSmooth,humano
Surav Shrestha,humano
Surebob,humano
Suresh-R-S,humano
Surfer-Alex,humano
Surm4,humano
Susannah-Parsons,humano
SushantLoop,humano
Susheel4115,humano
SushritPasupuleti,humano
SuttonJack,humano
SuvorovAndrey,humano
SvanBoxel,humano
Sveagruva,humano
SvemirskiHod,humano
Sven Anderson,humano
Sven-LI-sankyuu,humano
SvenLie,humano
SvetlioSS,humano
Svetoslav99,humano
SviatLC,humano
Svish,humano
Svisstack,humano
Svring,humano
Svyatoslav16,humano
SwarajG,humano
Swarnava Sengupta,humano
Swatantradyotis,humano
Swatinem,humano
Swatto,humano
SwethaKC1991,humano
Swiftwork,humano
SwitchBladeAK,humano
Swivelgames,humano
Swpn0neel,humano
SyMind,humano
Syammed2429,humano
Syed Basim,humano
Syed Sohail Hussain,humano
Syed Taqi Haider,humano
Syed-Umer-Ali,humano
SyedAbdullahAhmed,humano
SyedAlamdarHusain,humano
Syedhussainsaber,humano
Syhans,humano
SylRob,humano
SylarRuby,humano
Sylith1231,humano
Sylphide,humano
Sylvain Bannier,humano
Sylvain Bougerel,humano
SylvainGarrigues,humano
Sylvenas,humano
Syphini,humano
System3-2,humano
SystemDisc,humano
Systemcluster,humano
Systerr,humano
SyzBeats,humano
SzymonGalazka,humano
Sævar Berg,humano
Sébastien Dubois,humano
Sébastien Vanvelthem,humano
Ségolène Alquier,humano
Sølve Tornøe,humano
T,humano
T0MASD,humano
T10kingjames,humano
T3-T4n,humano
T833357-SPARK,humano
T99,humano
TAQ2,humano
TBytes404,humano
TCGAUD,humano
TCLJOHANT,humano
TCM-dev,humano
TCashion,humano
TCatshoek,humano
TCezarRod,humano
TH-NK-JamesAllis,humano
TH-VF,humano
THE FALCON,humano
THEWWWTHING,humano
THPubs,humano
TJBriggs,humano
TJC,humano
TKLeuPT,humano
TKOxff,humano
TLevesque,humano
TMQ,humano
TN,humano
TNSaturday,humano
TNury,humano
TRZK,humano
TSIA-SN,humano
TSM-061,humano
TTiole,humano
TWolczanski,humano
TYgen2,humano
Taarek,humano
Tabish221,humano
Tadao Iseki,humano
TadejPolajnar,humano
Tadimsky,humano
Tadynas,humano
Taehun Jeong,humano
Tage A. L. K,humano
Tagvi,humano
TahaBoulehmi,humano
TaharaKazuki,humano
Tailzip,humano
Taishi,humano
Tajmirul,humano
TakahiroHimi,humano
Takashi Sato,humano
Takumasa Sakao,humano
Tal Ater,humano
TalAter,humano
Talasan Nicholson,humano
Talbot3,humano
Talendar,humano
Talentaa,humano
Talha Zekeriya Durmuş,humano
Tam,humano
TamPhilip,humano
Tamicktom,humano
TamoMaes,humano
Tan Zi Gang,humano
TanDung2512,humano
Tanavya,humano
Tanish2002,humano
Tanixq,humano
Tanmay Laud,humano
Tantan Fu,humano
Taofeekabdulazeez,humano
Tap-Kim,humano
Tapas Kumar,humano
Tapppi,humano
Tarabyte,humano
Tarang74,humano
Taras-Dyda,humano
TarekMaza,humano
Tarektouati,humano
Tarik,humano
TariqSaiyad,humano
Tariqul Islam Tuhin,humano
TariqulislamTuhin,humano
Tarnadas,humano
Taro Shono,humano
TaroWong,humano
Tarpsvo,humano
Tasin5541,humano
Tasiobg,humano
Tasuku Uno,humano
TasukuUno,humano
TatisLois,humano
TaurusCanis,humano
TawKhoury,humano
Tawsif Haque,humano
Taxi4you,humano
TaylanTatli,humano
Taylor Bryant,humano
Taylor McGann,humano
TaylorFlynn,humano
Tayvon,humano
Tbhesswebber,humano
TeXmeijin,humano
Tea-Key1,humano
Teal Hobson-Lowther,humano
TechComet,humano
TechFeatured,humano
TechGeorgii,humano
TechManTejas,humano
TechQuery,humano
TechSynthesis,humano
TechhDan,humano
TechnoRahmon,humano
Technoash,humano
TechnologicNick,humano
Teddi_r,humano
Teddir,humano
TeemuKoivisto,humano
Teesam,humano
Tehnix,humano
Tejas Kumar,humano
TejasQ,humano
Tekiter,humano
Tekutorukushi,humano
Telegin Evgeniy,humano
TelegramUsername,humano
Temetias,humano
Temkit,humano
TemurbekRuziyev,humano
Temzasse,humano
Tenga,humano
Tenshock,humano
Tenuka22,humano
Tenzer,humano
Teo Stocco,humano
TeosVerdi,humano
Terence Bezman,humano
Tergeltengis,humano
Termina1,humano
Terro216,humano
Terry Sutton,humano
Terry Tan,humano
TerryHenrard,humano
TerryTaoYY,humano
Terrycoco,humano
TesheMaximillan,humano
Tessa,humano
Tetedeiench,humano
TetieWasTaken,humano
Tetrago,humano
Tev,humano
Tevinthuku,humano
TexLuciano,humano
TexQtic,humano
Teyik0,humano
ThaddeusJiang,humano
Thai Pangsakulyanont,humano
Thaigun,humano
Thakisis,humano
ThalysonMenezes,humano
Than-DE,humano
Thanaen,humano
Thang Vu,humano
ThangHuuVu,humano
ThanhHung2112,humano
Thanhungcuong,humano
Thanhwebdev,humano
ThanosDi,humano
ThaoD5,humano
Tharaka Abeyratne,humano
TharindaPrabhath,humano
ThatGuySam,humano
The-Code-Monkey,humano
The-End-Hero,humano
The-True-Hooha,humano
TheAIFoundry,humano
TheAbMehta,humano
TheAlexLichter,humano
TheAlmightyDada,humano
TheAmphibianX,humano
TheBaronRojo,humano
TheBinaryGuy,humano
TheBit,humano
TheBotlyNoob,humano
TheBrainOne,humano
TheBryceIsRight,humano
TheBuilderJR,humano
TheCodby,humano
TheCodeKing,humano
TheCukitoDev,humano
TheDSCPL,humano
TheDadi,humano
TheDanniCraft,humano
TheDarkArtist,humano
TheDevMinerTV,humano
TheDormouse,humano
TheDummi,humano
TheDunco,humano
TheEdoRan,humano
TheFabi8A,humano
TheFloatingString,humano
TheFullResolution,humano
TheGesticulator,humano
TheGodOfAwesome,humano
TheGreatLebowski,humano
TheHacker66,humano
TheHellTower,humano
TheHolyWaffle,humano
TheIsrael1,humano
TheJazzDev,humano
TheKenoCode,humano
TheKents0209,humano
TheLarkInn,humano
TheLexoPlexx,humano
TheMagoo73,humano
TheMatrixan,humano
TheMaxoor,humano
TheMechanic,humano
TheMikeyRoss,humano
TheMissouri,humano
TheMrZZ,humano
TheMythologist,humano
ThePatriczek,humano
ThePeterMick,humano
TheRarita,humano
TheRealBenForce,humano
TheRealByteraver,humano
TheRealMangoAPI,humano
TheRealParth,humano
TheRealSmeddy,humano
TheRobBrennan,humano
TheRobertoLab,humano
TheRodzz,humano
TheRusskiy,humano
TheScenery,humano
TheSecMaven,humano
TheSgrash,humano
TheT1ng,humano
TheThingsWithin,humano
TheThirdRace,humano
TheWalkingDad3,humano
TheWuster935,humano
TheeKia,humano
ThemePure,humano
Thenextgen1,humano
Theo,humano
Theo Browne,humano
Theo Strahlen,humano
Theo Todorov,humano
Theo-,humano
TheoKondak,humano
TheoLin1212,humano
TheoMer,humano
TheoOliveira,humano
Theodore Vorillas,humano
TheodoreRed,humano
Theonlyhamstertoh,humano
Theryston,humano
ThetripGr,humano
Thevyn,humano
ThewBear,humano
ThiLourenco,humano
Thiago M,humano
Thiago Morales,humano
ThiagoGMota,humano
Thibault,humano
Thibaut SABOT,humano
Thien Do,humano
Thierry Charbonnel,humano
Thijs Koerselman,humano
Thijs-Jan,humano
ThijsZijdel,humano
ThinkerDreamer,humano
Thinkscape,humano
This-Is-Ram,humano
This-is-Prateek,humano
ThisGuyChris,humano
ThisIsEsh,humano
ThisIsMissEm,humano
ThisIsSimmon,humano
ThisNameWasTaken,humano
Thisen,humano
Thisisjuke,humano
ThivaKochasoft,humano
Thivakar-N,humano
ThomWright,humano
Thomas Ballinger,humano
Thomas Boyt,humano
Thomas Danecker,humano
Thomas Foricher,humano
Thomas Greco,humano
Thomas Hermann,humano
Thomas Heyenbrock,humano
Thomas Jaggi,humano
Thomas Knickman,humano
Thomas Kolar,humano
Thomas Lindstrøm,humano
Thomas Marrec,humano
Thomas Marshall,humano
Thomas Preusse,humano
Thomas Schrödinger,humano
Thomas Vogel,humano
Thomas Wang,humano
Thomas-Heniart,humano
Thomas-QCD,humano
Thomas13702,humano
Thomas465xd,humano
ThomasAunvik,humano
ThomasBurgess2000,humano
ThomasK33,humano
ThomasKientz,humano
ThomasMcFarlane,humano
ThomasRettig,humano
ThomasTomanec,humano
ThomasVanleynseele,humano
Thongchai Kitiyanantawong,humano
Thor,humano
Thor 雷神,humano
Thor 雷神 Schaeff,humano
Thor-x86,humano
Thorene,humano
Thorsten Schaeff,humano
ThorstenZiller,humano
Thoushif Aazam Shaik,humano
Thuan2000,humano
ThunderMiracle,humano
Thundernight1,humano
Thuy Doan,humano
ThyeeZz,humano
Thyme0113,humano
Théo LUDWIG,humano
TiagoJeronimo,humano
TiagoSaAdvizr,humano
TiaguinhoCode,humano
Tiancheng-Xu,humano
TianenPang,humano
Tianyazz,humano
TianyiLi,humano
Tib-Gridello,humano
Tibor Szász,humano
Tibor Sándor,humano
Tibor Vukovic,humano
TidyIQ,humano
Tier1Coder,humano
Tigatok,humano
TijanaMazinjanin,humano
TikHayrumyan,humano
TikSight,humano
Tiktak-dev,humano
TilP,humano
TillHeinzel,humano
TillaTheHun0,humano
Tim,humano
Tim Afanasiev,humano
Tim Barley,humano
Tim Caswell,humano
Tim Feeley,humano
Tim Fish,humano
Tim Huff,humano
Tim Koopman,humano
Tim Lucas,humano
Tim Neutkens,humano
Tim Phillips,humano
Tim Reynolds,humano
Tim Scanlin,humano
Tim Suchanek,humano
Tim Teeling,humano
Tim White,humano
Tim de Koning,humano
Tim van de Vathorst,humano
Tim0401,humano
TimBarley,humano
TimBroddin,humano
TimFL,humano
TimMensch,humano
TimMouskhelichvili,humano
TimNZ,humano
TimPerry,humano
TimPietrusky,humano
Timer,humano
TimmNL,humano
Timmy Willison,humano
TimoWestland,humano
TimoWilhelm,humano
Timon Borter,humano
Timon Jurschitsch,humano
TimonVS,humano
Timothee-P,humano
Timothy,humano
Timothy Vernon,humano
TimothyDalbey,humano
TimotiusAnrez,humano
TimurKr,humano
Timvdv,humano
TinaSay,humano
Tineshnehete,humano
Ting-Hsiang Hsu,humano
Tiscs,humano
Tito,humano
TitoSniberb,humano
Titou325,humano
Tittoh,humano
Titus Moore,humano
TitusEfferian,humano
TkDodo,humano
Tkaixiang,humano
TmLev,humano
Tnalxmsk,humano
Tobeyforce,humano
Tobi,humano
Tobi-mmt,humano
TobiObeck,humano
Tobias,humano
Tobias Barth,humano
Tobias Järvelöv,humano
Tobias Koppers,humano
Tobias Lundgren,humano
Tobias Timm,humano
TobiasPressler,humano
TobiaszCudnik,humano
Tobikblom,humano
Tobiloba Adedeji,humano
Tobio89,humano
Tocher,humano
Todor Totev,humano
TodorTotev,humano
Tofugrass,humano
Toinane,humano
Tokenyet,humano
ToledoNicola,humano
Tolfx,humano
Tolli,humano
Tom,humano
Tom Ballinger,humano
Tom Chen,humano
Tom Coleman,humano
Tom Dohnal,humano
Tom Evans,humano
Tom Greuter,humano
Tom Lienard,humano
Tom MacWright,humano
Tom Marshall,humano
Tom Milewski,humano
Tom Moses,humano
Tom Occhino,humano
Tom Scott,humano
Tom Wieland,humano
Tom-Chang-star,humano
Tom2522,humano
Tom910,humano
TomF0x,humano
TomFreudenberg,humano
TomJD,humano
TomLaVachette,humano
TomMarius,humano
TomRoberto,humano
TomSmedley,humano
TomStrepsil,humano
TomWebbio,humano
Tomas Carnecky,humano
Tomas Cerskus,humano
Tomas Dabašinskas,humano
Tomas Fagerbekk,humano
Tomas Jansson,humano
Tomas Roos,humano
TomasCarlson,humano
TomasHubelbauer,humano
TomasLonnblad,humano
TomasSestak,humano
Tomasz Tunik,humano
TomaszChmielPagepro,humano
TomaszPietrzykowski,humano
TomaszSci,humano
TomaszWaszczyk,humano
Tomato6966,humano
Tomburgs,humano
Tomek,humano
Tomekmularczyk,humano
Tomer Aberbach,humano
TomerAberbach,humano
TomiTakussaari,humano
Tomkanovik,humano
Tommaso De Rossi,humano
TommasoAmici,humano
Tommoore96,humano
Tommy D. Rossi,humano
Tommy Ljungberg,humano
TommyDew42,humano
TommyLeong,humano
TommySorensen,humano
Tomotaka Sakuma,humano
Tomoya Kashifuku,humano
Tomoya Tanaka,humano
Tomoya0k,humano
TomppaPackage,humano
Tomáš Hapl,humano
Tomáš Witek,humano
Tongyaoyu,humano
TonsiTT,humano
Tony Kovanen,humano
Tony Spiro,humano
Tony0205,humano
Tony629,humano
TonyHYK,humano
TonyRice,humano
Tonyce,humano
Tonye Jack,humano
Tonymmm,humano
TooTallNate,humano
TooWhiteT,humano
Toolo,humano
Tooooooooon,humano
TopHatMan,humano
Topthinking,humano
Tore Lervik,humano
Torry995,humano
Torsten85,humano
TorstenSchmitz,humano
Toru Kobayashi,humano
Toseef-Ahmad,humano
Toshimichi0915,humano
Toshinaki,humano
Tosinkoa,humano
TotomInc,humano
TouchSek,humano
Towerss,humano
Townsheriff,humano
Toxiapo,humano
Toyurc,humano
TraFost,humano
TradeeHubDev,humano
Tralgar,humano
Trallp,humano
Tran Dac Anh,humano
TranquilMarmot,humano
TranscendentalRide,humano
Trapintrovert,humano
Traveller23,humano
Travis Anderson,humano
Travis Arnold,humano
TrebledJ,humano
TrebuhD,humano
TrejGun,humano
TrejoCode,humano
Trevor Burnham,humano
Trevor D. Miller,humano
Trevor Finn,humano
Trevor Sayre,humano
TrevorBurnham,humano
TrevorSayre,humano
TrevorThomp,humano
Trewqa,humano
TriPSs,humano
TriStarGod,humano
Trickster811,humano
Triluk98,humano
Triment,humano
Tristan,humano
Tro95,humano
Trollhag,humano
TrongTrinh,humano
TroyAlford,humano
TrueGeek,humano
TrueWill,humano
Trugamr,humano
TrungNV31197,humano
Truong Hoang Dung,humano
TruptiAgrawal,humano
TrustyTechSG,humano
TrySound,humano
TrySpace,humano
TrySquadDF,humano
Tryggvi Gylfason,humano
TryingToImprove,humano
Trystan Rivers,humano
Trystanr,humano
Tscausey,humano
Tsitsimelody,humano
Tsourdox,humano
Tsushima1,humano
Tuan Nguyen,humano
Tudes,humano
Tudor Comparan,humano
TudorEsan,humano
Tuizi,humano
TulmansMeubelen,humano
TunjiDev,humano
Tuno88,humano
Turadg Aleahmad,humano
Turcan Vladimir,humano
TurekBot,humano
TurkaljGoran,humano
TurniXXD,humano
Tuscan-blue,humano
Tushant,humano
Tusharbhojani,humano
TvickyPace,humano
Tvlasev,humano
Twipped,humano
TwoBrake,humano
TxHawks,humano
TxxM6,humano
Ty Hopp,humano
Ty Mick,humano
TyMick,humano
TychosDrunkElk,humano
Tyerlo,humano
Tyler Arthur,humano
Tyler Deitz,humano
Tyler Evans,humano
Tyler Lutz,humano
Tyler Sebastian,humano
TylerAPfledderer,humano
TylerJNewman,humano
TylerMills,humano
TylerNRobertson,humano
TylerP33,humano
TylerShin,humano
Tylerian,humano
Tyll Weiß,humano
Tylo-m,humano
Tymec,humano
Tymek,humano
Typhon0130,humano
TypicalBadDeveloper,humano
Tzelon,humano
TzviPM,humano
Tzxhy,humano
T•Ø•R•Ü•S,humano
U-4-E-A,humano
U-OK,humano
U-ya,humano
U3erKa,humano
UAHector,humano
UOCDanBranch,humano
UP-MDK,humano
UPSxACE,humano
UROjQ6r80p,humano
Uanela,humano
UberVero,humano
Ubinquitous,humano
Ucok23,humano
UdeshDharmarathne,humano
UditDewan,humano
UgRoss,humano
UgoRomi,humano
Ulis123,humano
UltCombo,humano
Ultharite,humano
UltiRequiem,humano
UltimateGG,humano
Umamad,humano
Umbrien,humano
UmerEdava,humano
UmerGillani36,humano
Umoh Andem,humano
UnPolinomio,humano
UnbearableBear,humano
UnbelievableT,humano
UncleBloom,humano
UncleClapton,humano
UndefinedChai,humano
UnderTheMoonspell,humano
UndyingSugimoto,humano
Uni2K,humano
UniM0cha,humano
Unicornelia,humano
Unit2795,humano
Unity-Billal-mesloub,humano
UnknownMonk,humano
UnnikrishnanBhargavakurup,humano
Unsfer,humano
Unsleeping,humano
UnsolvedCypher,humano
Untaek,humano
Untitled,humano
UnusualFrog,humano
Uny1me,humano
UpstartMPotnick,humano
Uranbold,humano
Urko Pineda,humano
UruTe4R,humano
UsamaAshraf82,humano
Usamaliaquat123,humano
Username2k1,humano
Ushlerdop,humano
Usman S. (Max Programming),humano
Usmanwasif123,humano
Ustay-coder,humano
Utkarshbhimte,humano
Utkarshn10,humano
Utwo,humano
Uy575,humano
Uzair Ali,humano
Uziniii,humano
V-iktor,humano
V01D-NULL,humano
V1RE,humano
V1shvesh,humano
VAP-Solution,humano
VAS,humano
VAndAl37,humano
VBagmut,humano
VC365,humano
VCasecnikovs,humano
VFLC,humano
VIEWVIEWVIEW,humano
VIKAS-1007,humano
VISHWAJ33T,humano
VIVEKKOYANI,humano
VMBindraban,humano
VMLuca,humano
VRSEN,humano
VSCodeLover0,humano
VSME-TEE,humano
VVildan,humano
VWSCoronaDashboard10,humano
VWSCoronaDashboard8,humano
VaDominikKienzler,humano
VacantThinker,humano
Vadim Korolik,humano
VadimCpp,humano
VadimGorbenko,humano
VadimOleynik,humano
VadimOnix,humano
VadimZP,humano
Vadman97,humano
Vadorequest,humano
Vadym Shymko,humano
VadymBoguslavsky,humano
Vadzim,humano
Vagisha Nidhi,humano
VahanBeck,humano
Vahid Hallaji,humano
Vahor,humano
Vaibhav Sharma,humano
VaibhavAcharya,humano
VaibhavKambar7,humano
Vaibhavdixit14,humano
VaidyaKautilya,humano
ValSol,humano
ValdingLapukins,humano
ValenCassa,humano
Valentin Hervieu,humano
Valentin Politov,humano
ValentinBytenskiy,humano
ValentinGurkov,humano
ValentinH,humano
ValentineStone,humano
Valentín Costa,humano
Valeri Karpov,humano
Valerioageno,humano
ValeryVerkhoturov,humano
VallabhSG,humano
VallisOctopus,humano
Vallo,humano
Valnexus,humano
VanCoding,humano
VanEldoh,humano
VanTanev,humano
VanThanh12195,humano
Vanals,humano
Vandivier,humano
Vania Kucher,humano
VaniaFed,humano
VaniaPopovic,humano
Vann-Dev,humano
Vansh1811,humano
Vansh5632,humano
VansonLeung,humano
VaporFan,humano
Varshil-B-Shah,humano
Vasiliy Vanchuk,humano
VasiliyTelyatnikovTakeda,humano
VasilyMur,humano
Vass Bence,humano
Vasu Singh,humano
Vasyl Berezovyy,humano
Vasyl-Pavlenko,humano
VatNan,humano
Vatroslav,humano
Vav4ik,humano
VayneValerius,humano
Ve2s4,humano
Veath,humano
Vector73,humano
Vedant Madane,humano
VedantMadane,humano
VedantShahi,humano
VeeeneX,humano
VegtMedia-Alex,humano
VeiaG,humano
Veldrovive,humano
Velenir,humano
VelinGeorgiev,humano
VelislavaZhelyazkova,humano
VelociRaptor,humano
Venipa,humano
VenkatakrishnanSBC,humano
VenkateshSavai,humano
Ventanas95Dev,humano
VenyaBrodetskiy,humano
VercammenJens,humano
Vercel Release Bot,bot
Vercjames,humano
VeronicaRG,humano
Veronicandemo,humano
VeronikaSergiyenko,humano
VersoriumX,humano
VertikaJain,humano
VeryCrazyDog,humano
Veshal-Maniam,humano
VesperQuartz,humano
VesterDe,humano
Vethavear,humano
Vette1123,humano
Vgurnani,humano
Vi-jay,humano
ViKi10000,humano
ViNoS-ab,humano
ViableClanMember,humano
Vibrat,humano
Vic Vijayakumar,humano
VicJerUk,humano
ViceStudio,humano
Vicente Soriano,humano
VichetN,humano
Vichp,humano
Vicidevs,humano
Victor Assis,humano
Victor Berchet,humano
Victor Borges,humano
Victor Boucher,humano
Victor Eke,humano
Victor Garcia,humano
Victor Machado,humano
Victor Mota,humano
Victor Nahuel Chaves,humano
Victor-Salomon,humano
Victor1890,humano
VictorAny,humano
VictorAssis,humano
VictorEnaud,humano
VictorGlindasPaf,humano
VictorHAS,humano
VictorHaine,humano
VictorMarcas,humano
VictorPivnenko,humano
VictorPulzz,humano
VictorVow,humano
Victordmdb,humano
VienNguyen113,humano
Vienio99,humano
Viet27th,humano
ViggoV,humano
Vignesh-M21,humano
VihaanAgarwal,humano
Viin-zx,humano
Vijayan-Murugan,humano
Vik2ry,humano
Vikingama,humano
Viktor,humano
Viktor-as,humano
ViktorQvarfordt,humano
ViktorSoroka07,humano
ViktorYermak,humano
ViktoriiaMurzhak,humano
Viktror-INC,humano
ViliamKopecky,humano
VillageR88,humano
VinSpee,humano
Vinay Puppal,humano
VinayVidhehi,humano
VinayaSathyanarayana,humano
Vince Picone,humano
Vince-vegas,humano
VinceCYLiao,humano
Vincent Cordobes,humano
Vincent Grafé,humano
Vincent Voyer,humano
Vincent-Carrier,humano
Vincent1Vincent2,humano
VincentCordobes,humano
VincentDugard,humano
VincentGillot,humano
VincentLu91,humano
Vincenteliezer,humano
Vinci Rufus,humano
Vincz,humano
Vindexus,humano
Vinicius Camargo,humano
Vinicius Pacheco Furtado,humano
ViniciusAugusto,humano
ViniciusCestarii,humano
ViniciusHack,humano
ViniciusLeviVL,humano
ViniciusLima7,humano
Vinit-fynd,humano
Vinnl,humano
Vinod-Kumar-Mehto,humano
Vinson6688-lee,humano
Vintotan,humano
ViolanteCodes,humano
ViragJain3010,humano
Viraj Jadhav,humano
VirajMishra1,humano
VirginiaBalseiro,humano
Visakeswaran,humano
Vish05,humano
Vishal Jagtap,humano
Vishnu Paduchuri,humano
Vishnu Sankar,humano
VishnubalajiAW,humano
Vishnumundlapudii,humano
Vishwajeet-Kumar-Patel,humano
Vishwaspatel2401,humano
Visnu Pitiyanuvath,humano
Vista1nik,humano
Vitali Zaidman,humano
Vitalie,humano
VitalikMelnyk,humano
Vitalini,humano
Vitaliy,humano
VitaliyInshakov,humano
VitaliyPotapov,humano
VitaliyR,humano
Vitaly Baev,humano
VitalyKrenel,humano
Vitaminaq,humano
Vito-Ethan,humano
Vitor Balocco,humano
Vitor Barbosa,humano
Vitor Capretz,humano
Vitor Dino,humano
VitorLostada,humano
VittorioMorellini,humano
VityaSchel,humano
VivaanKumar,humano
Vivalldi,humano
VivatRafa,humano
Vivek Kaushik,humano
VivekKavala,humano
VivekNeel,humano
Vk-jangid,humano
Vlad Filippov,humano
Vlad Frolov,humano
Vlad Nicula,humano
Vlad Tansky,humano
VladDubrovskis,humano
VladMarkus,humano
VladSez,humano
VladSturm,humano
Vladeek,humano
Vladik Tarasov,humano
Vladimir Bagdeev,humano
Vladimir Kryachko,humano
VladimirCharkot,humano
VladimirMikulic,humano
VladimirRubin,humano
Vladisdev,humano
VladislavFitz,humano
VladislavKorecky,humano
Vladk2,humano
Vladlen Grachev,humano
VladymyrPylypchatin,humano
VladyslavL,humano
Vojtech Miksu,humano
VojtechVidra,humano
VojtechVitek,humano
Vojteggg,humano
VoldeDoc,humano
Volker Rose,humano
Volodymyr Klymenko,humano
VolodymyrDatsiuk,humano
Voon Ming Hann,humano
Vorathep Sumetphong,humano
Vorshim92,humano
VovaChampion,humano
Vovch,humano
Voyager-Two,humano
VoytekMich,humano
VrTech,humano
VrajKD,humano
Vringe,humano
Vrq,humano
Vsevolod-Shustov,humano
Vsion,humano
Vu Van Dung,humano
VuHongAnh1997,humano
VugarAhmadov,humano
Vultraz,humano
VyMajoris,humano
Vyacheslav Konyshev,humano
Vyacheslav Matyukhin,humano
Vylda,humano
Václav Nosek,humano
Vũ Văn Dũng,humano
WCByrne,humano
WE1ZHANTA0,humano
WEN-JY,humano
WITS,humano
WKampel,humano
WMLondo,humano
WaelYoussfi,humano
Wagimo,humano
Wagner Camarao,humano
WailRoth,humano
WaldirVasquez,humano
Walidadebayo,humano
Walids35,humano
WallisMark,humano
Wang Guan,humano
WangLarry,humano
WangTao,humano
Waqas-Abbasi,humano
WaqasArshad777,humano
WarDroid23,humano
WarFiN123,humano
WardVH,humano
WarstekHUN,humano
WartClaes,humano
Wassap124,humano
Watcharakrit Phantu,humano
Wattyyy,humano
WavyWalk,humano
Wayne Warner,humano
Weakky,humano
WebAiz,humano
WebDeg-Brian,humano
WebDevGenie,humano
WebDevSimplified,humano
WebDevTrop,humano
WebPierre,humano
WebReflection,humano
Webappmaster-Eugene,humano
Webbanditten,humano
Webbrother,humano
Webdesign29,humano
Weffe,humano
Wei Zhu,humano
Wei102193,humano
WeichienHung,humano
Weipengzhou,humano
Wellers0n,humano
WenChun19,humano
WenboL,humano
WenchuanLiliZhao,humano
WendaoLee,humano
Wepa121,humano
Wes,humano
Wes Bos,humano
Wes-onetwo,humano
Wesitos,humano
Wesley Luyten,humano
Wesley Tian,humano
Wesley de Bruijn,humano
Wesley-Fernandes,humano
WesleyKapow,humano
WesleyRafaelp,humano
Weston Thayer,humano
WestonThayer,humano
WhatIsNotANoun,humano
WhiteMinds,humano
WhiteStrom,humano
WhoAteDaCake,humano
WickyNilliams,humano
WiedenhoeverD,humano
WiiAhmad,humano
Wiktor Tkaczyński,humano
Wiktoria Mielcarek,humano
Wilbert Abreu,humano
WildCharger,humano
WildChargerTV,humano
WilderDev,humano
Wildhoney,humano
Wilian-Pereira-W,humano
Will Ashe,humano
Will Binns-Smith,humano
Will Djingga,humano
Will Heslam,humano
Will Meier,humano
Will956,humano
WillCalderwood,humano
WillGarman,humano
WillPwn4Food,humano
WillSelway,humano
WillSquire,humano
WillTaylor22,humano
Willem-Jaap,humano
Willi#m ⬣,humano
Willi-m,humano
William,humano
William Bout,humano
William Duplenne,humano
William Li,humano
William Mbotta,humano
William Wilder,humano
William-Owen,humano
WilliamBlais,humano
WilliamDugdale,humano
WilliamIPark,humano
WilliamJohnDavisIII,humano
WilliamVelazquez,humano
Willian Justen,humano
Willienn,humano
WillsB3,humano
Willyham,humano
WilsonCollantesAponte,humano
WilsonKinyua,humano
WilsonPhoo,humano
WilsonPhooYK,humano
WindsorbornAdmin,humano
Winfle,humano
WingMrL,humano
WingmanImd,humano
Winme,humano
WinmezzZ,humano
WinnerfaceWF,humano
WinnersProx,humano
Winwardo,humano
WiseClock,humano
WiseMrMusa,humano
Wishrem,humano
Wisnu Wicaksono,humano
WitoAi,humano
WitoDelnat,humano
Wkasel,humano
WoLfulus,humano
WoetDev,humano
Wojciech Grzebieniowski,humano
Wojciech Maj,humano
WojciechJelen,humano
Wojtazzzz,humano
Wojtek Olek,humano
Woldbye,humano
Wolfleader101,humano
WolfyUK,humano
Wolke,humano
WolverinDEV,humano
WonderSTK,humano
WooWan,humano
Woochul Lee,humano
Woodpile37,humano
WoongE,humano
WooodHead,humano
Woosik Kim,humano
WorkAttackDev,humano
WoutGroenendijk,humano
Wouter Raateland,humano
WsCandy,humano
Wunhyeon,humano
Wyatt Fry,humano
Wyatt Johnson,humano
Wyatt-SG,humano
WynstelleID,humano
Wysihtml534,humano
X-Y,humano
X-oss-byte,humano
X7Becka,humano
XBOY,humano
XDean,humano
XEngine,humano
XHMM,humano
XNeyMo,humano
XOKP,humano
XShellv,humano
XYjourney,humano
XaFaK-01,humano
XahidEx,humano
Xairoo,humano
Xam-Mlr,humano
Xanaado,humano
Xanacas,humano
Xananax,humano
Xanonymous-GitHub,humano
XantreDev,humano
Xardasus,humano
Xariwey,humano
Xavielu,humano
Xavier Brown,humano
Xavier Coppens,humano
Xavier Haniquaut,humano
Xavier-IV,humano
Xavier59,humano
XavierGeerinck,humano
XavierJDN,humano
XavierLasierra,humano
XavierLeTohic,humano
Xavrir,humano
Xedinsey,humano
Xelaflash,humano
Xentric925,humano
Xerios,humano
Xerkus,humano
Xetera,humano
Xetoxyc,humano
Xevion,humano
Xexr,humano
XiNiHa,humano
Xiao Hanyu,humano
Xiaoyi,humano
Xin2050,humano
Xinzi Zhou,humano
XionWCFM,humano
Xiphe,humano
Xithrius,humano
XiupengMa,humano
XoL1507,humano
XolifyDev,humano
XpTo2k,humano
Xuezheng Ma,humano
Xunnamius,humano
Xvezda,humano
XxGodmoonxX,humano
XxLittleCxX,humano
Xyn19961118,humano
Xytrical,humano
Y-k-Y,humano
Y1a2s3h4,humano
Y80,humano
YCMitch,humano
YIZHUANG,humano
YK,humano
YL2014,humano
YLYS,humano
YO-SC,humano
YOSHIDA Junki,humano
YOSHIKI,humano
YSoSeriousMax,humano
YYGod0120,humano
YZ-Inspify,humano
Yagiz Nizipli,humano
Yago Veloso,humano
YagoLopez,humano
Yagogc,humano
Yahya Muhammad,humano
Yakima-Teng,humano
Yakovtam,humano
Yamagishi Kazutoshi,humano
YamatoOtaka,humano
YanBerdin,humano
Yana-Gupta,humano
YanceyOfficial,humano
Yang Feng,humano
Yang Sun,humano
Yang-Xijie,humano
YangJeffrey,humano
Yanger-Rai,humano
Yangshun Tay,humano
Yanguk,humano
Yankovsky,humano
Yann Bolliger,humano
Yann Pringault,humano
YannickB,humano
Yanquickom,humano
Yard-Daniel,humano
Yaren-IT,humano
YarivGilad,humano
Yasamato,humano
Yash Singh,humano
Yash-Ainapure,humano
Yash-Singh1,humano
Yash3443,humano
YasharSL,humano
YashasaveeKesarwani99,humano
Yashita1512,humano
YasielCabrera,humano
Yasirdora,humano
YasminCastro,humano
Yasser A.Idrissi,humano
YassinEldeeb,humano
Yasssh-bombale,humano
YauheniRohau,humano
Yavor Punchev,humano
Yaxian,humano
YazaHealth,humano
Ydvmanish12,humano
Ye Zhenrong,humano
Ye Zhu,humano
YeezyWest,humano
Yehorchik,humano
YellaGoya,humano
Yello001,humano
Yeoh Joer,humano
YeonHee,humano
YeonKyuJeon,humano
YeonhaParkCenacle,humano
Yeraldin28,humano
YerayAlonso,humano
"Yeseul, Kim",humano
YeshaS93,humano
Yeti-or,humano
Yevhen Uzhva,humano
YgorPerez,humano
Yhozen,humano
Yhprum,humano
Yichi Zhang,humano
YichiZ,humano
Yihao-G,humano
Yiming Cao,humano
YimingIsCOLD,humano
Yimiprod,humano
Yishay Hazan,humano
YisusMB,humano
Yixuan Xu,humano
Yizhachok,humano
Yiğithan,humano
Ykauji,humano
Ymir,humano
Ymirke,humano
YoFoon,humano
YoLoADR,humano
Yoann Moinet,humano
YoannBuzenet,humano
YodaheaD,humano
YogPanjarale,humano
Yogendra0Sharma,humano
Yogeshthangm,humano
Yohann MARTZOLFF,humano
Yohannfra,humano
Yohei Tsubuku,humano
Yoinky3000,humano
Yolo390,humano
Yomi Ikuru,humano
Yomyer,humano
Yonben,humano
Yondo202,humano
Yonet,humano
Yongho Lee,humano
Yongjun Park,humano
YoniChechik,humano
Yonom,humano
YooLCD,humano
Yoomin233,humano
Yordis Prieto,humano
Yorkshireman,humano
Yosef Beder,humano
Yoshie2000,humano
Yossi Spektor,humano
Yosuke Furukawa,humano
You Nguyen,humano
YouJun-IWON,humano
YoucefAllaoua,humano
Youjg25,humano
Youkyoung.Park,humano
YoungElPaso,humano
YoungMahesh,humano
Younghoo Kim,humano
Youngseop Bae,humano
Yousef Dawood,humano
YousefED,humano
YousefHadder,humano
YousefMohsen,humano
Youssef-Durgham,humano
YoussefKababe,humano
YoussefMansour9,humano
Yovach,humano
Yrobot,humano
Yrsafam,humano
Yu Watanabe,humano
Yubin,humano
YudaAdiPratama,humano
Yudai Oriver K,humano
Yuddomack,humano
Yue-plus,humano
YufJi,humano
Yufeng Xiang,humano
YugandharrPatil,humano
Yugloocamai,humano
Yuhei Yasuda,humano
YuichiroFukushi,humano
Yuiffy,humano
Yuji Kinjo,humano
Yuji Matsumoto,humano
Yuji Sugiura,humano
Yuki Takemoto,humano
YukiKitagata,humano
YukiOnishi1129,humano
Yukigamine,humano
Yukioru,humano
Yuko Murayama,humano
YuliiaKavytska,humano
Yumee-Dev,humano
Yunfei He,humano
Yuniac,humano
YunosukeY,humano
YunosukeYoshino,humano
Yuns,humano
Yunus Szönyi,humano
YuraKostin,humano
Yurchih,humano
Yuri,humano
Yuri Yakovlev,humano
Yuri van Geffen,humano
YuriBrunetto,humano
YuriFontella,humano
YuriGor,humano
Yuripetusko,humano
Yusril A,humano
Yusuke Hayashi,humano
YutaMoriJP,humano
Yuto Yoshino,humano
Yutsuten,humano
Yuval Lotem,humano
Yuvanjar,humano
YuzuZensai,humano
YvesRijckaert,humano
Yvres-Vreucheu,humano
Yxliam,humano
Yyash64,humano
Yzrsah,humano
Z2Y,humano
ZAHHAR-ISMAIL,humano
ZCY-G,humano
ZGFuZHk100,humano
ZHENGFANNN,humano
ZIPBAJT,humano
ZLevine,humano
ZOMGodzilla,humano
ZYSzys,humano
Zach Bialecki,humano
Zach Bloomquist,humano
Zach Brown,humano
Zach Curtis,humano
Zach Hawtof,humano
Zach Jaensch,humano
Zach Waterfield,humano
Zach-Jaensch,humano
ZachLegros,humano
ZacharyBear,humano
Zack Jackson,humano
Zack Krida,humano
Zack Sheppard,humano
Zack Tanner,humano
Zackyy1,humano
Zafor Abdullah,humano
ZaforAbdullah,humano
Zagorodnyi,humano
ZahirAndres,humano
Zaiban,humano
Zaid-maker,humano
Zain Fathoni,humano
Zain-ul-din,humano
ZakFahey,humano
ZakariaBenali,humano
ZakariaRek,humano
Zakariaels,humano
ZakharPilipenko,humano
Zakisb,humano
Zamil00,humano
Zana Abdi,humano
Zane Bauman,humano
Zane Chua,humano
Zane Milakovic,humano
Zangetsu101,humano
Zanzofily,humano
Zaprovic,humano
ZarkoPernar,humano
Zaruike,humano
ZauJulio,humano
Zauberfisch,humano
Zaynex,humano
Zazell,humano
Zazzik1,humano
Zcehtro,humano
Zebak2021,humano
ZebraFlesh,humano
Zeeshan Ahmad,humano
Zeeshan Ali,humano
ZeeshanAhmadKhalil,humano
ZeeshanTamboli,humano
ZeeshanX4,humano
Zefty,humano
Zegoverno,humano
ZehuaZhang,humano
Zeki,humano
Zeki Can Ekşi,humano
Zeko369,humano
Zellerich,humano
ZelphirKaltstahl,humano
Zelys-DFKH,humano
Zemnmez,humano
Zen-cronic,humano
Zenb0t,humano
Zeno Rocha,humano
ZephyrBlu,humano
Zerebokep,humano
ZeroCho,humano
ZeroThe2nd,humano
ZeroWave022,humano
Zerquix18,humano
Zertsov,humano
Zertz,humano
ZhYGuoL,humano
Zhang Zhi,humano
Zhao,humano
ZhaoColo,humano
Zhaph,humano
Zharkan,humano
Zhe Zhang,humano
Zheaoli,humano
Zhekazt,humano
Zhelyazko,humano
Zhencha0Cai,humano
ZhengRui,humano
ZhengYuTay,humano
Zhincore,humano
ZhouYinLong-lab,humano
ZhukovLabs,humano
ZiBuDo,humano
ZigZagT,humano
Zihua Wu,humano
Ziker22,humano
Ziltosh,humano
ZimnitskiYury,humano
Zinnavoy,humano
ZinoKader,humano
Zion-AppDev,humano
Ziothh,humano
Ziya Fenn,humano
Zizico2,humano
ZlashyHK,humano
Zmingg,humano
Zn4rK,humano
Zoe-Bot,humano
ZoeLeee,humano
Zoey-uiux,humano
Zohaib8090,humano
Zoltan Kochan,humano
Zonalds,humano
ZoomAll,humano
Zoomulator,humano
ZorikovPasha,humano
Zorn,humano
ZowWeb,humano
ZuBB,humano
Zubayer94,humano
Zuckjet,humano
Zukhriddinbek-Code,humano
Zulaxy,humano
Zvanderschyff,humano
Zycon42,humano
Zyzle,humano
Zzzccs123,humano
a-axton,humano
a-barbieri,humano
a-bugaj,humano
a-corsini,humano
a-ferraro007,humano
a-giuliano,humano
a-hyssopus,humano
a-k-kord,humano
a-kon,humano
a-marcel,humano
a-matson,humano
a-mkh,humano
a-r-db,humano
a-ramakrishnan,humano
a-rebets,humano
a-rustacean,humano
a-s-f,humano
a-salimkhanov,humano
a-short-dev,humano
a-tokyo,humano
a-trost,humano
a-ursino,humano
a0m0rajab,humano
a14m,humano
a20000110,humano
a3957273,humano
a3gh,humano
a3har,humano
a463,humano
a4amado,humano
a4lmamun,humano
a4og5n,humano
a6091731,humano
a6software,humano
a88zach,humano
a89529294,humano
a9a4k,humano
a9ex,humano
aFINKndreas,humano
aFarkas,humano
aFendell,humano
aKarpovX100,humano
aMoniker,humano
aNNdii,humano
aNyMoRe0505,humano
aXenDeveloper,humano
aaRitsch,humano
aaahrens,humano
aaakul,humano
aaalfo2,humano
aaawtest,humano
aaazureee,humano
aabassiouni,humano
aabeborn,humano
aabedraba,humano
aabrapp,humano
aabuhijleh,humano
aacoelho,humano
aacoimbra,humano
aacosta11,humano
aadamsx,humano
aadarsh-nagrath,humano
aadelgrossi,humano
aadilghani1,humano
aaditmshah,humano
aaditmshah-commversion,humano
aadityannn,humano
aafnnp,humano
aagwali,humano
aak1247,humano
aakagi,humano
aakash-env,humano
aakashbapna,humano
aakashcp,humano
aakashpahuja-bst,humano
aakbarpour,humano
aakrem,humano
aaldrich,humano
aalfiann,humano
aalises,humano
aalvarado,humano
aamancio,humano
aamikus,humano
aamorozov,humano
aanderson6161,humano
aandriamanga,humano
aangindra,humano
aapav01,humano
aapolaakkio,humano
aar0npal,humano
aarajbhattarai,humano
aaranmcguire,humano
aarashs,humano
aarint,humano
aarnadlr,humano
aaron5670,humano
aaronbrown-vercel,humano
aaroncase86,humano
aaronfulkerson,humano
aarongervais,humano
aaronhawkey,humano
aaronjensen,humano
aaronjosephbrown,humano
aaronkchsu,humano
aaronlin0122,humano
aaronmbos,humano
aaronmcadam,humano
aaronmhargrove,humano
aaronpurewal,humano
aaronshaf,humano
aaronsmulktis,humano
aaronsweeneyweb,humano
aaronvg,humano
aaronzhongg,humano
aaschlote,humano
aashish-cd,humano
aashish-dhiman,humano
aashish-nttdata,humano
aashu16,humano
aasili-shoprunner,humano
aasim782,humano
aastopher,humano
aausch,humano
aawnu,humano
aayank13,humano
aayman997,humano
aayushsharma-io,humano
aayushuipath,humano
aazarkhish,humano
ab70,humano
abLyn,humano
ababol,humano
ababushkin,humano
abachuk,humano
abakan26,humano
abaksha-sc,humano
abalmus,humano
abaracedo,humano
abarnwell,humano
abathellier,humano
abathz,humano
abayomi185,humano
abbaspuzi,humano
abbathaw,humano
abbaty48,humano
abcd-ca,humano
abcdefghijorngarbosaxyz,humano
abcdefghiraj,humano
abchugh,humano
abdallah akrab,humano
abdallah-nour,humano
abdallahelmadi,humano
abdelinh0,humano
abdelkadersettah,humano
abdelkrimdjerrah,humano
abdelmomen1985,humano
abdelrahmanAbouelkheir,humano
abdelrahmanbaher1,humano
abdelrahmantoptal,humano
abdelrhman-adel,humano
abdennor,humano
abdessamadely,humano
abdlrhm6,humano
abdofariss,humano
abdofola,humano
abdolian,humano
abdolrhman,humano
abdonrd,humano
abdooo097,humano
abdorabee,humano
abdoufaci,humano
abdoufma,humano
abdtriedcoding,humano
abdul-rahman-0x,humano
abdulazeezoj,humano
abdulghani,humano
abdulhadi1995,humano
abdulhaseeb-com,humano
abdulhdr1,humano
abdulhussain156,humano
abdulimr,humano
abdulkareemolumoh,humano
abdullah-dev11,humano
abdullah-hallaq,humano
abdullahgira,humano
abdullahmujahidali,humano
abdullahprogrammerweb,humano
abdullahzt,humano
abdulmahamaliyev,humano
abdulmansour,humano
abdulmatinshah,humano
abdulrauf11,humano
abdulsalamcodes,humano
abdulsamad-wq,humano
abdulsamadayoade,humano
abdulwahabahmedkhanyusufzai,humano
abduraufsherkulov,humano
abduznik,humano
abe1272001,humano
abeaclark,humano
abeauchemin-planned,humano
abedshaaban,humano
abel-officener,humano
abelbaek,humano
abelovic,humano
abelta,humano
abencun-symphony,humano
abenhamdine,humano
abeninski,humano
abepuentes,humano
aberba,humano
abergenw,humano
abernier,humano
aberoham,humano
abetoots,humano
abflett,humano
abhay-deepsync,humano
abhaychebium,humano
abhi12299,humano
abhi2425,humano
abhibhaw,humano
abhic91,humano
abhie-sheik,humano
abhijeet-ixr,humano
abhijeetdhope,humano
abhijeetnardele24-hash,humano
abhijit-hota,humano
abhijit945,humano
abhijithp05,humano
abhijithvijayan,humano
abhik-b,humano
abhikumar22,humano
abhilashlr7,humano
abhimanyuPatil,humano
abhinav-anshul,humano
abhinavkumar1203,humano
abhinavkumar940,humano
abhinavnigam2207,humano
abhinay-springy,humano
abhinayar,humano
abhinaypandey02,humano
abhinayts,humano
abhisharkjangir,humano
abhishe-k-tech,humano
abhishek-kumar-91,humano
abhishek1810,humano
abhishek2393,humano
abhishekasana,humano
abhishekchoure,humano
abhishekdev,humano
abhishekj,humano
abhishekjakhar,humano
abhishekkapoorx,humano
abhishekkovuri,humano
abhishekkovuritw,humano
abhishekmardiya,humano
abhishekpandeykr,humano
abhishekpatilnet,humano
abhiya492,humano
abhiyadav05,humano
abhiyandhakal,humano
abhushanaj,humano
abhyudayasrinet,humano
abidraza5594,humano
abilal82,humano
abindent,humano
abineetds,humano
abir-taheer,humano
abiriadev,humano
abiswas529,humano
abitrolly,humano
abkfenris,humano
ablax,humano
ablbol,humano
abnersajr,humano
abnersn,humano
abnersouza,humano
abnerwang06,humano
abnud11,humano
aboda1986,humano
abolfazlNik,humano
abolfazle79,humano
abominab,humano
aboqasem,humano
abotsi,humano
abourdin,humano
abouthalf,humano
aboutjquery,humano
aboveyunhai,humano
abrahamgalue,humano
abrahamgr,humano
abramofranchetti,humano
abranaf,humano
abraxxas,humano
abriginets,humano
absolutegravitas,humano
abstracthat,humano
abstractpoint,humano
abstractvector,humano
abuinitski,humano
abumalick,humano
abumostafa,humano
abusada,humano
abusarah-tech,humano
abuu-u,humano
abuziyaadawajeeh,humano
abvthecity,humano
abyii,humano
abyssparanoia,humano
acabreragnz,humano
acalinica,humano
acalvino4,humano
acamarata,humano
acandret,humano
acanimal,humano
acao,humano
acarlson33,humano
acatzk,humano
acbisha,humano
acburdine,humano
acc-nicholas,humano
accforgit,humano
accountunavaible,humano
acd02,humano
acdlite,humano
acdoussan,humano
ace130-github,humano
acehead,humano
aceisScope,humano
acessos-blacklegacy,humano
acfasj,humano
acha5066,humano
achainarong,humano
achandansoni,humano
acharlop,humano
achenPDFTron,humano
achievecreative,humano
achimkoellner,humano
achrinza,humano
achrizal15,humano
achtan,humano
achton,humano
acidfernando,humano
acifani,humano
aciulpan,humano
acjay,humano
ackledotdev,humano
ackoppel,humano
ackoppel-opus,humano
ackshaey,humano
ackvanity,humano
ackvf,humano
aclawers,humano
acoiro,humano
acojuli,humano
acomanescu,humano
acomito,humano
acontreras89,humano
acorcutt,humano
acro5piano,humano
acrognale,humano
acrylix,humano
activemonkeys,humano
activenode,humano
actopas,humano
actraiser,humano
acusti,humano
aczekajski,humano
ad-itya07,humano
ad-manish,humano
ad5jo,humano
adabriand,humano
adahl5,humano
adailey14,humano
adalinesimonian,humano
adam-beck,humano
adam-cowley,humano
adam-foster,humano
adam-messinger,humano
adam-rocska,humano
adam-zacharski,humano
adam187,humano
adamIncep,humano
adamalston,humano
adamayres,humano
adambarito,humano
adamcanray,humano
adamchipperfield,humano
adamcooper1386,humano
adamczykm,humano
adamdotdevin,humano
adamduncan,humano
adamerose,humano
adamfortuna,humano
adamghowiba,humano
adamgoth,humano
adamhalesworth,humano
adamhathcock,humano
adamhazon,humano
adamhenson,humano
adamhodson,humano
adamiku,humano
adamjakab,humano
adamjarling,humano
adamjdavies,humano
adamjmcgrath,humano
adamjstevens,humano
adamjv90,humano
adamjw3,humano
adamk33n3r,humano
adamkirkwood,humano
adamkleingit,humano
adamknapp124,humano
adammartiniri,humano
adammockor,humano
adamrhunter,humano
adamrights,humano
adamrneary,humano
adamsniegon,humano
adamsoderstrom,humano
adamsoffer,humano
adamsullovey,humano
adamszeptycki,humano
adamth,humano
adamthewan,humano
adamwathan,humano
adamwatters,humano
adamwebster,humano
adamyonk,humano
adaniels-wc,humano
adanperez,humano
adardesign,humano
adarnon,humano
adarsh-drishya,humano
adarsh-gupta101,humano
adarshaacharya,humano
adarshbyte,humano
adarshsingh1407,humano
adascal,humano
adavia,humano
adboio,humano
adbutterfield,humano
adcichowski,humano
addisonElliott,humano
addlistener,humano
addrummond,humano
addsac,humano
addy-pathania,humano
addy419,humano
addyosmani,humano
adebiyial,humano
adedaniel,humano
adeelrehmancs,humano
adekbadek,humano
adel0559,humano
adelegard,humano
adelindanaila,humano
adelowo,humano
adelrodriguez,humano
adeludedperson,humano
adem74,humano
ademilter,humano
ademkilinc,humano
adenekan41,humano
adentranter,humano
adesugbaa,humano
adgang,humano
adgsenpai,humano
adhamfayrouzamf,humano
adherb,humano
adhhamsafwan,humano
adhirajsinghchauhan,humano
adhityanadooli,humano
adianzavis,humano
adiathasan,humano
adibas03,humano
adictonator,humano
adidoes,humano
adielbm,humano
adifdwimaulana,humano
adiguno,humano
adikari,humano
adil-hublo,humano
adil-waqar,humano
adilansari,humano
adilapapaya,humano
adileo,humano
adiletelf,humano
adilmohak,humano
adilrhyder,humano
adiologydev,humano
adiron,humano
adisak1618,humano
adisaktijrs,humano
adisonmasih,humano
adit-shah-devrev,humano
adithep,humano
adithwip,humano
adithya-naik,humano
adithyaakrishna,humano
adithyapaib,humano
aditiopangestu,humano
aditya-axa,humano
aditya063,humano
aditya305,humano
adityadafe,humano
adityagiri3600,humano
adityamandal-Developer,humano
adityamatt,humano
adityaoberai,humano
adityapatadia,humano
adityar15,humano
adityarao04,humano
adityareddy-dev,humano
adityasaxena,humano
adjieguntoro-dev,humano
adjoaEdwin,humano
adjsky,humano
adk96r,humano
adlite,humano
adlk,humano
adlrwbr,humano
admapop,humano
admin-navigaite,humano
admin1douyin,humano
adminha,humano
admmasters,humano
admons,humano
adnan-smlatic,humano
adnanfajlur,humano
adnanyangilic,humano
adneforslund,humano
adnenre,humano
adobayua-rpay,humano
adocomplete,humano
adogg43,humano
adomaskizogian,humano
adonig,humano
adoprog,humano
adostal,humano
adpadillar,humano
adr-x,humano
adrai,humano
adrenaline681,humano
adrhardtke,humano
adri,humano
adri1wald,humano
adri326,humano
adrian acosta,humano
adrian-byborg,humano
adrian-cytrix,humano
adrian-d-hidalgo,humano
adrian-faustino,humano
adrian-goe,humano
adrian-marcelo-gallardo,humano
adrianbienias,humano
adrianbw,humano
adriancmiranda,humano
adriancooney,humano
adriancuadrado,humano
adriandelgado,humano
adriandelgg,humano
adriandlam,humano
adriandmitroca,humano
adrianescat,humano
adriangalilea,humano
adriangzz,humano
adrianhRV,humano
adrianha,humano
adrianhajdin,humano
adriankwiat,humano
adrianleb,humano
adrianmcli,humano
adrianmg,humano
adrianmiles,humano
adriano-tirloni,humano
adrianog3,humano
adrianogf,humano
adrianomolin,humano
adrianos10,humano
adrianosmond,humano
adrianoted,humano
adrianpacala,humano
adrianthedev,humano
adrien1018,humano
adrienbaron,humano
adrienharnay,humano
adrienrn,humano
adrimonasterios,humano
adrivelasco,humano
adrocodes,humano
adroste,humano
adshodgson,humano
adsingh14,humano
adspacheco,humano
adueck,humano
adultswing,humano
advaith1,humano
advaiyalad,humano
advancingu,humano
advantiot,humano
advany,humano
advdv,humano
advename,humano
adventuresEnglish,humano
adventurini,humano
adwd,humano
adxmcollins,humano
adxxtya,humano
adyfk,humano
adymo,humano
adzcai,humano
ae-mhd,humano
aecorredor,humano
aedit,humano
aeejaz,humano
aegir-corivo,humano
aejmcclelland,humano
aek-innonova,humano
aeksco,humano
aelassas,humano
aelew,humano
aelfannir,humano
aelsaman,humano
aem-son,humano
aemehdi,humano
aemoe,humano
aendel,humano
aendra-rininsland,humano
aeneasr,humano
aengl,humano
aerinkim,humano
aerott,humano
aeruhxi,humano
aeskildsen,humano
aesop1,humano
aesopwolf,humano
aestheticsdata,humano
aesthytik,humano
aetherplex,humano
aethiss,humano
af-lozano,humano
af-sko,humano
afages,humano
afalco103,humano
afaqahmedkhan,humano
afarmerdev,humano
afatoga,humano
afbarbaro,humano
afc163,humano
afenton90,humano
afewyards,humano
affanshahid,humano
afflicted-cat,humano
afganhalbana,humano
afgomez,humano
aficus11,humano
afief,humano
afiiif,humano
afitterling,humano
afkhalid,humano
aflekkas,humano
afonsojramos,humano
afonsomatos,humano
afrancht,humano
afraser,humano
afreemanio,humano
afriadishariff-lab,humano
afridley,humano
afrinxnahar,humano
afsalkhanmdt,humano
afsanefda,humano
afsanefdaa,humano
afterburn,humano
afu-codemonday,humano
afuggini,humano
afurm,humano
afzaalahmad,humano
afzalsayed96,humano
afzalzbr,humano
aga5tya,humano
agadzik,humano
agallio,humano
agamm,humano
aganglada,humano
agarwalrahul2702,humano
agarwalrounak,humano
agatapst,humano
agauyeung,humano
agavrilov76,humano
agconti,humano
agcrisbp,humano
agcty,humano
agektmr,humano
agency-digital-marketing,humano
agentHits,humano
agerard-godaddy,humano
aghamohammadi,humano
aghazani,humano
aghoneim92,humano
aghuddleston,humano
agilgur5,humano
agilido,humano
agilityhawk,humano
agilmore,humano
agilxpgeoffrey,humano
agingaRichard,humano
agionfriddo,humano
agleymelo,humano
agmitron,humano
agmm,humano
agneliutkiene,humano
agnese-kerubina,humano
agoe,humano
agomesd,humano
agos,humano
agostinhocfp,humano
agrattan0820,humano
agrawalsourav98,humano
agreatfool,humano
agreloe,humano
agriboz,humano
agriffis,humano
agrohs,humano
agsimfzi,humano
agsola,humano
agstover,humano
aguidis,humano
aguilarm,humano
aguillen-osp,humano
agungkes,humano
agurtovoy,humano
agurumurthy96,humano
aguscorvo,humano
agussetyar,humano
agusterodin,humano
agustif,humano
agustints,humano
agustinusnathaniel,humano
agustrinaldokurniawan,humano
aguvai,humano
agvisorpro-ro,humano
agwermann,humano
agyarmati,humano
ah100101,humano
aha-kid,humano
ahabhgk,humano
ahadsts9901,humano
ahakem,humano
ahalaburda,humano
ahalimkara,humano
ahamedfazil,humano
ahammer-sc,humano
ahaniran,humano
ahaoboy,humano
ahenriksen-inferno,humano
ahfoysal,humano
ahfuckit,humano
ahhshm,humano
ahinrichs,humano
ahkhanjani,humano
ahmad5149,humano
ahmadalfy,humano
ahmadali7,humano
ahmadawais,humano
ahmadbilaldev,humano
ahmadi-akbar,humano
ahmadjoya,humano
ahmadyusufcodes,humano
ahmafi,humano
ahmashadani,humano
ahmdadl,humano
ahmed osama,humano
ahmed-abdelfata7,humano
ahmed-rafiullah,humano
ahmed0saber,humano
ahmed27037,humano
ahmed33033,humano
ahmedB7r,humano
ahmedamer-74,humano
ahmedbzubairu,humano
ahmedelbougha,humano
ahmedfaical,humano
ahmedhussainmv,humano
ahmedkhabar,humano
ahmedmusawir,humano
ahmedosama5200,humano
ahmedosama7450,humano
ahmedosama74574,humano
ahmedraza11,humano
ahmedrowaihi,humano
ahmedsweng,humano
ahmedu007,humano
ahmedyounes,humano
ahmet8282,humano
ahmetcetin,humano
ahmetkca,humano
ahmetuysal,humano
ahmoin,humano
ahmouse15,humano
ahnkee,humano
ahnv,humano
ahollenbach,humano
ahomu,humano
ahoward,humano
ahrbil,humano
ahsan-mirza,humano
ahsankhan201010,humano
ahtashamabbasse,humano
ahtishamshahzad,humano
ahudecz,humano
ahujaankit287,humano
ahupp,humano
ahutchings,humano
ahuth,humano
ahxar,humano
ai,humano
aibrahim3546,humano
aickin,humano
aidan-rypens,humano
aidankinzett,humano
aidankmcalister,humano
aidanrob12,humano
aidenlx,humano
aidenybai,humano
aidev0007,humano
aifrim,humano
aiherrera,humano
aiji42,humano
ailadas,humano
aimeefe,humano
aimeelaplant,humano
aimehai,humano
aimless123,humano
aimryoui,humano
aindong,humano
ainsleyrutterford,humano
aipages,humano
aippili-asp,humano
aiqbalsyah,humano
airamrguez,humano
airdrop6161,humano
airhorns,humano
airqb,humano
airtonix,humano
aisakeniudun,humano
aitdahane,humano
aitorllj93,humano
aiwbend,humano
aiwilliams,humano
aiwiss,humano
aixegorri,humano
aizerin,humano
aizkhaj,humano
aj-2000,humano
ajacksified,humano
ajames14-chwy,humano
ajaxbo360,humano
ajay-develops,humano
ajaybandi14,humano
ajayjaggi97,humano
ajaykarthikr,humano
ajaykrathod,humano
ajaykumareminence,humano
ajaymahadeven,humano
ajaymore,humano
ajayraho,humano
ajaysinghj8,humano
ajaysinghpanwar2002,humano
ajayvignesh01,humano
ajaz-thiscar,humano
ajbouh,humano
ajcrews,humano
ajdiyassin,humano
ajguyot,humano
ajhanus,humano
ajhool,humano
ajhyndman,humano
ajihyf,humano
ajin-iqness,humano
ajiohjesse,humano
ajitzero,humano
ajjack50n,humano
ajlborges,humano
ajliv,humano
ajmeraaxesh,humano
ajmhyd,humano
ajmnz,humano
ajnart,humano
ajomuch92,humano
ajones55555,humano
ajoslin,humano
ajoslin103,humano
ajouve,humano
ajpocus,humano
ajrussellaudio,humano
ajsharp,humano
ajstrongdev,humano
ajturpei,humano
ajvazajadrian,humano
ajvincent,humano
ajw725,humano
ajwaaholding,humano
ajwootto,humano
ajworkos,humano
ajz003,humano
akaSybe,humano
akabarki76,humano
akachicon,humano
akadop,humano
akagire,humano
akamfoad,humano
akangaziz,humano
akarabach,humano
akarsh-k,humano
akasakakona,humano
akash-dabhi-qed,humano
akash-joshi,humano
akash-mahmud,humano
akash-masih-1,humano
akash2991,humano
akash3444,humano
akash942,humano
akashKarmakar02,humano
akashdeep-sharechat,humano
akashlama98,humano
akashzcoder,humano
akasuv,humano
akawalsky,humano
akayavanade,humano
akazwz,humano
akbarsaputrait,humano
akbng,humano
akbortoli,humano
akbulatesra,humano
akd-io,humano
akdombrowski,humano
akeamc,humano
akeelm,humano
akegvd,humano
akellbl4,humano
akfish,humano
akfm,humano
akhdefault,humano
akhil-gautam,humano
akhil-naidu,humano
akhil-p-git,humano
akhila-ariyachandra,humano
akhilpamwani,humano
akhilsugunan77,humano
akhlaq-ali-work,humano
akhmadqasim,humano
akhrarovsaid,humano
aki7570,humano
akichula,humano
akigugale,humano
akileshjayakumar,humano
akiran,humano
akiszka,humano
akjadhav,humano
akkadaska,humano
akku750156,humano
akmaluddin,humano
akmil,humano
akmtagline,humano
aknrdureegaesr,humano
ako-v,humano
akodkod,humano
akolevutd,humano
akolybelnikov,humano
akomm,humano
akorchyn,humano
akotlar,humano
akr4,humano
akrabdev,humano
akramabdulrahman,humano
akselinurmio,humano
akselipalmer,humano
akshaaatt,humano
akshat157,humano
akshatmittal,humano
akshatsinha0,humano
akshay2739,humano
akshayjai1,humano
akshayka,humano
akshaynox,humano
akshayravikumar,humano
akshaysura,humano
akshit-mdr,humano
akshitkrnagpal,humano
akshitsinha,humano
aksjer,humano
aksman-dev,humano
aksperiod,humano
aksxaay,humano
akteigland,humano
aktoriukas,humano
aktxyz,humano
akulabs8,humano
akumajoe,humano
akwirick,humano
akylkb,humano
al-tron,humano
al3xnag,humano
al6x,humano
alDuncanson,humano
ala-garbaa-pro,humano
alaadahmed,humano
alaahammam,humano
alabhyajindal,humano
alabobriggs,humano
alacatos,humano
aladinflux,humano
alain90anton,humano
alaindeurveilher,humano
alaingoga,humano
alainkaiser,humano
alamenai,humano
alaminut,humano
alamit,humano
alan-arguello,humano
alan-lee-12,humano
alan-ws,humano
alan2207,humano
alan345,humano
aland-sleman,humano
alangenfeld,humano
alanh511,humano
alanhamlett,humano
alanhr,humano
alanjonesa4,humano
alankent,humano
alanluigi,humano
alanlupsha,humano
alanmoyano,humano
alanocoder,humano
alanrauzier,humano
alanshortis,humano
alanshutko,humano
alantoa,humano
alanxp,humano
alarbada,humano
alarcndaniela,humano
alastrat,humano
alavkx,humano
alawein,humano
albbus-stack,humano
albcunha,humano
alberduris,humano
albersola,humano
albert-dev1,humano
albert-kovalevskij,humano
albert4719,humano
albertbronsky,humano
albertdugba,humano
albertincx,humano
albertkawmi,humano
albertkimdev,humano
albertlieyingadrian,humano
albertocubeddu,humano
albertodeago,humano
albertothedev,humano
albertpurnama,humano
albin-baby-2002,humano
albinekb,humano
albingroen,humano
albreax,humano
albrtkinn,humano
alc0034,humano
alcal1994,humano
alchem7st,humano
alchui,humano
alcidesbsilvaneto,humano
alcpereira,humano
aldabil21,humano
aldairandre,humano
aldendaniels,humano
aldenquimby,humano
aldinokemal,humano
aldoprogrammer,humano
aldosch,humano
aldrichdev,humano
ale-grosselle,humano
alebelcor,humano
alecaserez,humano
aleccool213,humano
alecdewitz,humano
alecf,humano
aleciavogel,humano
alecla,humano
aleclarson,humano
alecmev,humano
alecrae,humano
alecwhittington,humano
aleczratiu,humano
aledovskikh,humano
aleehedl,humano
aleewains,humano
alefcarlos,humano
alehatsman,humano
alejalapeno,humano
alejandro28100,humano
alejandrodev-vn,humano
alejandrojsn,humano
alejandronanez,humano
alejogs4,humano
alejomendoza,humano
alejotoro-o,humano
alek-cherkashyn,humano
aleks-devel,humano
aleksFedotov,humano
aleksa-codes,humano
aleksanderd,humano
aleksanderkaminski,humano
aleksandr-makarov-dev,humano
aleksandrio,humano
aleksandrjet,humano
aleksandrmaksimovic,humano
aleksei-stukalov,humano
aleksgribko,humano
aleksijohansson,humano
alekskorovin,humano
alekslario,humano
alenart91,humano
alepacheco,humano
aleporf,humano
alerg,humano
alesanchezr,humano
alesbencina,humano
alesoto13,humano
alessandro-accattoli,humano
alessandro-aglietti,humano
alessandro-r-amos,humano
alessandrojcm,humano
alessandrovarela,humano
alessbell,humano
alessio-zamparelli,humano
alessiofrittoli,humano
alessiogmonti,humano
alessiomaffeis,humano
alevosia,humano
alex newman,humano
alex-4ed5ec60d,humano
alex-ception,humano
alex-costea,humano
alex-di,humano
alex-drocks,humano
alex-frx,humano
alex-grover,humano
alex-ketch,humano
alex-kinokon,humano
alex-knyazev,humano
alex-krasikau,humano
alex-marinov,humano
alex-mj-diff,humano
alex-on-ai,humano
alex-page,humano
alex-piccione,humano
alex-polunochev-zz,humano
alex-pominov,humano
alex-r89,humano
alex-ragin,humano
alex-safian,humano
alex-serrada,humano
alex-sherwin,humano
alex-star-gh,humano
alex-statsig,humano
alex-way,humano
alex-windett,humano
alex067,humano
alex289,humano
alex3ax,humano
alexBaizeau,humano
alexLopatin,humano
alexOS-dev,humano
alexRicc2,humano
alexTayanovsky,humano
alexUXUI,humano
alexalannunes,humano
alexanbj,humano
alexander-akait,humano
alexander-dmitriev,humano
alexander-lebed,humano
alexanderalmstrom,humano
alexanderatallah,humano
alexanderbira,humano
alexanderbluhm,humano
alexanderbnelson,humano
alexanderchabo,humano
alexanderchr,humano
alexanderdemchik,humano
alexanderflink,humano
alexanderhorner,humano
alexanderkalachev,humano
alexanderkhivrych,humano
alexandermendes,humano
alexandernanberg,humano
alexanderramos89,humano
alexanderson1993,humano
alexandersucala,humano
alexanderwford,humano
alexandesigner,humano
alexandr2110pro,humano
alexandre-marchina,humano
alexandreferreirafr,humano
alexandregiordanelli,humano
alexandregme,humano
alexandrejev,humano
alexandros-megas,humano
alexandrtovmach,humano
alexandru-wd,humano
alexandrutasica,humano
alexandrzavalii,humano
alexbangert,humano
alexbassy,humano
alexbaumgertner,humano
alexbchr,humano
alexberezin,humano
alexboii,humano
alexbrazier,humano
alexbu92,humano
alexbujenita,humano
alexburciu,humano
alexburner,humano
alexbuznik-stark,humano
alexcarpenter,humano
alexchu-dev,humano
alexcibotari,humano
alexclaes,humano
alexclinky,humano
alexcloudstar,humano
alexcmgit,humano
alexcole,humano
alexd99,humano
alexdanilowicz,humano
alexdefaro,humano
alexdelgado,humano
alexdevero,humano
alexdevio,humano
alexdgourlay,humano
alexdln,humano
alexdsgmoura,humano
alexdupre,humano
alexdwvar,humano
alexe-dev,humano
alexeagle,humano
alexeden,humano
alexedev,humano
alexedwardjones,humano
alexeigs,humano
alexej-d,humano
alexews,humano
alexey-dc,humano
alexey-kuznetsov,humano
alexey62soft,humano
alexeygorbachevsky,humano
alexeygrebennikov,humano
alexeysarakuz,humano
alexfarrill,humano
alexfauquette,humano
alexfoxy,humano
alexfradiani,humano
alexfromapex,humano
alexfurtado22,humano
alexgilbertDG,humano
alexgoff,humano
alexgseymour,humano
alexharri,humano
alexhawkins,humano
alexhochreiter,humano
alexhofmandahl,humano
alexhollender,humano
alexhoma,humano
alexhooley,humano
alexhwoods,humano
alexicum,humano
alexilyaev,humano
alexincore,humano
alexindigo,humano
alexis-fordg3,humano
alexis78i,humano
alexisLefebvre,humano
alexissel,humano
alexisvisco,humano
alexiusdevox,humano
alexj6-cell,humano
alexjamesmacpherson,humano
alexjball,humano
alexjemsy,humano
alexjfno1,humano
alexjpujol,humano
alexjs-dev,humano
alexkhismatulin,humano
alexkirsz,humano
alexkneis,humano
alexknipfer,humano
alexkreidler,humano
alexkunin,humano
alexkvazos,humano
alexlafroscia,humano
alexllao,humano
alexlopez-natgeo,humano
alexlottrup,humano
alexmarioru,humano
alexmarmon,humano
alexmarqs,humano
alexmartinezm,humano
alexmcode,humano
alexmf91,humano
alexmkio,humano
alexnaish,humano
alexneo2003,humano
alexnewmannn,humano
alexnm,humano
alexnunan,humano
alexofob,humano
alexomon018,humano
alexop1000,humano
alexortizl,humano
alexpareto,humano
alexparish,humano
alexpopov5,humano
alexpriceco,humano
alexpricedev,humano
alexpuertasr,humano
alexrabin,humano
alexravenna,humano
alexrohleder,humano
alexrqs,humano
alexryazanov,humano
alexsabdev,humano
alexsenichev,humano
alexshenker,humano
alexshyba,humano
alexstyl,humano
alexsurfsupdu-sys,humano
alexsyo,humano
alextarana,humano
alextenczar,humano
alextes,humano
alexthekiwi,humano
alextracy,humano
alextranwork,humano
alextreppass,humano
alextse,humano
alextseitlin,humano
alextsoi,humano
alexturpin,humano
alexvcasillas,humano
alexventuraio,humano
alexvirdee,humano
alexvlrt,humano
alexw-at,humano
alexwine36,humano
alexxxPopa,humano
alexypdu,humano
aleynaeser,humano
aleyrizvi,humano
alezhu,humano
alfanzain,humano
alfarodarwaynejay,humano
alfawal,humano
alfianandinugraha,humano
alfiemartin,humano
alfiepoleon,humano
alfiomy,humano
alfirmanpahlepi,humano
alfonsusac,humano
alfred-pb,humano
alfredoalpizar,humano
alfredosalzillo,humano
alfredotg,humano
alfredvaa,humano
alfrejivi,humano
alfrescian,humano
algora-pbc,humano
algusaem,humano
ali-ehsan,humano
ali-eljerrari,humano
ali-idrizi,humano
ali-phipps,humano
ali4heydari,humano
ali6870,humano
aliSalehAbdulhadi,humano
aliahsan07,humano
aliakbar8099,humano
aliaksandr-savitski,humano
aliameur,humano
alianza,humano
aliawanai,humano
aliazimoshan,humano
alibey-10,humano
aliblackeye,humano
alicanerdurmaz,humano
alicanyildirim,humano
aliceisjustplaying,humano
alicercedigital,humano
alicerocheman,humano
alidavut,humano
alidcast,humano
aliemir,humano
alienbuild,humano
alienzhangyw,humano
alieslamifard,humano
aliez-ren,humano
alifa20,humano
alifarooqi,humano
aligajani,humano
alihaddadkar,humano
alihammad99,humano
alihamzahq,humano
alihesari,humano
alii,humano
alijawad2230,humano
alikazemkhanloo,humano
alikhani,humano
alikleit,humano
alikleitcr7,humano
alim-ansari,humano
alimehasin,humano
alimek,humano
alimertcakar,humano
alimoli,humano
alimtunc,humano
alimukhtar53,humano
alinalihassan,humano
alinaqikhan,humano
alinasrabadi,humano
alinayebi9080,humano
alinchican,humano
alinhle,humano
alinjie,humano
alioguzhan,humano
alipetarian,humano
alireza-asgharii,humano
alireza-attari,humano
alirezakarbalaei,humano
alirezavalizade,humano
alisahinozcelik,humano
alisalahio,humano
alisd23,humano
alishobeiri,humano
alishour-dev,humano
alissa-tung,humano
alissonsleal,humano
alita-moore,humano
alitas,humano
alitdev,humano
alithecodeguy,humano
alittlebitweird,humano
alivarastepour,humano
alivault,humano
alivtar,humano
alizabuilds,humano
alizada-hadi,humano
alizaeda,humano
alizahid,humano
alizamani,humano
alizeait,humano
alizhdanov,humano
alja-dips,humano
alka7ex,humano
alkisyuv,humano
alkorlos,humano
allabouttech0803,humano
allail-qadrillah,humano
allancaffee,humano
allanchau,humano
allandelmare,humano
allanice001,humano
allanwhite,humano
allenbert,humano
allenchuang,humano
alleneubank,humano
allenz-crypto,humano
allenzhou101,humano
allestaire,humano
allevaton,humano
allhailcheese,humano
allicanseenow,humano
allindeveloper,humano
allisson-lima,humano
allmors,humano
allpwrfulroot,humano
allreddv,humano
alluster,humano
allybee,humano
allysheng,humano
allysontsoares,humano
almeidaalajoel,humano
almeidx,humano
almightychang,humano
almilo,humano
almirjakubaitis,humano
almoshaks69,humano
almosnow,humano
almuzahidseyam,humano
alnaranjo,humano
aloeugene,humano
alok-38,humano
alonn24,humano
alonre,humano
alonsourena,humano
alotofnoodles,humano
alotth,humano
aloukissas,humano
aloysb,humano
alp82,humano
alparslankorkmaz,humano
alpedia,humano
alperkuertuel,humano
alperozhb,humano
alpgokcek,humano
alpha-xek,humano
alphaBiota,humano
alphabeat,humano
alphanetEX,humano
alphaoumardev,humano
alphaxek,humano
alphonso06,humano
alpoxdev,humano
alrabdullah,humano
alreadyExisted,humano
alrightsure,humano
alrnamee,humano
alsakandari,humano
alserembani94,humano
alsherif-khalaf,humano
alsonick,humano
alsrb0504,humano
alsritter,humano
altaf53,humano
altanbgn-ailab,humano
altano,humano
altbdoor,humano
altearius,humano
altendky,humano
altmshfkgudtjr,humano
altosaar,humano
altschuler,humano
altyntsevlexus,humano
alu-sys,humano
alua1612,humano
alubbe,humano
aluchaninov,humano
alula,humano
aluminick,humano
alunyov,humano
alvamanu,humano
alvar-freude,humano
alvarlagerlof,humano
alvechy,humano
alvelig,humano
alveshelio,humano
alviarm,humano
alvin,humano
alvinChristianto,humano
alvincrespo,humano
alvinkl,humano
alvinometric,humano
alvinsjoy,humano
alvinthen,humano
alvinttang,humano
alvis,humano
always-maap,humano
alx,humano
alx8437,humano
alxclark,humano
alxdsz,humano
alxhghs,humano
alxhotel,humano
alyahmedaly,humano
alylim,humano
alyosha-30emeciel,humano
alyustik,humano
alyxdow,humano
alyyousuf7,humano
am-unklown,humano
am1rb,humano
am1rdev,humano
amElnagdy,humano
amabunny,humano
amadeus,humano
amaidah,humano
amaksimovich2,humano
amala-james-cko,humano
amaleky,humano
amalv,humano
amalv35,humano
aman-jha-gsc,humano
aman-senpai,humano
amanKumar689,humano
amanchev,humano
amancp,humano
amandakelake,humano
amandeepmittal,humano
amangupta982,humano
amanjain325,humano
amankakar,humano
amankkg,humano
amannn,humano
amanverma-11,humano
amar1795,humano
amaralc,humano
amardeepsingh20,humano
amariani,humano
amarjeet987,humano
amarmanhala,humano
amartey-tricky,humano
amartuvshin-bold,humano
amaschas,humano
amaster507,humano
amatiasq,humano
amaury1093,humano
amauryfischer,humano
amavisse,humano
amazingandyyy,humano
ambrauer,humano
ambrod,humano
ambrosebeavers,humano
ambuznego,humano
amccloud,humano
amcd-dev,humano
amd-9,humano
amdlemos,humano
ameddin73,humano
amedina068,humano
ameer-clara,humano
ameernormie,humano
ameetmadan,humano
ameliacode,humano
amendezm,humano
amerbilic,humano
americadoodles,humano
amerllica,humano
amerrit2,humano
amersabag,humano
amerzad,humano
amesas,humano
ameshkin,humano
amgud,humano
amiftachulh,humano
amigolargo,humano
amiguet3,humano
amikofalvy,humano
amille44420,humano
amin-amraei,humano
amine-baya,humano
amineo,humano
aminnairi,humano
aminrashidbeigi,humano
amio,humano
amir-mln,humano
amir-rahmanii,humano
amir-zahedi,humano
amir3code,humano
amirHizkiya,humano
amirabdolazimi,humano
amiralies,humano
amirardalan,humano
amirdevir,humano
amireldor,humano
amirfakhrullah,humano
amirhajimirsadeghi,humano
amirhbakan,humano
amirhega,humano
amirhhashemi,humano
amirho1,humano
amirhoseinsaneie,humano
amirhosseinNouri,humano
amirhosseinkh2515,humano
amirjld,humano
amirjr1378,humano
amirqasemi74,humano
amirrasooli69,humano
amirrezaDev1378,humano
amirroid,humano
amirsaeed671,humano
amirsarfar,humano
amirwsin,humano
amiryxe,humano
amit08255,humano
amit090shukla,humano
amit0shakya,humano
amit548,humano
amitalokbera,humano
amitbeck,humano
amitdahan,humano
amitgrd16,humano
amitjain213,humano
amitkoth,humano
amitmaurya00,humano
amitojsingh366,humano
amitpanchal4,humano
amitsch666,humano
amitschandillia,humano
amitsingh-007,humano
amitsingh-quotient,humano
amittal-quot,humano
amitxxx,humano
amjedidiah,humano
amjedomar,humano
amkatyshev,humano
amkzdev,humano
aml360,humano
amlcodes,humano
ammarbrohi,humano
ammark47,humano
ammarrik,humano
ammmze,humano
amn1el,humano
amnollski,humano
amoeba,humano
amoh909,humano
amol909,humano
amolagre,humano
amoment4ever,humano
amonks,humano
amoore108,humano
amorey,humano
amorimr,humano
amorino,humano
amorphius,humano
amorriscode,humano
amosbastian,humano
amosyuen,humano
amotarao,humano
amozoss,humano
amplicity,humano
amponsah,humano
amrdraz,humano
amrhassab,humano
amrikmalhans,humano
amrit-sahoo,humano
amritk,humano
amritkv,humano
amroczeK,humano
amrtaher1234,humano
amrutapawar25,humano
amruthpillai,humano
amsalimsema,humano
amscu-dev,humano
amsterdamharu,humano
amuaddi,humano
amunim,humano
amunrarara,humano
amuttsch,humano
amx100,humano
amyegan,humano
amyfranz,humano
amykapernick,humano
amyrprv,humano
amytych,humano
anacicconi,humano
anaclumos,humano
anaisbetts,humano
anamdiazs,humano
ananddayalan,humano
anandfresh,humano
anandhuremanan,humano
anandmani,humano
ananevandrei11,humano
ananta,humano
ananuness,humano
anarefolio,humano
anarerdene,humano
anargiris,humano
anarkrypto,humano
anas029,humano
anas1179,humano
anasElshereif,humano
anasalpure,humano
anasbehhari,humano
anasbinsabiet,humano
anasfirly20,humano
anasik,humano
anasmohammed361,humano
anasqadrei,humano
anastaciocintra,humano
anasysuf,humano
anasyusef,humano
anatawa12,humano
anatoliisf,humano
anatolzak,humano
anatooly,humano
anay-208,humano
anc-bhrti,humano
ancepsinfans,humano
and-poulsen,humano
and-sm,humano
and-who,humano
and-why,humano
andbas,humano
andelkocvjetkovic,humano
anderlaw,humano
anders-nom,humano
andersekdahl,humano
andershagbard,humano
anderslauri,humano
anderson-amorim,humano
andersonba,humano
andersonleite,humano
andersravn,humano
andest01,humano
andflett,humano
andirkh,humano
andorthehood,humano
andparsons,humano
andrasferenczi,humano
andrasfodor,humano
andrasna,humano
andrasnyarai,humano
andrastothtw,humano
andre-araujo,humano
andre-lergier,humano
andre-mr,humano
andre-muller,humano
andre-s-sousa,humano
andrea-benato-deltatre,humano
andreaf96,humano
andreagodoshian,humano
andreas1327250,humano
andreasblueher,humano
andreasdc,humano
andreasfrey,humano
andreasg123,humano
andreaskeller,humano
andreaskienle,humano
andreasklumpp,humano
andreaskromann,humano
andreasnett,humano
andreasoikon,humano
andreastande,humano
andrebrito16,humano
andree-rehnberg,humano
andreevgy,humano
andreferreiradaweb,humano
andregoncalvesdev,humano
andregosling,humano
andrehora,humano
andrehsu,humano
andrei-bancos,humano
andrei-hameza,humano
andrei-svistunou,humano
andrei-zgirvaci,humano
andrei9669,humano
andreibadescu,humano
andreibarabas,humano
andreibratila,humano
andreiciceu,humano
andreifilip123,humano
andreioprisan,humano
andreipfeiffer,humano
andreisena,humano
andreisoare,humano
andreistefanwork,humano
andreiujica,humano
andreiursan23,humano
andreizanik,humano
andrej-gajdos-cf,humano
andrejcode,humano
andrejoaquim-bounce,humano
andrejpavlovic,humano
andrejs-mamontovs,humano
andrejsshell,humano
andrekutianski,humano
andrelimaesilva,humano
andreluisce,humano
andrem0,humano
andremantaswow,humano
andremendonca,humano
andremendonca03,humano
andremerdan,humano
andrenarchy,humano
andrenaught,humano
andrepadeti,humano
andrepcg,humano
andrerpena,humano
andres-dejesus,humano
andres-dos-santos,humano
andresL309,humano
andrescabana86,humano
andrescollart,humano
andresdameson,humano
andresev,humano
andresfyi,humano
andresg747,humano
andresggarcia,humano
andresgutgon,humano
andresleoon,humano
andresmanz,humano
andresmarpz,humano
andresmejia3,humano
andresz1,humano
andreupifarre,humano
andrevantunes,humano
andrevenancio,humano
andrew--grant,humano
andrew-3kb,humano
andrew-cheles,humano
andrew-demb,humano
andrew-fuchs,humano
andrew-gropyus,humano
andrew-koltyakov-wmg,humano
andrew-mcmaster,humano
andrew-me,humano
andrew-melnychuk,humano
andrew-oko-odion,humano
andrew-telus,humano
andrewagain,humano
andrewatwood,humano
andrewaylett,humano
andrewb,humano
andrewbaisden,humano
andrewbarnesweb,humano
andrewbateman,humano
andrewbranch,humano
andrewbudikusuma,humano
andrewcoelho,humano
andrewdamelio,humano
andrewdavidkay,humano
andrewdoro,humano
andrewdowis,humano
andrewf414,humano
andrewfairlie,humano
andrewfritz86,humano
andrewgadziksonos,humano
andrewgies17,humano
andrewgolovanov,humano
andrewgosselin,humano
andrewgreenh,humano
andrewgremlich,humano
andrewhwanpark,humano
andrewimm,humano
andrewkfiedler,humano
andrewkouri,humano
andrewl913,humano
andrewliden,humano
andrewlorenz,humano
andrewmartin,humano
andrewmclagan,humano
andrewmcoupe,humano
andrewmunsell,humano
andrewmurray,humano
andrewnick,humano
andrewoh531,humano
andrewpeters9,humano
andrewreedy,humano
andrewrjohn,humano
andrewscofield,humano
andrewsrichardson,humano
andrewwestling,humano
andrewwong97,humano
andrey-kudinov,humano
andrey-semin,humano
andreyantipov,humano
andreymaklakov,humano
andreynovikov,humano
andreypopp,humano
andreyroth,humano
andreyshedko,humano
andreyvital,humano
andreyvolokitin,humano
andrezani,humano
andria-dev,humano
andrico1234,humano
andrii-bodnar,humano
andrijavulicevic,humano
andrinheusser,humano
andris310,humano
andrius-k,humano
andriy-shymkiv,humano
androbwebb,humano
andrsdev,humano
andrueandersoncs,humano
andrvm,humano
andrzejwp,humano
andtos90,humano
andwaal-esmart,humano
andwin,humano
andy-asi,humano
andy-mcdonald,humano
andy-ob,humano
andy-pro,humano
andy-viv,humano
andy-vu-anz,humano
andy-zhou,humano
andy3520,humano
andyTsing,humano
andyandrwew,humano
andycansdale,humano
andycmaj,humano
andyechc,humano
andyeskridge,humano
andyhmltn,humano
andyjy,humano
andykenward,humano
andylacko,humano
andylemaire,humano
andyltkeller,humano
andymagill,humano
andyngo,humano
andypho,humano
andytson,humano
andyvanosdale,humano
aneesa,humano
aneeven,humano
anehkumar,humano
anekpattanakij,humano
anerror404,humano
anestesya,humano
anetecima,humano
aneuhold,humano
aneurycasado,humano
anfinil,humano
angabar,humano
angel-luis,humano
angel1254mc,humano
angelamelinda,humano
angelbeatsying,humano
angelcgdev,humano
angeles-renjo,humano
angelhodar,humano
angeljoel740604,humano
angelmtztrc,humano
angelnext,humano
angelnikolov,humano
angelo1104,humano
angeloanan,humano
angeloashmore,humano
angelod1as,humano
angelomichel,humano
angelopoole,humano
angelovdev,humano
angelpadillar,humano
angelxmoreno,humano
angkarn,humano
angkushsahu,humano
anglvdnl,humano
angristan,humano
angry-dan,humano
angrybacon,humano
angu001,humano
angusd3v,humano
anguskeatinge,humano
anguspersonal,humano
angusryer,humano
anhldbk,humano
anhthien-bic,humano
anhtudo97,humano
ani-ali,humano
anialamo,humano
anibalalpizar,humano
anichols-ht,humano
anicioalexandre,humano
anicolaides,humano
anikaa137,humano
aniket-kulkarni,humano
aniket5429,humano
aniketbiprojit,humano
aniketpadmansh,humano
anikety2050,humano
anil1712,humano
anilparlak,humano
anime-kun32,humano
animesh68,humano
animeshkpandey,humano
animevn,humano
anindosarker,humano
anindya-dey,humano
aniruddhapw,humano
anirudh-eka,humano
anirudh1713,humano
anirudhpratap345,humano
anishdevtech,humano
anishsrinivasan,humano
anitzterritory,humano
anjalbinayak,humano
anjan-kp,humano
anjar,humano
anjohnlv,humano
ankit-ml12,humano
ankita-khandelwal,humano
ankitachetu,humano
ankitjangid007,humano
ankitkmrpatel,humano
ankitparashar700,humano
ankri,humano
anks2k,humano
anksuthar,humano
anku255,humano
ankur-arch,humano
ankur-dwivedi,humano
ankurdotcom,humano
ankurdotio,humano
ankushranka,humano
anky2k,humano
anlexN,humano
anmdotdev,humano
anmol-me,humano
anmolarora1,humano
anmololiii,humano
anmonteiro,humano
anmoti,humano
ann0nip,humano
anna-abadi,humano
anneau,humano
annewanghy,humano
annez,humano
anni1236012,humano
anomaly44,humano
anonkey,humano
anonmily,humano
anonrig,humano
anonrose,humano
anonyknight,humano
anonymouscatcher,humano
anoop-gupt,humano
anoopjaiswal903,humano
anotherCoward,humano
anotherjsguy,humano
anothertaxi,humano
anptrs,humano
ansango,humano
anselmdk,humano
ansgarm,humano
anshdhinhgra47,humano
anshkush92-epifi,humano
anshul360,humano
anshulguleria,humano
anshumanv,humano
anshuopinion,humano
ansonchaan,humano
ansonlowzf,humano
anstapol,humano
ansulagrawal,humano
antandev,humano
antdev1987,humano
anteeek,humano
anteloe,humano
anteloio,humano
anteqkois,humano
antgustech,humano
antho1404,humano
antho1jp,humano
anthones,humano
anthony-schanen,humano
anthony-urbina,humano
anthony-zhou,humano
anthonyLock,humano
anthonyalayo,humano
anthonyatp,humano
anthonybalmeo,humano
anthonybarsotti,humano
anthonyespirat,humano
anthonyfanzie,humano
anthonygarced,humano
anthonyholmes,humano
anthonyiu,humano
anthonyjacquelin,humano
anthonyl6,humano
anthonyleeper,humano
anthonyma94,humano
anthonyporto,humano
anthonyrenard,humano
anthonyshew,humano
anthonyshort,humano
anthonysidesap,humano
anthonytison,humano
anthonyverducci,humano
anthonywebb,humano
anthropitec,humano
antimatter15,humano
antimonad,humano
antiproblemist,humano
antkougblenou,humano
antmonnier,humano
antoKeinanen,humano
antoinechalifour,humano
antoinedelplace,humano
antoineducrot,humano
antoinegag,humano
antoinekm,humano
antoinelin,humano
antoineol,humano
antoinerey,humano
antoinerousseau,humano
antokhio,humano
anton-codes-iac,humano
anton-g,humano
anton-pas,humano
antonarbus,humano
antonbobrov,humano
antonfrolovsky,humano
antongunkin,humano
antoninhpix,humano
antoninlanglade,humano
antonio-bluco,humano
antonio-gomez,humano
antonio-magicschool,humano
antonioOrtiz,humano
antonioandrade,humano
antoniocra04,humano
antonioguerra,humano
antoniojps,humano
antoniomuso,humano
antoniopangallo,humano
antoniopresto,humano
antonk52,humano
antonkatz,humano
antonlvovych,humano
antonm7,humano
antonmoiseev,humano
antonmyrberg,humano
antonnyman,humano
antonve,humano
antonybritto,humano
antonybudianto,humano
antonyleme,humano
antonytrupe,humano
antsmo,humano
antspy,humano
anttiriski,humano
anttoon,humano
antusaha970,humano
anu-priya-1999,humano
anubus298,humano
anuj-noumena,humano
anuj123upadhyay,humano
anuj39934,humano
anujboddu,humano
anujbolewar,humano
anujparekh18,humano
anukool23,humano
anulman,humano
anumysore5,humano
anuoua,humano
anupam42,humano
anupamamnair,humano
anupamme,humano
anuraags,humano
anuraagvaidya,humano
anuragchauhan766,humano
anuraghazra,humano
anuragkhanra,humano
anurpeljto,humano
anushkajain130,humano
anvaynk,humano
anvibanga,humano
anvithshenoy,humano
anwam,humano
anwaraftab007,humano
anwarjaved,humano
anwer-kalghoum,humano
anymind-isamu,humano
aoc,humano
aod,humano
aofolts,humano
aogaili,humano
aokabin,humano
aokigit,humano
aomini,humano
aorfevre,humano
aorsten,humano
aoshi321,humano
aovens-quantifi,humano
aow3xm,humano
aoztanir,humano
ap0ca,humano
ap211unitech,humano
ap32,humano
apachevirus,humano
apajkic,humano
apancutt,humano
apapacy,humano
apardo04,humano
apavlinovic,humano
apdrsn,humano
apecollector,humano
apelsinet,humano
apeltop,humano
aperaham,humano
aperalta1437,humano
aperepel,humano
apetta,humano
apexskier,humano
apfelbox,humano
apferrarone,humano
aphofstede,humano
aphougat,humano
aphrody-code,humano
aphrysof,humano
apiel,humano
apiwatja,humano
apkoponen,humano
apl9000,humano
apledger,humano
aplr,humano
apmatthews,humano
apnerve,humano
apoco,humano
apollisa,humano
apollonian,humano
apomortsev,humano
apoorvHearth,humano
apoorva-srivastav,humano
apoorvapendse,humano
apoorvmote,humano
apoorvpathak,humano
apophis51,humano
apostolos,humano
apostolos107,humano
apotdevin,humano
apotek,humano
appeltje-c,humano
appernetic,humano
apperside,humano
appienvanveen,humano
applebaum,humano
applemate,humano
appractive,humano
approached,humano
approots,humano
approvedpr,humano
appsbytom,humano
appsplash99,humano
aprendendofelipe,humano
apricot13,humano
apricote,humano
aprilcoskun,humano
aprilmintacpineda,humano
apriltaoyvr,humano
aprinciple,humano
aprovadetran2,humano
apschauhan03,humano
apt-exploit,humano
aptfx,humano
apuatcfbd,humano
apurvaojas,humano
aputinski,humano
apuyou,humano
apyrkh,humano
aq1018,humano
aqeeldilmir,humano
aquaductape,humano
aquaori,humano
aquapi,humano
aquiseb,humano
ar-pavel,humano
ar-work-acc,humano
ar7casper,humano
arab971,humano
arackaf,humano
aradhell,humano
arafays,humano
arakelovd,humano
aralroca,humano
aramikuto,humano
aranajhonny,humano
aranlucas,humano
aranselmo,humano
arantebw,humano
aranyadan,humano
araphiel,humano
arashpourrahim,humano
arashsa,humano
arasrezaei,humano
arasta1993query,humano
arata-ae,humano
araujobarret,humano
araujogui,humano
araujoigor,humano
aravindet,humano
aravindputrevu,humano
arb0z,humano
arbaaz833,humano
arbaouimehdi,humano
arburhan,humano
arcanis,humano
arcataroger,humano
arcavid,humano
arch-user-france1,humano
archae0pteryx,humano
archanaagivale30,humano
archcorsair,humano
archie-mckenzie,humano
archived-m,humano
archmiddleastwork-spec,humano
archneon,humano
archual,humano
archy-bold,humano
arcifius,humano
arcjet,humano
arcreigh,humano
arcticfly,humano
arcticmatt,humano
ardaerzin,humano
ardani,humano
ardatan,humano
ardauzan,humano
arddluma,humano
ardhichoiruddin,humano
ardhrubo,humano
ardikaveh,humano
arditlleshi,humano
ardokirsipuu,humano
ardonjr,humano
arduano,humano
ardunster,humano
ardyfeb,humano
areai51,humano
arealesramirez,humano
arecvlohe,humano
areddon,humano
areeb-baqai,humano
areebbbb,humano
areeburrub,humano
arefaslani,humano
arefweb,humano
arekbartnik,humano
arekrgw,humano
arekspiewak1991,humano
arelenas,humano
arenclissold,humano
arenddeboer,humano
arendjantetteroo,humano
aresrioja10,humano
arestov-work,humano
aretrace,humano
arevolorio,humano
arfa123,humano
arfanliaqat,humano
arghyaxcodes,humano
argshook,humano
arguiot,humano
arhamkhnz,humano
arherzf8er,humano
arhxam,humano
ari-luokkala,humano
ari-party,humano
aria-aghaei,humano
arialpew,humano
ariannargesi,humano
arianon,humano
ariawisp,humano
arichard-info,humano
aricma,humano
aried3r,humano
ariefrahmansyah,humano
arielff3,humano
arieloO,humano
arielsalminen,humano
arielvieira,humano
arielweinberger,humano
ariesclark,humano
arifali123,humano
arifikhsan,humano
arihantverma,humano
arijitpatra,humano
arikanmstf-tw,humano
arikarim,humano
arikchakma,humano
arilishu,humano
arimendelow,humano
arinaldi,humano
arinda1248,humano
ariona,humano
aripekkako,humano
ariran5,humano
ariross-ef,humano
arishoham,humano
arismtj,humano
arisstogiannos,humano
aristotelesbr,humano
aritraanish,humano
aritradhabal,humano
arixwap,humano
arjenbloemsma,humano
arjenblokzijl,humano
arjendevos,humano
arjhun,humano
arjitj87,humano
arjun-vegapay,humano
arjun810,humano
arjunbaladarshan,humano
arjunbhatt670,humano
arjunkomath,humano
arjunmahishi,humano
arjunmehta,humano
arjunyel,humano
arkantoster,humano
arklanq,humano
arklanq-patronus,humano
arkni8,humano
arkon,humano
arlydemo,humano
arlyon,humano
armachino,humano
armageddon808,humano
arman-bolatuly,humano
armanTakmazyan,humano
armanbagherim,humano
armand1m,humano
armandabric,humano
armando-andre,humano
armandodlvr,humano
armandsalle,humano
armedi,humano
armenr,humano
armorbreak001,humano
armordecai,humano
armouti,humano
armspkt,humano
armujahid,humano
armya-z,humano
arn-ob,humano
arnabAnicca,humano
arnabsen,humano
arnakoguzhan,humano
arnarthor,humano
arnasofc,humano
arnaucasau,humano
arnaud-brun,humano
arnaud-deprez,humano
arnaud0617,humano
arnaudjnn,humano
arnaudrenaud,humano
arnaudriegert,humano
arnaugomez,humano
arne-sag,humano
arnelamo,humano
arnfinn,humano
arnnvv,humano
arnoBruynseels,humano
arnold-wds,humano
arnotixe,humano
arnovanstaden,humano
aroc,humano
arochadaniel,humano
arodik,humano
arolariu,humano
arolson101,humano
aronwoost,humano
arosemena,humano
arosicki,humano
aroyan,humano
arpadgabor,humano
arpankanwer,humano
arpi09,humano
arpiiitver,humano
arpit94,humano
arpitjain099,humano
arranlomas,humano
arroiz,humano
arrowplum,humano
arrowtype,humano
arsadii,humano
arsalan-arshad,humano
arsea,humano
arsekil,humano
arsen,humano
arsendev,humano
arsenykruglikov,humano
arshad,humano
arshaw,humano
arsheikhdev,humano
arshia-shakudo,humano
arshseraphic,humano
arsinclair,humano
arslanovngc,humano
arslion,humano
arso1er,humano
arstan001,humano
art-alexeyenko,humano
art-of-program,humano
art-smi,humano
art300939,humano
artainjast,humano
artalar,humano
artcg,humano
artechventure,humano
artecoop,humano
artekr,humano
artem-kurnikov,humano
artem-malko,humano
artemavrin,humano
artemis-prime,humano
artemisart,humano
artemiusgreat,humano
artemkhalygov,humano
artemn0va,humano
artemszelenov,humano
artemzhdev,humano
artginzburg,humano
artgustavobarros,humano
arthens,humano
arthur-mountain,humano
arthur-zhao-anrok,humano
arthurcohen,humano
arthurdenner,humano
arthureberledev,humano
arthurfiorette,humano
arthurjdam,humano
arthurmchr,humano
arthursoas,humano
arthurvanl,humano
arthurvergacas,humano
arthuryeti,humano
arti5m,humano
artitudinale1,humano
artivilla,humano
artkabis,humano
artmadeit,humano
artmsv,humano
artoale,humano
artola,humano
artooras,humano
artrixdotdev,humano
arts009009009,humano
artschekoff,humano
artsiom-dorakhau,humano
artur-ptaszek-mck,humano
arturbien,humano
arturcarvalho,humano
arturkasperek,humano
arturkasperek-blip,humano
arturmuller,humano
arturocasado,humano
arturparkhisenko,humano
arturs706,humano
artursOs,humano
arturyumaev,humano
artus9033,humano
artworkjpm,humano
artyorsh,humano
artze,humano
aruke,humano
arun-kambhammettu,humano
arun1940,humano
arunanshub,humano
arunesh90,humano
arung86,humano
arunghosh,humano
arunkumar413,humano
arunoda,humano
arusakov,humano
aruxyz,humano
arvidede,humano
arvigeus,humano
arvind-agarwal,humano
arvind-iyer-dev,humano
arvindell,humano
arvindeva,humano
arvingarciabtw,humano
arvinpoddar,humano
arvinxx,humano
arvl130,humano
arxk,humano
aryaadinulfadlan,humano
aryabyte21,humano
aryaemami59,humano
aryamantest,humano
aryan-p5tel,humano
aryan-wayne,humano
aryanahmed15,humano
aryanet,humano
aryaniyaps,humano
aryankarim,humano
aryanranderiya,humano
aryasadeghy,humano
arybitskiy,humano
aryobenholzner,humano
aryomuzakki,humano
aryzle,humano
arzafran,humano
as1234553,humano
asab1rd,humano
asad,humano
asadnq,humano
asafpelegcodes,humano
asamountain,humano
asanoop24,humano
asansyzb,humano
asaroukou,humano
asavienko,humano
asbjornenge,humano
aschenkuttel,humano
asci,humano
ascii042,humano
ascorbic,humano
asd58584388,humano
asdiamond,humano
asdillon,humano
asdofindia,humano
asedii,humano
aseeeem,humano
aseem2625,humano
aselhid,humano
aserelkasar,humano
asfaqahmed,humano
asfernandes,humano
ash-development,humano
ash-vd,humano
ash0803,humano
ash2048,humano
ash2228,humano
ashalfarhan,humano
ashbuilds,humano
ashby-dev,humano
ashcheglov,humano
ashconnell,humano
ashdephoenix123,humano
asheemak,humano
asheikho99,humano
ashemag,humano
asheng5970,humano
asherccohen,humano
asheroto,humano
ashfaqnisar,humano
ashgrover,humano
ashi009,humano
ashikpy,humano
ashinga48,humano
ashish-ts,humano
ashish-web-developer,humano
ashish060316,humano
ashish293,humano
ashishk15678,humano
ashishs10,humano
ashispavan,humano
ashkanyadegari,humano
ashleyfrieze,humano
ashleygwilliams,humano
ashleypcheng,humano
ashly-dxb,humano
asholokh,humano
ashraf-gemini,humano
ashrth,humano
ashu8912,humano
ashusnapx,humano
ashutoshbw,humano
ashvin777,humano
ashwamegh,humano
ashwanijha04,humano
ashwin-zopsmart,humano
ashwinsriram,humano
ashylen,humano
asibilia,humano
asifrahmanvm,humano
asih2489,humano
asim47,humano
asimFanna,humano
asimMoh,humano
asimashfaq,humano
asimplify,humano
asinha08,humano
asionesjia,humano
asiraky,humano
ask4fusora,humano
askariali,humano
askdevai-bot,bot
aske-cph,humano
askeroff,humano
askides,humano
askinbilir,humano
askirmas,humano
askkaz,humano
askldjd,humano
askxue,humano
aslakhellesoy,humano
aslakson,humano
aslamj,humano
aslamwebsite,humano
aslanon,humano
aslilac,humano
aslushnikov,humano
asmaa3107,humano
asmehra,humano
asmockler,humano
asnaseer,humano
asobirov,humano
asos-albinotonnina,humano
asoutheastasiandessert,humano
asp3,humano
aspehler,humano
aspirisen,humano
asplunds,humano
asprouse,humano
asrul10,humano
assa1605,humano
asself,humano
asselstine,humano
assetcorp,humano
assimelha,humano
astanciu,humano
astateful,humano
astenmies,humano
asterikx,humano
asthinasthi,humano
astorozhevsky,humano
astral-horizon-labs,humano
astratagem,humano
astraube,humano
astrit,humano
astro-jets,humano
astrodomas,humano
astrot1988,humano
astrotim,humano
asumaran,humano
asura6,humano
asvetly,humano
asvny,humano
aswin-vb,humano
aswindanumy-cyber,humano
aswnss-m,humano
asyncFlow-dad,humano
asynchroza,humano
aszx87410,humano
ataabdullah,humano
ataibarkai,humano
atainter,humano
atakanuludag,humano
atalayio,humano
atarek12,humano
ataschz,humano
atcastle,humano
atco-jh,humano
atdrago,humano
atduarte,humano
ateev,humano
atenie,humano
ateufel,humano
atgctg,humano
atharv-sys32,humano
atharva-0123-cs,humano
atharva-joshi-searce,humano
atharvashinde01,humano
athikaf,humano
athomaj,humano
athul1911,humano
athyuttamre,humano
atifghaffar83,humano
atikpersei,humano
atilafassina,humano
atinseau,humano
atinux,humano
atirudom,humano
atis--,humano
atissedrescaleway,humano
atkaiser,humano
atkinchris,humano
atlamors,humano
atlasgong,humano
atleugim,humano
atmnk,humano
atmoshaman,humano
atogumo,humano
atombender,humano
atomeam,humano
atomicleopard,humano
atomiechen,humano
atomiks,humano
atonya-bravin,humano
atrauzzi,humano
atrhacker,humano
atridadl,humano
ats1999,humano
atsixian,humano
atstoyanov,humano
atsushi196323,humano
attack-monkey,humano
attapurposevc,humano
atte-backman,humano
attila9654,humano
attilarepka,humano
atul-vashisht,humano
atulmy,humano
atulpe,humano
atultiwaree,humano
atuttle,humano
atwaves,humano
atwoodcai1991,humano
auchenberg,humano
audelqua,humano
audionai,humano
audishos,humano
audn,humano
audriuiv,humano
augiwan,humano
augmen,humano
augustjk,humano
augustl,humano
augustmuir,humano
augustosamame,humano
auipga,humano
aulneau,humano
aulonm,humano
aumbriac,humano
aungmyooo2k17,humano
aurbina83,humano
aurebliss,humano
aurelienbobenrieth,humano
aureliendebord,humano
aureliopita-au,humano
aurmartin,humano
aurorascharff,humano
auser,humano
aushwin,humano
ausminternet,humano
auspy,humano
austernotus,humano
austin-karren,humano
austin-raey,humano
austinamorusotraceme,humano
austincondiff,humano
austingayler,humano
austingmhuang,humano
austinhallock,humano
austinhumes-valtech,humano
austinlangdon,humano
austinlogo,humano
austinthetaco,humano
austintoddj,humano
austintreneff,humano
austinyearlykim,humano
australiacityguide,humano
austsinovich,humano
autherity,humano
auto-holder,humano
automatefreely,humano
autsada,humano
auvansang,humano
auvipy,humano
auxibee,humano
auxon,humano
auziqni,humano
av-2024,humano
av-erencelik,humano
ava-gordon,humano
ava-gunn,humano
avalanche-tm,humano
avaleriani,humano
avalero,humano
avaltat,humano
avalynndev,humano
avanderbergh,humano
avaneeshtripathi,humano
avanrish,humano
avanslaars,humano
avantalliance,humano
avaragado,humano
avarayr,humano
avdain,humano
avdeev,humano
avdhootk,humano
aveiros,humano
avens19,humano
avernikoz,humano
avershion,humano
avetalia,humano
avetisk,humano
avevlad,humano
avgupta456,humano
avianion,humano
aviaryan,humano
aviculturist,humano
avidev-creator,humano
aviggiano,humano
avigoldman,humano
avihu-pattern,humano
avilaj,humano
avilovn,humano
avin-kavish,humano
avinashcodelabs,humano
avindra,humano
avionanx,humano
aviral-public,humano
aviramga,humano
avishaan,humano
avisra,humano
avitorio,humano
avitslv,humano
avivkeller,humano
avivm,humano
aviyadeveloper,humano
avkarenow,humano
avkvak,humano
avmentzer,humano
avneesh0612,humano
avneet2112,humano
avoirsolutions,humano
avremel,humano
avshyz,humano
avt00,humano
avxkim,humano
awadhMS,humano
await-ovo,humano
awareness481,humano
awayal,humano
awayken,humano
awcross,humano
awdsawdsawds,humano
awe420some,humano
awe79,humano
aweber1,humano
awei01,humano
awenwang,humano
awilderink,humano
awingfield916-tech,humano
awinogrodzki,humano
awitherow,humano
awkaiser-tr,humano
awlevin,humano
awmottaz,humano
awnali,humano
awo00,humano
awr,humano
awrcdhj,humano
awsautomation,humano
awthwathje,humano
awukomaki,humano
awuttke,humano
awworrell,humano
axadrn,humano
axai-kaizoku,humano
axclever,humano
axe312ger,humano
axecopfire,humano
axeen,humano
axeldelafosse,humano
axeleroy,humano
axelhzf,humano
axelinternet,humano
axelle-bch2,humano
axelmarciano,humano
axelpezzo,humano
axelrodvl,humano
axelvaindal,humano
axelyung,humano
axeroofficialtournament-del,humano
axetroy,humano
axhon,humano
axk2,humano
axmad386,humano
axolsai,humano
axpchina,humano
axpro,humano
axsann,humano
axten,humano
axu6705,humano
axuu,humano
axxra,humano
ay0ks,humano
ayan4m1,humano
ayangabryl,humano
ayat-elsherif,humano
ayazhussein,humano
ayberkanilatsiz,humano
aydinkn,humano
ayepRahman,humano
ayessymkanov,humano
ayhanap,humano
ayhandoslu,humano
ayikfour,humano
ayinde-xyz,humano
aykutkardas,humano
aymanechaaba1,humano
aymanfarhat,humano
aymenAbessi,humano
aymenmerabta5,humano
aymericzip,humano
aymvngg,humano
aynaitlamine,humano
aynik,humano
ayobamiseun,humano
ayoubjamouhi,humano
ayoubwaza,humano
ayovev,humano
ayrtoneverton,humano
aysark,humano
ayshiff,humano
aytemuryakup,humano
ayu234,humano
ayubov,humano
ayuhito,humano
ayush-that,humano
ayush000,humano
ayush166,humano
ayush23chaudhary,humano
ayushgupta0010,humano
ayushgupta0610,humano
ayushgupta9906,humano
ayushnagarcodes,humano
ayushpaharia,humano
ayushsgithub,humano
ayushya,humano
az67128,humano
azadgupta1,humano
azakero,humano
azamiya,humano
azappa,humano
azappella,humano
azar-xp,humano
azcn2503,humano
azdanov,humano
azeemasim01,humano
azeez1776,humano
azerum,humano
azhardumac,humano
azihassan,humano
azivkovi,humano
aziyatali,humano
aziz-prasetyo,humano
azizcoban,humano
azizhk,humano
aziznal-ch,humano
azizoid,humano
azizyaf,humano
azoff,humano
azoriusss,humano
azr-arch,humano
azraelgarden,humano
azsherif,humano
azu,humano
azuken,humano
azure-may,humano
azurit,humano
azvyae,humano
azza85,humano
azzazkhan,humano
azzlack,humano
azzmi-my,humano
azzzy,humano
b-jv-de,humano
b-meet,humano
b-mendoza,humano
b-novikov-ipersonality,humano
b-urb,humano
b0b3rt,humano
b0hdn4333,humano
b0jun,humano
b0serv5,humano
b1rdex,humano
b2rsp,humano
b30wulffz,humano
b3nk3,humano
b3nten,humano
b4l4zs,humano
b7011343,humano
ba1uev,humano
baaluo,humano
baba43,humano
babaei-mostafa,humano
babakness,humano
babebort,humano
baberMatt,humano
babihacare,humano
babkenmes,humano
bablukup,humano
baboons,humano
babpulss,humano
babur001,humano
babytutu,humano
bacher,humano
backflip,humano
backjo,humano
backslash112,humano
backspacelab,humano
backyardcoder,humano
bacpv1269,humano
bacqueyrisses,humano
bacvietswiss,humano
bada308,humano
badcc,humano
badfun,humano
badihaki,humano
badjfas,humano
badpenguin,humano
badreddineouazzani,humano
badsyntax,humano
badtant,humano
bae080311,humano
baeharam,humano
baer,humano
baer95,humano
baeteja,humano
bagaskarala,humano
bagedaddy,humano
baggoedw,humano
baginskijakub,humano
bagpyp,humano
bahag-buttf,humano
baharogluarda,humano
bahmannejati,humano
bahmanworld,humano
bahtiyarerden,humano
bai,humano
baiirun,humano
baileymckay,humano
baileys-li,humano
bailout00,humano
baixiaoyu2997,humano
baked-dev,humano
bakirgdev,humano
bakydev,humano
balaji-sivasakthi,humano
balasphilip,humano
balatD,humano
balazs4,humano
balazsnemeth,humano
balazsorban44,humano
baldurh,humano
balgamat,humano
balianowski,humano
balibou,humano
baljeet,humano
ballPointPenguin,humano
ballermatic,humano
ballmw,humano
balloman,humano
balmukundpatidar,humano
balogunkeji,humano
balonso-bemobile,humano
baloodevil,humano
baltagih2,humano
balthazur,humano
balthild,humano
baltie,humano
balupton,humano
bamaarintoko,humano
bamba-fall00,humano
bamjad,humano
bamjam101,humano
bamzi,humano
bananashell,humano
bancek,humano
banchichen,humano
bandlerr,humano
banerjeesouvik,humano
bangonkali,humano
bangseongbeom,humano
banksalad-seongwoo,humano
banner4422,humano
bannier,humano
banqinghe,humano
banyan,humano
banyawat,humano
baocancode,humano
baochanh18,humano
baoduy,humano
baoskee,humano
bapairaew,humano
bapjiws,humano
bappyasif,humano
baptiste-faure1811,humano
baptisteArno,humano
baptistebriel,humano
baptisthecht,humano
bar7b,humano
baraeb92,humano
baraich,humano
barakkesten,humano
barakplasma,humano
barayuda,humano
barbara-lea,humano
barbarah,humano
barberdt,humano
barbogast,humano
barcel0,humano
bard4,humano
bardaxx,humano
bardzh,humano
barel31,humano
barhouum7,humano
barikhan1986,humano
barinali,humano
barisdemirr,humano
barissayil,humano
baristikir,humano
barlock,humano
barnejs,humano
barney-w,humano
barnslig,humano
baronha,humano
barrard,humano
barrenechea,humano
barron9,humano
barros001,humano
barroudjo,humano
barrownicholas,humano
barry166,humano
barryengineerapart,humano
barrylachapelle,humano
barrymay,humano
barrymichaeldoyle,humano
barrysteyn,humano
bart-krakowski,humano
bart-sofomo,humano
bartagabor,humano
bartcheers,humano
bartdag,humano
bartdeslagmulder,humano
bartdominiak,humano
bartek2341,humano
bartekbugala,humano
bartekczyz,humano
barthicus,humano
barthuijgen,humano
bartlangelaan,humano
bartoszhernas,humano
bartoszpytka,humano
bartsitek,humano
bartvandenende-wm,humano
baruchadi,humano
baruchvlz,humano
barvian,humano
baryosef-terra,humano
barziahmed,humano
bas-pxr,humano
basarane,humano
basarat,humano
basememara,humano
baseplate-admin,humano
basgys,humano
bashidagha,humano
bashunaimiroy,humano
baskaal,humano
basriakkaya,humano
basslagter,humano
bastiankistner,humano
bastibuck,humano
bastiendmt,humano
bastienlimbour,humano
bastienrobert,humano
basvdheijden,humano
basvkl,humano
baszalmstra,humano
batanun,humano
batazo,humano
batazor,humano
batchor,humano
bathos,humano
bathos-wistia,humano
batistafrancis,humano
batmanSix,humano
batorskik,humano
battall,humano
battlebroad121,humano
batuhanbilginn,humano
baturhantasdelen-sudo,humano
batusai513,humano
baufometic,humano
baunov,humano
bauschri,humano
bausk,humano
bautistaaa,humano
bawgz,humano
baxsm,humano
bayer-rajesh,humano
baygeldin,humano
baymer,humano
bayoudhdev,humano
bayraak,humano
bayram00,humano
bayromest,humano
bayswaterpc,humano
bayucandra,humano
bazanowsky,humano
bazhenov,humano
bb-in-hoodie,humano
bbangert,humano
bbaustin,humano
bbaymistery,humano
bbeck10,humano
bbemis017,humano
bberz-groma,humano
bbigras,humano
bbortt,humano
bboyz269,humano
bbrouse,humano
bbsweb,humano
bburgess19,humano
bc-pool,humano
bcdipesh,humano
bcheidemann,humano
bchilcott,humano
bchristie,humano
bchurlinov,humano
bcigdemoglu,humano
bcjohnblue,humano
bclark8923,humano
bcoe,humano
bcomnes,humano
bcrave,humano
bcye,humano
bdadam,humano
bdbai,humano
bdbergeron,humano
bdcorps,humano
bdefore,humano
bdh-leafco,humano
bdhazman,humano
bdiazc90,humano
bdkopen,humano
bdlowery,humano
bdmartel,humano
bdombro,humano
bdrtsky,humano
bduff9,humano
bduffany,humano
bdwain,humano
be5invis,humano
beac0n,humano
beacagg,humano
beaconchain-horizon,humano
beager,humano
beamercola,humano
beanscg,humano
bear30921,humano
bearpong,humano
bearror,humano
beatfactor,humano
beatrixbee,humano
beaucollins,humano
beaunus,humano
beautifulcode,humano
beautyfree,humano
beavanzi,humano
beazo,humano
bebejane,humano
bebraw,humano
becca,humano
beckblakestrom,humano
beckend,humano
beckerei,humano
beckinator-cenith,humano
beckinator1,humano
beckypeltz-hdrinc,humano
beeant,humano
beebox,humano
beeirl,humano
beejer-warrior,humano
beelarr,humano
beelzick,humano
beeman,humano
beepBoop971,humano
beerent,humano
beethoak,humano
beezay,humano
begaaam,humano
begalinsaf,humano
behanprw,humano
beheh,humano
behivetech,humano
behnam-io,humano
behnam-maqsudi,humano
behnamazimi,humano
beholderrk,humano
behroodrzdr,humano
behzadmehrabi,humano
beingadrian,humano
beingofexistence13,humano
beinoriusju,humano
bejarano-tech,humano
bejenaru-victor,humano
bekhzodakhmadjonov,humano
beku8,humano
bel0v,humano
bel7aG,humano
belauzas,humano
belei-bohdan,humano
belgattitude,humano
belgianwolfie,humano
believer-ufa,humano
belirofon,humano
belkocik,humano
bell-steven,humano
belmeopmenieuwesim,humano
belmerbelandres,humano
belohlavek,humano
belozer,humano
bemlw,humano
bemyduo-admin,humano
ben-aggus-gateway,humano
ben-greenwood,humano
ben-ic,humano
ben-markato,humano
ben-rogerson,humano
ben519,humano
ben9543,humano
ben9583,humano
ben9beng,humano
benStre,humano
benWozak,humano
benackles,humano
benadamstyles,humano
benaiahbarango,humano
benalexb,humano
benallfree,humano
benatkin,humano
benayakichamu,humano
benbender,humano
benblank,humano
benbonnet,humano
benborgers,humano
benbot,humano
bencehusi,humano
benchapons,humano
bencmbrook,humano
bencoates08,humano
bencodesall,humano
bencpeters,humano
benderTheCrime,humano
benderillo,humano
bendiy,humano
bendman,humano
benduran,humano
beneccli,humano
benedfit,humano
benediktdertinger,humano
benedyktdryl,humano
benekoehler,humano
benevbright,humano
benface,humano
benfavre,humano
bengeois,humano
bengrau,humano
bengrunfeld,humano
bengry,humano
benhickson,humano
benhonda,humano
benhorst,humano
benitocas88,humano
benj-dobs,humano
benjalimm,humano
benjamin-p-newton,humano
benjamin0204,humano
benjamin79,humano
benjamindell,humano
benjaminhoffman,humano
benjaminhonorio,humano
benjaminjackman,humano
benjaminpearson,humano
benjaminreid,humano
benjaminstary,humano
benjamintd,humano
benjaminviaud,humano
benjaminwaterlot,humano
benjamistan,humano
benjavicente,humano
benji24290,humano
benjibenoit,humano
benjick,humano
benjie,humano
benjipott,humano
benjitastic,humano
benjosua,humano
benjoz,humano
benjwexler,humano
benkeil,humano
benkermode,humano
benkiefer,humano
benkingcode,humano
benknab,humano
benknight,humano
benlaughlin,humano
benlester,humano
benmccann,humano
benmerckx,humano
benminor,humano
benmkramer,humano
benmneb,humano
benmoose,humano
benmurden,humano
benmvp,humano
bennajah,humano
benneq,humano
bennet-org,humano
bennett4,humano
bennettdams,humano
bennettstuart,humano
bennidhamma,humano
bennik88,humano
benny856694,humano
bennycode,humano
bennygenel,humano
bennyjien,humano
benogeorge,humano
benoitgrelard,humano
benoj,humano
benokif,humano
benoror,humano
benpixel,humano
benqsz,humano
benrandja-akram,humano
benrobot,humano
benry1,humano
benrychter,humano
bensalilijames,humano
bensalmon-daylight,humano
bensaufley,humano
benschac,humano
benschinn,humano
benschwarz,humano
bensie,humano
bensonbjacob,humano
bentocodeing,humano
benton-droplab,humano
bentron2000,humano
benweiser,humano
benwiley4000,humano
benwinding,humano
benwwalker,humano
benyaminl,humano
benyap,humano
benyou1969,humano
benzavision,humano
benzen9113,humano
bephrem1,humano
beppek,humano
beqramo,humano
berTrindade,humano
berakoc,humano
beratbayram,humano
berdof,humano
berekuk,humano
berezovyy,humano
bergold,humano
bericp1,humano
berinaniesh,humano
berk-can,humano
berkaycirak,humano
berkaytheunicorn,humano
berkelmas,humano
berlysia,humano
bermanboris,humano
bernaferrari,humano
bernard-lin,humano
bernardobelchior,humano
bernardodestefano,humano
bernardogarza,humano
bernardomoraes,humano
bernardop,humano
bernatfortet,humano
berndartmueller,humano
bernii,humano
berrugo,humano
berry95,humano
bertho-zero,humano
bertrand-riviere,humano
berzniz,humano
besc22,humano
besh,humano
beshkenadze,humano
beshur,humano
bessey,humano
bessim-dev,humano
bestLessons,humano
bestcoderboy,humano
bestickley,humano
bestlyg,humano
bestmaa,humano
bestony,humano
bestwestern,humano
bethany-dawn,humano
betoquiroga,humano
better-salmon,humano
betterthanhajin,humano
bettiolo,humano
beumsk,humano
beverloo,humano
beverlycodes,humano
bewards,humano
bewinsnw,humano
beyeja,humano
beykansen,humano
beyond305,humano
bezerozoe,humano
bezreyhan,humano
bfeist,humano
bfife-bsci,humano
bfollington,humano
bfourgeaud,humano
bfovez,humano
bfowle,humano
bfreeds,humano
bfreis,humano
bfulop,humano
bfunc,humano
bgaleotti,humano
bgarrett-rt,humano
bgdnvk,humano
bglaz2,humano
bgmort,humano
bgoerdt,humano
bgoyarts,humano
bgrayburn,humano
bgub,humano
bguerout,humano
bguiz,humano
bgw,humano
bgwastu,humano
bh1337x,humano
bhaleraosaurabh,humano
bhamme,humano
bhanupsingh77,humano
bharat5604,humano
bhardwajashutosh9520,humano
bhardy,humano
bhargav-spinx,humano
bhaskarmurthy,humano
bhatvikrant,humano
bhavesh-pandey,humano
bhaveshabuild,humano
bhaveshpatel200,humano
bhaveyx,humano
bhavikagrawal,humano
bhavikji,humano
bhavin-prajapati,humano
bhbs,humano
bhefty,humano
bherila,humano
bherzig-nist,humano
bhirmbani,humano
bhoggard,humano
bhojkamal,humano
bhoodream,humano
bhoule,humano
bhurlow,humano
bhushanzade,humano
bhuwang279,humano
bi-zi,humano
biaklian451-wq,humano
biaodigit,humano
biapar,humano
bicodrex,humano
bidipeppercrap,humano
bielcapanema,humano
bielinskiadrian,humano
biels,humano
bietiaop,humano
bifot,humano
big-kahuna-burger,humano
bigbigbo,humano
bigclap,humano
bigdrum,humano
bigfanjs,humano
biggywk,humano
bightg30098,humano
bigidea-kz,humano
bigint,humano
bigliuliu,humano
bigramsay,humano
bigredwill,humano
bigs,humano
bigsml,humano
bigwisu,humano
bigxd123,humano
bigyanse,humano
biiishal,humano
bikramtuladhar,humano
bilal-baig-dev,humano
bilalAlgoace,humano
bilalchalhoub,humano
bilaldynamo,humano
bilalesi,humano
bilalmohib,humano
bill-zhanxg,humano
billcastillo,humano
billd100,humano
billel-boudchicha,humano
billgloff,humano
billnbell,humano
billnbell2,humano
billnye2,humano
billtlee,humano
billy-the-ape,humano
billyBrightwild,humano
billyberkouwer,humano
billyjanitsch,humano
billymcintosh,humano
billymoon,humano
billypap1,humano
billythedummy,humano
bimaaulia15,humano
bimusiek,humano
binajmen,humano
binary64,humano
binarybehemoth,humano
binarykitchen,humano
binchik,humano
bing1021,humano
binishjoshi,humano
binitgutka,humano
binperson,humano
bintoll,humano
biohackerellie,humano
bionicles,humano
biot023,humano
biowaffeln,humano
bircha,humano
birdzai,humano
birkir,humano
birukbelay,humano
bisubus,humano
bitfella,humano
bitfrost,humano
bitgoAaron,humano
bitjson,humano
bitkomponist,humano
bitmaks,humano
bitmap,humano
bits-by-brandon,humano
bitsmyth,humano
bitsofparag,humano
bitstein,humano
bitstorm-tech,humano
bitttttten,humano
bitworking,humano
biubiukam,humano
bivainis,humano
biw,humano
bixente4669,humano
bizob2828,humano
bjarn,humano
bjarneo,humano
bjcgg,humano
bjfresh,humano
bjoerge,humano
bjohansebas,humano
bjornarhagen,humano
bjorndown,humano
bjornsnoen,humano
bjrb20,humano
bjrnt,humano
bjunc,humano
bjunix,humano
bkalafat,humano
bkamapantula,humano
bkdiehl,humano
bke-daniel,humano
bkingery,humano
bkirillv,humano
bklaing2,humano
bkniffler,humano
bkonkle,humano
bkostrowiecki,humano
bkrajewski94,humano
bkrausz,humano
bksbikash,humano
bkyerv,humano
blabassi,humano
blackbing,humano
blackcater,humano
blackdiamond6390,humano
blackdynamo,humano
blackhaj,humano
blackmo18,humano
blackpanther1881,humano
blackpill,humano
blackraindrop,humano
blacksandsolutions,humano
blacksrc,humano
blackwizard111,humano
blackwright,humano
blackxored,humano
bladerunner2020,humano
blahafrank24,humano
blainegarrett,humano
blaiprat,humano
blairmcalpine,humano
blakebullis,humano
blakedietz,humano
blakejoy,humano
blakek,humano
blakel6819,humano
blakeley,humano
blakeplumb,humano
blakerutledge,humano
blaketarter,humano
blaketastic2,humano
blakethornton651-art,humano
blakewilson,humano
blanchak,humano
blankdreams2,humano
blasmedina,humano
blastZ,humano
blathersbugs,humano
blauakqa,humano
blaxk,humano
blazardsky,humano
blaze-gold,humano
blazorin,humano
blecher,humano
bledar,humano
blenderskool,humano
blenky36,humano
bleonard,humano
blessibles,humano
bleucitron,humano
bliitzkrieg,humano
blik3230,humano
bline,humano
blinkcat,humano
blisst,humano
blitss,humano
blitzbohne,humano
blizzy78,humano
bllfoad,humano
blnkt,humano
blntgvn42,humano
blobmold,humano
blogric,humano
blomqma,humano
blooddrunk,humano
bloodykheeng,humano
blooser,humano
blopez2010,humano
blove,humano
blrnw3,humano
bludnic,humano
bluebeel,humano
bluebill1049,humano
bluelakee02,humano
bluelovers,humano
bluemoonecho,humano
bluepostit,humano
bluesatyr,humano
bluesnooker123,humano
bluetoken-luke,humano
blueturtle13g,humano
bluezip,humano
blujedis,humano
bluprince13,humano
blurrah,humano
blvdmitry,humano
blwsk,humano
blzzz,humano
bm64,humano
bm9avan,humano
bmadone,humano
bmadsen-ownrs,humano
bmamone,humano
bmamouri,humano
bmanquen,humano
bmarianome,humano
bmathews,humano
bmaurer,humano
bmcintyre-lci,humano
bmcmahen,humano
bmealhouse,humano
bmichotte,humano
bmikaili,humano
bminer,humano
bmingles,humano
bmisiak,humano
bmorros94,humano
bmstefanski,humano
bmsuseluda,humano
bmtdh,humano
bmuenzenmeyer,humano
bmvantunes,humano
bmwoodall,humano
bn-piar,humano
bnaoki,humano
bnbon,humano
bndchris,humano
bnhovde,humano
bnisbett,humano
bnjmnjrk,humano
bnjmnt4n,humano
bnmghjtyu0,humano
bnn1,humano
bnocl,humano
bnoguchi,humano
bntzio,humano
boar-is,humano
boatilus,humano
boaz-hwang,humano
boazdev,humano
bob-obringer,humano
boba1987,humano
bobaaaaa,humano
bobbonius,humano
bobbymart1n,humano
bobbyzhong,humano
bobevsky,humano
bobkataboo,humano
boblauer,humano
bobosostupid-maker,humano
bobrosset,humano
bobs619,humano
bobsingor,humano
bobstrange,humano
bobu-putheeckal,humano
bobvanderlinden,humano
bobvdvalk,humano
bobziroll,humano
bocarw121,humano
bodadotsh,humano
bodhi,humano
bodrovphone,humano
body20002,humano
boehlerlukas,humano
bogas04,humano
bogdan100,humano
bogdankrenz,humano
bogdanpaulc,humano
bogdansoare,humano
bogdibota,humano
bogh,humano
bogodars,humano
bogoevskid,humano
boguan,humano
bogy0,humano
bohdan-mykhailenko,humano
bohdan-shulha,humano
bohdanbirdie,humano
boiboif,humano
boidushya,humano
boiseiben,humano
bokuo-okubo,humano
bokuweb,humano
bolatovumar,humano
bolechen,humano
boliangleung,humano
boliveros18,humano
boltzj,humano
boluo-O,humano
bombillazo,humano
bomzj,humano
boncz92,humano
bondom,humano
boneskull,humano
bonesoul,humano
bonface221,humano
bongdungyeuem27,humano
bonizario,humano
bonnie,humano
bonniesimon,humano
bonrow,humano
bonucci,humano
boochamoocha,humano
bookasloth,humano
bookercodes,humano
bookernath,humano
bookinlife,humano
bookuha,humano
booleans-oss,humano
boomermath,humano
boompttn,humano
boopy253,humano
bootleq,humano
booz24443,humano
bopfer,humano
borabuilds,humano
borachoidev,humano
boraoksuzoglu,humano
bordeo,humano
boredcaveman,humano
boredjoker,humano
boredland,humano
boreens,humano
borekb,humano
borellvi,humano
boreyko1,humano
borg,humano
boris-szl,humano
boris324,humano
borisagbo,humano
borisdedejski,humano
borisghidaglia,humano
borislemke,humano
borispetrovdev,humano
borispoehland,humano
boriswexler,humano
borisyordanov,humano
borjanavarro,humano
bormm,humano
bornkiss,humano
borodiliz,humano
borracciaBlu,humano
borzaka,humano
boschni,humano
bosconian-dynamics,humano
bosens-China,humano
bosheski,humano
bossbossk20,humano
bossley9,humano
bot08,humano
botond-veress,humano
bottercode,humano
bottxiang,humano
botv,humano
bougzy,humano
bouia,humano
bouk,humano
bouncycat,humano
bourquep,humano
bouteillerAlan,humano
bouthouri,humano
bovas85,humano
bowen31337,humano
bowencool,humano
bowingman,humano
boxcee,humano
boy397,humano
boygirl,humano
boyland,humano
boylec,humano
boylett,humano
boyluan,humano
boyuan459,humano
boyuia,humano
bozdoganCihangir,humano
bozerups,humano
bozzhik,humano
bpas247,humano
bpb54321,humano
bpetitcollot,humano
bpicolo,humano
bpkennedy,humano
bplmp,humano
bpofficial,humano
bpossolo,humano
bqrkhn,humano
bqst,humano
bquangDinh,humano
brad-decker,humano
braden-clerk,humano
braden-godley,humano
bradencanderson,humano
bradenmacdonald,humano
bradennapier,humano
bradgarropy,humano
bradharms,humano
bradhaydon,humano
bradlc,humano
bradley-yoo-anrok,humano
bradleyayers,humano
bradleyberwick,humano
bradleydsmith,humano
bradleyhodges,humano
bradleymcleish,humano
bradsobie,humano
bradwoods,humano
bradydean,humano
bradydoll,humano
bragagia,humano
bragle,humano
brahimbouine,humano
brahmendernchary,humano
brain1401,humano
brainkim,humano
bram-l,humano
bram209,humano
bramarcade,humano
bramvbilsen,humano
bramvdpluijm,humano
branbarh,humano
brancooo1,humano
brandensilva,humano
branderzhai,humano
brandon,humano
brandon-arnold,humano
brandon-carlisle,humano
brandonaaskov,humano
brandonbloom,humano
brandonchinn178,humano
brandoncollins7,humano
brandoncroberts,humano
brandones,humano
brandonfriday,humano
brandongit2,humano
brandonjcreek,humano
brandonjpierce,humano
brandonmp,humano
brandonnorsworthy,humano
brandonpittman,humano
brandonscript,humano
brandontle,humano
brandonweiss,humano
branislavbrincko,humano
brankosimic,humano
brantem,humano
brasillero,humano
braswelljr,humano
bratvanov,humano
braveforest,humano
bravetheheat,humano
bravokiloecho,humano
brawler2011,humano
brayanL,humano
brayden-wong,humano
brc-dd,humano
bre30kra69cs,humano
breadadams,humano
breakerh,humano
breakthroughhealthlabs,humano
bredele,humano
bregtemundo,humano
brekk,humano
brendanAx,humano
brendanbowidas,humano
brendanmorrell,humano
brendon-jewell,humano
brendonco,humano
brennanbutler01,humano
brennanerbz,humano
brennanmceachran,humano
brennarvo,humano
brennongs,humano
breno404,humano
brenopolanski,humano
brense,humano
brentertz,humano
brentkirkland,humano
brentmclark,humano
bresson,humano
brett-minca,humano
brettgullan,humano
brettinternet,humano
brettmstevens7,humano
brettstack,humano
breuerfelix,humano
breyed,humano
breytex,humano
brgndyy,humano
brhx,humano
bri,humano
brian-bourdon,humano
brian-kilpatrick,humano
brian-lou,humano
brian-singer,humano
brianbit9,humano
briandavidjoyner,humano
brianfryer,humano
briangershon,humano
briangflett,humano
briangonzalez,humano
brianhankins,humano
brianhiss,humano
brianjenkins94,humano
brianjolly,humano
briankoey,humano
briankulp,humano
brianle1301,humano
brianlenz,humano
brianlovin,humano
brianmorin-ef,humano
briannaneiderman,humano
brianonchain,humano
brianoncode,humano
brianpunzalan,humano
brianshano,humano
briantical,humano
briantuju,humano
brianwachira,humano
brianyan,humano
brianyingling,humano
bricenguessan,humano
brideo,humano
briefguo,humano
brielov,humano
brightloudnoise,humano
brightonmike,humano
brijendravarma,humano
brijeshb42,humano
brikou,humano
brillaintlcd,humano
brillout,humano
bringking,humano
brion-fuller,humano
bripkens,humano
brisote,humano
briteming,humano
brittanyrw,humano
briva,humano
brizental,humano
brizkcrm,humano
brizzbuzz,humano
brkalow,humano
brkcrdk,humano
brkdmn35,humano
brnyza,humano
broBinChen,humano
brob,humano
brocchirodrigo,humano
brock-statsig,humano
brodie7hamilton,humano
brodyd795,humano
broekema41,humano
brogr,humano
brokenhoax,humano
broksonic21,humano
bronson,humano
broofa,humano
brookemosby,humano
brookslyrette,humano
brooksrelyt,humano
brookton,humano
broscr,humano
brothanek,humano
brothatru,humano
browndog27,humano
browniefed,humano
browynlouis,humano
broye,humano
brrock,humano
brrock2,humano
bruceharrison1984,humano
brucejcw,humano
brucekasinsky,humano
bruceman,humano
brucemckayone,humano
brunnobb,humano
bruno-henr,humano
bruno12mota,humano
brunoalano,humano
brunoalfieri,humano
brunobely,humano
brunobraga95,humano
brunocangs,humano
brunocascio,humano
brunocroh,humano
brunocrosier,humano
brunoeduardodev,humano
brunokiafuka,humano
brunolca,humano
brunolemos,humano
brunolm,humano
brunomarchioro,humano
brunomilani,humano
brunopontes-hotmart,humano
brunoqs,humano
brunorguerra,humano
brunorodmoreira,humano
brunorzn,humano
brunosaibert,humano
brunotdantas,humano
brunouber,humano
brvnonascimento,humano
bryan,humano
bryan-ferry,humano
bryan-hoang,humano
bryan-hunter,humano
bryan-ttme,humano
bryanMeneses,humano
bryanbarrios,humano
bryandandan,humano
bryandowning,humano
bryanjhickey,humano
bryanjswift,humano
bryanjtc,humano
bryanmig,humano
bryanprimus,humano
bryanrsmith,humano
bryansantamaria,humano
bryanterrell,humano
bryceAebi,humano
brycefranzen,humano
brycehans,humano
brycejacobs,humano
brycelund,humano
bryceroney,humano
brycesteinhoff,humano
brynary,humano
bryndyment,humano
brynshanahan,humano
brysonandrew,humano
brysongilbert,humano
brysonjonesy,humano
bs-spasici,humano
bs1180,humano
bscaspar,humano
bschmeisser-stytch,humano
bschoenmaeckers,humano
bschwartz757,humano
bsehovac,humano
bsheratlumi,humano
bsmith-self,humano
bsolca,humano
bsplosion,humano
bstro,humano
bszymkow,humano
btahir,humano
btalb,humano
bthecorgi,humano
btk,humano
btnwtn,humano
bttf,humano
bu3alwa,humano
bubble0601,humano
bubuzzz,humano
budchirp,humano
budokans,humano
budzHors7,humano
buesing,humano
bufface,humano
buffless-matt,humano
bugchecker,humano
bugignat,humano
bugproof,humano
bugzpodder,humano
bui-vongphachan,humano
buiduccuong30051989,humano
build-for-life,humano
build24001,humano
builderRyan,humano
builtbyjonas,humano
builtbyshekhar,humano
bukamasedo,humano
bukinoshita,humano
bukku-zheng-jie,humano
bulatenkom,humano
bulentala,humano
buley,humano
bulhiCzar,humano
bulutfatih,humano
bulutuu,humano
bumpah,humano
bungandy,humano
bunnywrote,humano
bunyk,humano
bunyodbekab,humano
burak-upstash,humano
burakkgunduzz,humano
buraksakalli,humano
burakyesilyurt,humano
burdiyan,humano
burgerzzz,humano
burithetech,humano
burkayanduv,humano
burn2delete,humano
burns-brian,humano
burnto,humano
buroli,humano
burtek,humano
busla,humano
busybox11,humano
buymyhubs,humano
buyuan-dev,humano
buza-me,humano
buzinas,humano
buzuosheng,humano
buzzysin,humano
bvaughn,humano
bvobart,humano
bvpav,humano
bwalding,humano
bwalocha,humano
bwillem,humano
bwilytsch,humano
bwpark,humano
bxff,humano
bxljoy,humano
by-huy,humano
byCedric,humano
bySabi,humano
bybbsy,humano
bybruno,humano
byhemechi,humano
byhow,humano
byjoshuadavis,humano
bykarantelicom,humano
byluz,humano
bymakk,humano
bymoe,humano
byrnemluke,humano
byron-okta,humano
byron-rod,humano
byronlove111,humano
byronpolley,humano
byseop,humano
bystrovo,humano
bysxx,humano
bytaesu,humano
byte-artisan,humano
bytebae,humano
bytedance-training,humano
bytesizedwizard,humano
bytesofconnor,humano
bytewiz,humano
bytrangle,humano
bywo,humano
byymster,humano
byytelope,humano
bz-stripe,humano
bzhn,humano
bzin,humano
bzuker,humano
bzztbomb,humano
c-desmarais,humano
c-ehrlich,humano
c-marchese,humano
c-st,humano
c-vetter,humano
c0,humano
c089,humano
c0b41,humano
c0d3rm0n,humano
c0dezer019,humano
c0m1t,humano
c0ntax,humano
c0ntradicti0n,humano
c0per,humano
c100k,humano
c10ckw0rk,humano
c4854469c7f86af43b58246fb1782,humano
c58,humano
c7hm4r,humano
c7nj7n,humano
cSarcasme,humano
ca-lee-b,humano
ca11ado,humano
caaatisgood,humano
cabaret,humano
cabbage-cart,humano
cabbiepete,humano
cabralada,humano
caccialdo,humano
cachho,humano
cactoo,humano
cadamsdev,humano
cadekynaston,humano
cades-cheehoo,humano
cadinhoruf,humano
caelangrgurovic,humano
caelinsutch,humano
caelumvallis,humano
caenguidanos,humano
caestrada,humano
cafecafe,humano
caffo,humano
cagan123-alt,humano
cagv24,humano
cahamilton,humano
cahbb,humano
cai-zhuo,humano
caickdias,humano
caillou,humano
cainaf,humano
caio-bittencourt,humano
caioalmeida12,humano
caiocinel,humano
caiolrm,humano
caioluis,humano
cairin,humano
caixingyue,humano
caiyichen,humano
cajoy,humano
cakoose,humano
calaespi,humano
calbearox,humano
calbertts,humano
calbrecht,humano
calclavia,humano
caleb-barber-medic,humano
caleb-vercel,humano
caleb531,humano
calebboyd,humano
calebhubbs,humano
calebhyatt,humano
calebkrainman,humano
caleblloyd,humano
calebmer,humano
calebmpeterson,humano
calebpitan,humano
calendee,humano
calhaudev,humano
callensm,humano
calliope-pro,humano
callmedukey,humano
callmegin,humano
callmenick,humano
callmephil,humano
callmephilip,humano
callmevari,humano
callsea1,humano
callum-gander,humano
callumbooth,humano
callumgare,humano
callumlocke,humano
callumok2004,humano
calmacx,humano
calmondev,humano
calugar-claudiu-c,humano
calvinbrewer,humano
calvinbui,humano
calvincchong,humano
calvinchankf,humano
calvinl,humano
calvintalbot,humano
calvinte,humano
cambaughn,humano
camcam2605,humano
camcamcamcam,humano
cameralis,humano
cameron-chang,humano
camerondevuk,humano
cameronk,humano
cameronmolen,humano
cameronthrntn,humano
camezcua12,humano
camflan,humano
camiblanch,humano
camilo-mujica,humano
camiloguz23,humano
camin-mccluskey,humano
camipeludero,humano
camjackson,humano
camjackson-bigwx,humano
camjw,humano
cammanderson,humano
camoore1979,humano
campbell-frost,humano
campbellgalon,humano
campbellgoe,humano
campos20,humano
camrib,humano
camstuart,humano
camunoz2,humano
camwest,humano
camyyssa,humano
can-acar,humano
canadaduane,humano
canastro,humano
candidia,humano
candidosales,humano
candymask0712,humano
cangel111,humano
cangoektas,humano
canibanoglu,humano
canisminor1990,humano
cannoneyed,humano
cannontrodder,humano
cannorin,humano
canny-tamilvanan,humano
canopy-cj,humano
canotech,humano
canrozanes,humano
cansin,humano
cansuari,humano
cantdocpp,humano
cantemizyurek,humano
cantutar,humano
canyonopm3026-create,humano
canyouseethroughme,humano
caohonghai,humano
caohv,humano
caoimhebyrne,humano
caomicc,humano
cap-mfm,humano
cap340,humano
capJavert,humano
capaj,humano
caprica,humano
caprica-Six,humano
capricorn86,humano
captDaylight,humano
captain-Akshay,humano
captain-derp,humano
captain-enjoyable,humano
captain-jack-sparrow909,humano
captain-woof,humano
captain34643875-wq,humano
captbaritone,humano
caputdraconis050630,humano
cararlai,humano
carbongo,humano
carbonrobot,humano
carderne,humano
cargallo,humano
caribou-code,humano
carkhobby,humano
carl0s,humano
carlajarchuleta1-a11y,humano
carlaraya,humano
carlaviktor,humano
carlbarrdahl,humano
carlbrn,humano
carlccy,humano
carlesandres,humano
carllx,humano
carlnc,humano
carlo-salinari,humano
carlocarels90,humano
carlocorradini,humano
carloitaben,humano
carlonoelle,humano
carlos-dubon,humano
carlos-enrique-hurtado-puente,humano
carlos-menezes,humano
carlos-vitallink360,humano
carlos3duardo,humano
carlosagsmendes,humano
carlosalv098,humano
carlosbaraza,humano
carlosbensant,humano
carlosconnected,humano
carloscuatin,humano
carloscuesta,humano
carlosds731,humano
carlosfaria94,humano
carlosjunod,humano
carlosleandr,humano
carlosllorca,humano
carlosmaranje,humano
carlosmfreitas2409,humano
carlospuente93,humano
carlosromanxyz,humano
carlosrsabreu,humano
carlows,humano
carlpaten,humano
carlyle,humano
carmelc,humano
carmelle-otterai,humano
carmouche,humano
carneiroDotDev,humano
carolina203,humano
carolinevsboliveira,humano
carolpettirossi,humano
carosaome,humano
carriemorrison,humano
carrizoja,humano
carro-maxime,humano
carrot-sticks,humano
carryall,humano
carstenblt,humano
carstenlebek,humano
carstrb,humano
carterax,humano
carterm,humano
cartersteinhoff,humano
carvinlo,humano
carwynstephen,humano
carylaw,humano
carystanley,humano
cascandaliato,humano
cascharly,humano
caseychoiniere,humano
caseychu,humano
caseyjkey,humano
caseyocampo,humano
cashd,humano
cashewnuts,humano
cashjmoney,humano
cashpilotthrive-hue,humano
caskater4,humano
casperfernandes,humano
casperiv0,humano
casperle,humano
caspg,humano
cassian-goode,humano
cassidoo,humano
cassio707,humano
cassiocsantana,humano
cassioseffrin,humano
cassiossantos,humano
cassus,humano
castellanosje,humano
castrix,humano
castrosu,humano
casualWaist,humano
cat-michael-gwynne,humano
catalinpit,humano
catamphetamine,humano
cataopriscila,humano
catcarbonell,humano
catchellers,humano
catchshyam,humano
categoricalcat,humano
catgrandfa,humano
cathykc,humano
catlan,humano
catlilface,humano
catnose99,humano
catosaurusrex2003,humano
catter1,humano
cattmote,humano
caturbgs,humano
catuskeeper,humano
caub,humano
cauezitto,humano
caulagi,humano
cavez86,humano
cayasso,humano
cazcik,humano
caztangpro,humano
cb1kenobi,humano
cball,humano
cbarratt,humano
cbartens,humano
cbdeveloper,humano
cbengeWTCT,humano
cberry-humane,humano
cbfn,humano
cbisum,humano
cbix,humano
cblanquera,humano
cbonaco1,humano
cbou,humano
cbouwense,humano
cbovis,humano
cbratschi,humano
cbravo,humano
cbrianball,humano
cbroberg,humano
cbrunnkvist,humano
cbsiclay,humano
cbx0rz,humano
ccachor,humano
ccambournac,humano
ccarse,humano
ccchapman,humano
ccemeraldeyes,humano
ccfnever,humano
cchamikara,humano
ccheney,humano
cci-ykula,humano
ccioloca,humano
ccmvn,humano
ccorcos,humano
ccorda,humano
cctuan,humano
ccunniff,humano
ccweerasinghe1994,humano
ccxdev,humano
cd3vane,humano
cd711,humano
cdaringe,humano
cdaz5,humano
cdbattags,humano
cdedreuille,humano
cdelacombaz,humano
cdelaorden,humano
cdeutsch,humano
cdev-enter,humano
cdhdt,humano
cdierkens,humano
cdimitroulas,humano
cdion,humano
cdm430,humano
cdock1029,humano
cdonohue,humano
cdown,humano
cdpark0530,humano
cdrice23,humano
cdriesler,humano
cdsimmons,humano
cdslxc,humano
cdubiel08,humano
cduff,humano
cdwmyk,humano
ceIia,humano
ceastman-r7,humano
cedcn,humano
ceddybi,humano
cederigo,humano
cedric-kany,humano
cedric-marcone,humano
cedricrabarijohn,humano
cedricss,humano
ceefour,humano
ceessay,humano
cefn,humano
cejvan,humano
cekuu35,humano
celius1997,humano
cell0901,humano
cellanda,humano
cellis,humano
cellog,humano
cemreinanc,humano
cendechen,humano
cengo,humano
cenoura,humano
cent-dxv,humano
centinel3,humano
centsent,humano
centur,humano
ceodigvijay,humano
ceolinwill,humano
ceorourke,humano
cereallarceny,humano
ceres-quangd,humano
cereum,humano
cernadasjuan,humano
cernockyd,humano
cers,humano
cersho,humano
ceruberu,humano
cesarkohl,humano
cesarmiquel,humano
cesarochoa2006,humano
cesarp,humano
cesarvarela,humano
cescoallegrini,humano
cesine,humano
cevr,humano
cexra,humano
ceyhun-yildiz,humano
cezarneaga,humano
cezary,humano
cfbender,humano
cfi-gb,humano
cfisher8565,humano
cflee,humano
cforcross,humano
cfrank,humano
cfraz89,humano
cfv1984,humano
cgarrovillo,humano
cgatian,humano
cgfeel,humano
cgood92,humano
cgpro,humano
cgps-admin,humano
cgray9,humano
cgtysnpr,humano
cguidog,humano
ch-Arham,humano
ch-hristov,humano
ch3ll0v3k,humano
ch3rn1k,humano
ch4nd4n,humano
ch4rlesyeo,humano
ch99q,humano
cha2hyun,humano
chaance,humano
chabou,humano
chad-vogel,humano
chadborghini,humano
chaddjohnson,humano
chadfennell,humano
chadlinden,humano
chadlittle,humano
chadluo,humano
chaffeqa,humano
chagas42,humano
chahatbahl,humano
chahatbhatia1,humano
chahatkesh,humano
chai-kung,humano
chain-xvi,humano
chaitanya71998,humano
chaitanyaj2222,humano
chaitanyareddyk,humano
chaiwattsw,humano
chakeawx,humano
chakkun1121,humano
chalosalvador,humano
chalshik,humano
chalupagrande,humano
chamamme,humano
chamberlain2007,humano
champ6803,humano
champseo2017,humano
chamsuu,humano
chan4est,humano
chanatorns,humano
chanceaclark,humano
chanced,humano
chancegraff,humano
chandan-reddy-k,humano
chandanpasunoori,humano
chandantiwari1,humano
chandhravadanan,humano
chandlervdw,humano
chandra2607,humano
chandraaditya,humano
chandrahaas02,humano
chandrajob365,humano
chane00,humano
chane81,humano
changbaebang,humano
changday,humano
changgyu78,humano
changwowo,humano
changyoungoh,humano
chankruze,humano
chanlito,humano
channyeintun,humano
chanpark-xyz,humano
chanthamonsta,humano
chanwaiyu,humano
chanwoong528,humano
chanwukim,humano
chanyeinthaw,humano
chaosd3v,humano
chapmanio,humano
chaqchase,humano
char-ptr,humano
charan-forlorn,humano
charandeep7,humano
charanjeetroshan,humano
charanjit-singh,humano
chardoncs,humano
chargome,humano
charisTheo,humano
charkour,humano
charles-dr,humano
charlesbdudley,humano
charleskoehl,humano
charleskwame,humano
charlesoestergaard,humano
charleywolf,humano
charlie0077,humano
charliecooper45,humano
charlielow,humano
charliematters,humano
charliemeyer2000,humano
charliewilco,humano
charlotte6583,humano
charlottedamm,humano
charlottelong-figma,humano
charlottetan,humano
charltoons,humano
charly714,humano
charlyBerthet,humano
charlypoly,humano
charlzyx,humano
charmander,humano
charnog,humano
charpeni,humano
charushyn,humano
chasen,humano
chasevida,humano
chasewalden,humano
chasoft,humano
chative-tu,humano
chaudhry,humano
chauduong1192,humano
chavda-bhavik,humano
chawkibenalaya,humano
chayakornwc,humano
chcaru,humano
chcepe,humano
chcoomilk,humano
chdeskur,humano
cheapCoder,humano
checho221,humano
checkmatez,humano
cheekEprogrammer,humano
cheeki,humano
cheema-corellian,humano
cheeselemon,humano
cheesycod,humano
chejulee,humano
chemiadel,humano
chemicalkosek,humano
chemzqm,humano
chen900112,humano
chencheng (云谦),humano
chendong-xie,humano
chenfanggm,humano
cheng-dai,humano
chenghaohao,humano
chengluyu,humano
chengruideng,humano
chengsokdara,humano
chengyixu,humano
chenjiahan,humano
chenraz,humano
chenrui333,humano
chenshuiluke,humano
chentselee,humano
chentsulin,humano
chenxtdo,humano
chenyuan35,humano
cheong12001,humano
chepelevdi,humano
cheraff,humano
cherealnice,humano
cherepanov,humano
cherifya,humano
cherishh,humano
cherniavskii,humano
chernodub,humano
cheryl-c-tirerack,humano
chesha1,humano
cheshirecode,humano
chesterhow,humano
chethan-devopsnow,humano
chethanbr25,humano
cheuksing,humano
chevsky,humano
cheynewallace,humano
chgara,humano
chhavi48,humano
chhornponleu,humano
chhuang,humano
chibicode,humano
chicoworry,humano
chicoxyzzy,humano
chicrock,humano
chidaihuashi,humano
chiddekel,humano
chiefjester,humano
chif98,humano
chigoKawa,humano
chihiros,humano
childrentime,humano
chilijung,humano
chillardinho,humano
chiller-whale,humano
chillside,humano
chilltemp,humano
chimericdream,humano
chimit,humano
chinanderm,humano
chinchaun,humano
chineduogada,humano
chinesedfan,humano
chingyawhao,humano
chipcop106,humano
chipcullen,humano
chipit24,humano
chippleh1392,humano
chiqui3d,humano
chiraagsharma24,humano
chirag04,humano
chirag127,humano
chiragjoshi28,humano
chiragsrvstv,humano
chiralium,humano
chironjit,humano
chislee0708,humano
chitogamer96,humano
chitturs,humano
chitwitgit,humano
chixor,humano
chj-damon,humano
chk7964,humano
chla,humano
chloe-yan,humano
chmartinez,humano
chmod777-R,humano
chnam92,humano
chngjunjie,humano
chochoZusebmt,humano
chococrypto,humano
chof64,humano
chofor-cliford,humano
chogarcia,humano
chogyejin,humano
choi-eugene,humano
choisuill,humano
chomamateusz,humano
chompomonim,humano
chongruei,humano
chongyu-wang,humano
chooblarin,humano
chorkaichan,humano
chornos13,humano
choutkamartin,humano
choyan,humano
chozzz,humano
chr-ge,humano
chr1gu,humano
chr1shaefn3r,humano
chr4ss12,humano
chrber04,humano
chrift,humano
chrilis,humano
chrillep,humano
chris-at-lemon,humano
chris-erickson,humano
chris-garrett,humano
chris-lee-code,humano
chris-monahan,humano
chris-morgan,humano
chris-nowicki,humano
chris-olszewski,humano
chris-orgorg,humano
chris-pikul,humano
chris-schra,humano
chris-stytch,humano
chris-trait,humano
chris-tse,humano
chris-tsongas-vercel,humano
chris13524,humano
chrisabrams,humano
chrisalat,humano
chrisandrew,humano
chrisands,humano
chrisb2244,humano
chrisbenincasa,humano
chrisblossom,humano
chrisbolin,humano
chrisbowley,humano
chrisbradleydev,humano
chrisbrantley,humano
chriscarrollsmith,humano
chriscaruth,humano
chrisco512,humano
chrisdecrypted,humano
chrisdemetriad,humano
chrisdengso,humano
chrisdnz,humano
chrisdoc,humano
chrisdrackett,humano
chrisdrifte,humano
chriseagle,humano
chriseling,humano
chrisfillmore,humano
chrisfisher,humano
chrisfosterelli,humano
chrisgibbs44,humano
chrisgms,humano
chrisgory,humano
chrisgrabinski,humano
chrisguidry,humano
chrishenx,humano
chriship,humano
chrishj59,humano
chrishoermann,humano
chrishornmem,humano
chrishpowell,humano
chrishrtmn,humano
chrishyle,humano
chrisipanaque,humano
chrisj-skinner,humano
chrisjcodes,humano
chrisjh,humano
chrisjstott,humano
chriskrogh,humano
chriskuech,humano
chrislam,humano
chrisleyva,humano
chrislgrigg,humano
chrislicodes,humano
chrislloyd,humano
chrislloyd-humane,humano
chrismahoney25,humano
chrismatheson,humano
chrismuiruriz,humano
chrisneven,humano
chrispat,humano
chrisphillers,humano
chrisportela,humano
chrispuska,humano
chrispytoes,humano
chrisrhymes,humano
chrisrichard,humano
chrisrudge2002,humano
chrissshh,humano
chrisstpierre,humano
christemple,humano
christhegrand,humano
christian-bromann,humano
christian-fuss,humano
christian-tchaikovsky,humano
christianalfoni,humano
christiancenti,humano
christiangenco,humano
christianjuth,humano
christiankaindl,humano
christiankaseburg,humano
christiannwamba,humano
christianpv,humano
christianvuerings,humano
christineurban,humano
christo8989,humano
christo9090,humano
christoffee,humano
christoph-pflueger,humano
christophehurpeau,humano
christopher-caldwell,humano
christopher-codespaces,humano
christopher-drifte,humano
christopher-ha,humano
christopher-theagen,humano
christopher-wong,humano
christopherbowers,humano
christopherjbaker,humano
christopherjohnson3028-stack,humano
christopherkindl,humano
christopherliedtke,humano
christophmeise,humano
christophsaile,humano
chrisui,humano
chrisvxd,humano
chriswdmr,humano
chrisweb,humano
chriswolmarans,humano
chriswritescode-dev,humano
chriszarate,humano
chriszlr,humano
chrmatique,humano
chromale,humano
chrox,humano
chrskrchr,humano
chrysb,humano
chryw,humano
chshanovskiy,humano
chuabingquan,humano
chuangzhu,humano
chuck,humano
chuck-durst,humano
chuck0523,humano
chuckcg,humano
chuckstock,humano
chudesno,humano
chughes87,humano
chukwumaokere,humano
chulkilee,humano
chulphan,humano
chumaumenze,humano
chunbin1,humano
chungheepark,humano
chungweileong94,humano
chunkydonut21,humano
chunsch,humano
chunyenHuang,humano
chuppistyle,humano
churchinsydney-dev,humano
chuve,humano
chuvikovd,humano
chwan1,humano
ci-scott,humano
ci-vamp,humano
cia48621793,humano
ciampo,humano
cianfoley-nearform,humano
ciaoben,humano
ciaracade,humano
cibulka,humano
ciclentfort,humano
cie,humano
ciiqr,humano
cilice,humano
cilliemalan,humano
cin4ed,humano
cinatrin,humano
cinderblock,humano
cindyyu,humano
cini9,humano
cinnabarhorse,humano
cinnamonbreakfast,humano
cinos,humano
ciocanraul22,humano
cipick,humano
cipriancaba,humano
circhacks,humano
ciriussaini,humano
cirnatdan,humano
ciruz,humano
city17,humano
city41,humano
cityhangarround,humano
citypaul,humano
ciumexan,humano
civicregister,humano
cizz3007,humano
cj,humano
cjambrosi,humano
cjayyy,humano
cjboco,humano
cjcheshire,humano
cjdunteman,humano
cjg1122,humano
cjhlette,humano
cjhowe-us,humano
cjimmy,humano
cjk,humano
cjkihl,humano
cjmling,humano
cjonesdoordash,humano
cjpillsbury,humano
cjroebuck,humano
cjy4979,humano
ckastbjerg,humano
ckeeney,humano
ckizer,humano
ckken,humano
ckmirafss,humano
ckomop0x,humano
ckopecky,humano
ckqbao,humano
ckruppe,humano
cksharma11,humano
ckt1031,humano
ckthewu,humano
ckybonist,humano
clabbright,humano
clairemarchyllie,humano
clarencejychan,humano
clarencepenz,humano
claritystorm,humano
clarkedb,humano
clarkeverdel,humano
classic-massok,humano
claudijo,humano
claudiobonfati,humano
claudiofrs,humano
claudiorivera,humano
claudioscheer,humano
claudioviola,humano
claus,humano
claycurry,humano
claygeo,humano
claygiffin,humano
clayhan,humano
clayrisser,humano
claytoncasey01,humano
clbn,humano
clearly-outsane,humano
clearlyTHUYDOAN,humano
cleberj,humano
clee231,humano
clemencov,humano
clement-faure,humano
clementbiron,humano
clementbouakildeltarm,humano
clementdemily,humano
clementdevos,humano
clementgateaud,humano
clementohNZ,humano
clementoriol,humano
clementpoiret,humano
clementprdhomme,humano
clementroche,humano
clementzhao,humano
clemgat33,humano
clemgrim,humano
clemich,humano
clentfort,humano
cleo-wvuf,humano
clepirault,humano
clertonf,humano
cleverAkanimoh,humano
cleverboy32,humano
clevermiraz,humano
cleversprocket,humano
clevertonsousaandrade-lgtm,humano
clevinson,humano
cleytonoliveira,humano
clianor,humano
clichedmoog,humano
clickblipclick,humano
clicktodev,humano
clieee,humano
cliffordfajardo,humano
clintongreen,humano
clintonhalpin,humano
clintonwoo,humano
clive-h-townsend,humano
clockelliptic,humano
clod9353,humano
cloetensbrecht,humano
cloud-walker,humano
cloudkite,humano
cloudle,humano
cloudorbush,humano
clovis-rosa,humano
clovis1122,humano
cluehr,humano
clueleaf,humano
clukhei,humano
cly,humano
cmaerz,humano
cmbirk,humano
cmbritten,humano
cmcaboy,humano
cmccarthy15,humano
cmdcjones,humano
cmdcolin,humano
cmenge,humano
cmershon2,humano
cmhakkim,humano
cmhhelgeson,humano
cmiiller,humano
cmlbrnc,humano
cmmadnat,humano
cmngan,humano
cmnstmntmn,humano
cmolendijk,humano
cmoog,humano
cmoro-deusto,humano
cmosboss,humano
cmoscosoz,humano
cmsbased,humano
cmugla,humano
cmwall,humano
cmwd,humano
cnasc,humano
cnblackxp,humano
cncolder,humano
cndlhvn,humano
cnexans,humano
cngeru,humano
cngvc,humano
cniska,humano
cnotethegr8,humano
cnrad,humano
cnt000,humano
co6x0,humano
cobalt-medma,humano
cobalt88,humano
cobaltwhite,humano
cobm713,humano
cobrexus,humano
cocamm,humano
cochumo,humano
cocinitass,humano
cococov,humano
codad5,humano
codart1,humano
codasana,humano
codayon,humano
codcodea,humano
code-by-sia,humano
code-press,humano
code2k,humano
codeAbul,humano
codeDaiQin,humano
codeGTI,humano
codeKonami,humano
codePassion-dot,humano
codeSTACKr,humano
codeXLinkX,humano
codeagencybe,humano
codeaid,humano
codeambarish-hash,humano
codeams,humano
codeandcore,humano
codeawy,humano
codebackup91,humano
codebycarlos,humano
codebyshennan,humano
codecrete-ross,humano
coded58,humano
codedpills,humano
codefist,humano
codefln,humano
codeflowee,humano
codeforkdev,humano
codefug,humano
codegino,humano
codeh007,humano
codeincontext,humano
codeinearts,humano
codeinpink,humano
codekcv,humano
codekrafter,humano
codelife123,humano
codematrixaditya,humano
codemetic,humano
codemile,humano
codemilli,humano
codemonkey800,humano
codenamenam,humano
codeniko,humano
codenimble,humano
codenomnom,humano
codeofandrin,humano
codepileman,humano
coder-abhi27,humano
coder-vijay-yadav,humano
coder-xiaotian,humano
coder054,humano
coder13,humano
coderNeos,humano
coderaja8,humano
coderaudi,humano
coderavels,humano
coderbahrom,humano
coderbaozi,humano
codercatdev,humano
codercor,humano
coderdiaz,humano
coderdix,humano
coderfin,humano
coderlfm,humano
codermastergpt-ui,humano
coderrshyam,humano
coderup2021,humano
coderwassananmol,humano
coderzzp,humano
codesapling,humano
codescalar,humano
codesharpdev,humano
codesheepnl,humano
codesjedi,humano
codetheweb,humano
codetriage-readme-bot,bot
codew0nderer,humano
codewithahad01,humano
codewithkin,humano
codewithyxma,humano
codieboomboom,humano
codiku-dev,humano
codinesh,humano
codingAlphay,humano
codingbeans,humano
codingcircus,humano
codingforfoodllc,humano
codinginflow,humano
codingjlu,humano
codingwithmanny,humano
codinronan,humano
codinsonn,humano
codler,humano
codon1visao,humano
codr,humano
cody0203,humano
codybrouwers,humano
codyburleson,humano
codyloyd,humano
codyng,humano
codynova,humano
codyspring,humano
codyzu,humano
coetry,humano
coffeecupjapan,humano
coffeeispower,humano
coffenbacher,humano
cognivator,humano
coinbird-development,humano
coktopus,humano
colburncodes,humano
colbyfayock,humano
cold-try,humano
cole21771,humano
coleerikson,humano
coleh33,humano
colehart,humano
colehendricks3,humano
colemahatmccreary,humano
colemilne54,humano
colepeters,humano
coler-j,humano
colevr1,humano
colevscode,humano
colexbruhn,humano
colin-bethea,humano
colin-byrne-1,humano
colin-michael-mackenzie,humano
colincclark,humano
colinclerk,humano
colinfindlay-nz,humano
colinhacks,humano
colinharris05,humano
colinhemphill,humano
colinking,humano
coliveravenegas,humano
collection27,humano
colleen-love,humano
collegewap,humano
collinjackson,humano
collinversluis,humano
collinwu,humano
colmanhumphrey,humano
colonder,humano
coltenkrauter,humano
coltmans,humano
coltonbrwn,humano
coltonehrman,humano
coluccini,humano
columk1,humano
comerc,humano
cometyang,humano
commissariatkef-crypto,humano
comp615,humano
comradesharf,humano
comtef,humano
comunidadio,humano
comus,humano
comxd,humano
conan,humano
conanbatt,humano
conblem,humano
concat1911,humano
condorman,humano
conejocarlo,humano
confusingbits,humano
congaductq,humano
congdo,humano
congthanh1910,humano
congwenma,humano
conico974,humano
conioX,humano
conmute,humano
connectshruti,humano
connerdassen,humano
connershoop,humano
connor-baer,humano
connor-wantomo,humano
connor11528,humano
connor4312,humano
connorads,humano
connoredward,humano
connorlanigan,humano
connormcwood,humano
connorpwilliams,humano
connorshea,humano
conor,humano
conor909,humano
conordavidson,humano
conquera99,humano
conradh,humano
conradkirschner,humano
conradzimney,humano
consciousnessdev,humano
consdu,humano
constb,humano
constmoon,humano
contactjawad,humano
contigen,humano
controversial,humano
coodoo,humano
cooervo,humano
cookbr,humano
coolbeatz71,humano
coolgk,humano
coolsoftwaretyler,humano
coopbri,humano
coopernewby,humano
coox,humano
copilot-swe-agent,agente_ia
copperwall,humano
coravacav,humano
corbanvilla,humano
corbin-mosher,humano
cordial-canary,humano
cording12,humano
cordmitchell,humano
coredevel,humano
corentin-hannoye,humano
coreycoto,humano
coreydunkin,humano
coreyleelarson,humano
coreyward,humano
cornedor,humano
corocode,humano
correttojs,humano
corrieuys,humano
corscheid,humano
corvallo,humano
coryasilva,humano
corydeppen,humano
corydhmiller,humano
coryetzkorn,humano
coryhouse,humano
coryshrmn,humano
corysimmons,humano
corywatsonhcl,humano
cosformula,humano
cosieLq,humano
cosier,humano
cosivox,humano
cosmicknox,humano
cosmicpush,humano
cosmictoby,humano
cosocaf,humano
costasapostolopoulos,humano
cosydney,humano
cotarelorodrigo,humano
cotwitch,humano
cotyhamilton,humano
coultonluke,humano
couturecraigj,humano
coveralls,humano
cowofevil,humano
cpakken,humano
cparthiv,humano
cpatti97100,humano
cpeaustriajc,humano
cpf-sh,humano
cphoover,humano
cpojer,humano
cpotey,humano
cpouldev,humano
cprcrack,humano
cprussin,humano
cptiv2020,humano
cpubot,humano
cqh963852,humano
cr101,humano
crackycricket,humano
craftedsro,humano
craftgear,humano
craftogrammer,humano
crahantan,humano
craig1123,humano
craigRSA,humano
craigandrews,humano
craigcartmell,humano
craigcbrunner,humano
craigdanj,humano
craigglennie,humano
craighillwood,humano
craigmcc,humano
craigmcnamara,humano
craigmulligan,humano
craigpg,humano
craigsssmith,humano
craigthomasfrost,humano
craigwheeler,humano
cramforce,humano
cranberyxl,humano
cranknet,humano
crapthings,humano
crash7,humano
crashncrow,humano
crathert,humano
crathor,humano
crava-logico-srl,humano
cravend,humano
crawlchange,humano
crax0,humano
cray2015,humano
crazy-slot,humano
crazyLjuba,humano
crazyWolf-cz,humano
crazyair,humano
crazyfrequency,humano
crazyurus,humano
crazyweeds,humano
crcastle,humano
createdbymax,humano
creationix,humano
creativeindustriesgroup,humano
creativej,humano
creativoma,humano
creator-woow,humano
creatorIND,humano
creazy231,humano
creazyfrog,humano
crebelskydico,humano
credifiable,humano
creed-trellis,humano
creeefs,humano
crested927,humano
crevulus,humano
crice88,humano
crismic,humano
crisner1978,humano
crissmoldovan,humano
cristi8,humano
cristian-eriomenco,humano
cristianbote,humano
cristiand391,humano
cristiangon10,humano
cristicismas,humano
cristobalbahe,humano
cristobaldominguez95,humano
cristoferespindola,humano
crisvergara,humano
criticalpixel,humano
crmapache,humano
crnls,humano
crobley,humano
crodriguezvega,humano
cromosom,humano
cronin4392,humano
cronokirby,humano
croossin,humano
crossinghoods,humano
crow-yang,humano
crowmw,humano
crqrdotcom,humano
crs1138,humano
crshumate,humano
crswll,humano
crubier,humano
crudbrain,humano
crudh,humano
cruno91,humano
crushwan,humano
crusoexia,humano
crutch12,humano
crutchcorn,humano
crutchtheclutch,humano
cruzluna,humano
cruzlutor,humano
cruzz77,humano
crypt0miester,humano
cryptic-mystic,humano
cryptickoan,humano
cryptiklemur,humano
cryptoMavrik,humano
cryptod00c,humano
crysmags,humano
crzurita,humano
cs-miller,humano
csabapalfi,humano
csadai,humano
csampaio26,humano
csandman,humano
csantiago132,humano
csantos1113,humano
csaunier,humano
cschroeter,humano
csdal,humano
csdiehl,humano
cseas,humano
cseitz,humano
csellis,humano
csenio,humano
csgentile,humano
cshawaus,humano
cshiraga,humano
cshl0ve,humano
csi-lk,humano
csikosbalint,humano
csirkeee,humano
csisrobi,humano
csmartinsfct,humano
csonchen,humano
cssinate,humano
csswizardry,humano
cstenglein,humano
cstolli,humano
csulit,humano
csumudu,humano
csvidit,humano
ctaity,humano
ctate,humano
ctavan,humano
ctbarna,humano
cteer-everquote,humano
ctessier,humano
ctestamarck,humano
ctgsjrgl,humano
cthacker-udel,humano
ctjlewis,humano
ctkc,humano
ctolkien,humano
ctotheameron,humano
ctrenks,humano
ctrespoo,humano
ctretyak,humano
ctrl-Felix,humano
ctrlaltdylan,humano
ctrlplusb,humano
ctrngk,humano
ctsstc,humano
cuining,humano
cuiweixie,humano
cullophid,humano
cullylarson,humano
cultofmetatron,humano
cultura-saatio,humano
cunc,humano
cungminh2710,humano
cunguyendev,humano
cuong1026,humano
cuonghv91,humano
cuongle-hdwebsoft,humano
cuongzdn,humano
cupcakearmy,humano
cupkk,humano
cupliz,humano
cupofjoakim,humano
cuquo,humano
cureau,humano
curiosbasant,humano
curiosityz,humano
curiouscod3,humano
curiousercreative,humano
curiouslychase,humano
curly210102,humano
curran,humano
cursor,humano
cursor[bot],agente_ia
customer-tfp,humano
cusxio,humano
cutlope,humano
cutsoy,humano
cuveodev,humano
cuxs,humano
cuyl,humano
cvan,humano
cvanem,humano
cvbge,humano
cvbuelow,humano
cvipul,humano
cvj5p4k6b5-pixel,humano
cvoege,humano
cvogl,humano
cvolant,humano
cvpcasada,humano
cvx,humano
cw1997,humano
cwarim-A,humano
cwatson272,humano
cweekly,humano
cwik-tech,humano
cwj1234567,humano
cwohlman,humano
cwtuan,humano
cxa,humano
cxbitz,humano
cxllmerichie,humano
cy-alonzo,humano
cyauai,humano
cyb3rsalih,humano
cybafelo,humano
cyber-kibadist,humano
cyber-nic,humano
cyberalien,humano
cyberdude,humano
cybershang,humano
cybertino,humano
cybervaldez,humano
cyberwombat,humano
cycyewt,humano
cygnuxxs,humano
cyheum,humano
cyhforlight,humano
cypherab01,humano
cyphercodes,humano
cyphersys,humano
cyphire,humano
cyril-marblism,humano
cyrilcabo,humano
cyrilchapon,humano
cyrilf,humano
cyrillbolliger,humano
cyrilpanicker,humano
cyrilpsaju,humano
cyrilwanner,humano
cyrine25,humano
cyrus-za,humano
cyrusae,humano
cysabi,humano
cysbyte,humano
cysp,humano
cytronn,humano
cyzanfar,humano
czebe,humano
czekFREE,humano
czterystaczwarty,humano
cztomsik,humano
czuli,humano
czy0729,humano
czycha,humano
czymstef,humano
czzarr,humano
d-a-s,humano
d-adamkiewicz,humano
d-asensio,humano
d-dmytro,humano
d-ii-m-a,humano
d-kunrath,humano
d-mon-,humano
d-nakajima,humano
d-rubin,humano
d-sanderson,humano
d-strygwyr,humano
d-suke,humano
d-tamborrino-fincons,humano
d-vorobyov,humano
d0hyeon,humano
d0whc3r,humano
d1y,humano
d2orbc,humano
d3lm,humano
d3vAdv3ntur3s,humano
d3varaja,humano
d3vhound,humano
d3vzr,humano
d3x7r0,humano
d4ny0,humano
d9j,humano
dBianchii,humano
dKustura,humano
dStormTrooper,humano
dYb,humano
da1z,humano
daanboer,humano
daanveraart,humano
daanvosdewael,humano
daba-favalcodes,humano
dacarley,humano
dacgray,humano
dacharjaya,humano
dacitto,humano
dackers86,humano
dackmin,humano
dackom,humano
dacunagm,humano
dacxjo,humano
daecepi,humano
dafavio,humano
dafengzhen,humano
daffl,humano
dafywinf,humano
dagangtj,humano
dagda1,humano
dagecko,humano
dagenius007,humano
daggy1234,humano
dagoss,humano
daguej,humano
dahaca,humano
daiaji,humano
daikiejp,humano
dailytravel,humano
dainemawer,humano
dainius-zm,humano
daiyam,humano
dajocarter,humano
dajomu,humano
dakairus,humano
dakdevs,humano
dakini10,humano
daklod2k3,humano
dakotaJang,humano
dakshnarwaria,humano
dakshshah96,humano
dakt,humano
daku10,humano
dala00,humano
dalalRohit,humano
dalalmj,humano
dalanmiller,humano
dale-lakes,humano
dalechyn,humano
dalfriedrice,humano
dalibor-123,humano
dalindev,humano
dalisalvador,humano
dalisoft,humano
dalist1,humano
daliudzius,humano
dalkommatt,humano
dallasycle,humano
dallen4,humano
dallinwright,humano
dallyh,humano
dalmasonto,humano
dalmo3,humano
daltonmcphaden,humano
damacisaac,humano
damaera,humano
damartripamungkas,humano
damassi,humano
damgel,humano
damian,humano
damian-balas,humano
damianesteban,humano
damianfabian,humano
damianfilipek81,humano
damianfrizzi,humano
damianmarek,humano
damiano216,humano
damianobarbati,humano
damianon,humano
damianricobelli,humano
damianslonski,humano
damianstasik,humano
damien,humano
damien-monni,humano
damien-schneider,humano
damienmillet,humano
damiensedgwick,humano
damiisdandy,humano
damischa1,humano
damjtoh,humano
damla,humano
dammy001,humano
damnitrahul,humano
damnmicrowave,humano
damnsamn,humano
damontes,humano
damontgomery,humano
damozhang,humano
damusnet,humano
damyco,humano
dan,humano
dan-b-hu,humano
dan-breu,humano
dan-coman,humano
dan-cooke,humano
dan-fein,humano
dan-j,humano
dan-kimani,humano
dan-loomb,humano
dan-lynch,humano
dan-made,humano
dan-mcdonald,humano
dan-overton,humano
dan-silk-discovery,humano
dan-turner,humano
dan-valang,humano
dan-weaver,humano
dan2kx,humano
danAtInv,humano
dana-ciocan,humano
danaiszuul,humano
danalex7212,humano
danantal,humano
dananw,humano
danaugrs,humano
danawoodman,humano
danb235,humano
danbalarin,humano
danbeck,humano
danbentonsmith,humano
danbergelt,humano
danbockapps,humano
danboyle8637,humano
danbritt,humano
danbrown,humano
danbruegge,humano
dancamdev,humano
dancancro,humano
dance-cmdr,humano
dance374,humano
danceroutine,humano
dancherb,humano
dancmeyers,humano
dandamian,humano
dandaniel5,humano
dandigangi,humano
dandonahoe,humano
dandrei,humano
dandv,humano
dandyling,humano
dane-brown,humano
dane-du-plessis,humano
danechitoaie,humano
daneden,humano
daneduijnkerke,humano
danedwardsdeveloper,humano
daneroo,humano
daneseuwu,humano
danesto,humano
danestves,humano
danez,humano
danf97,humano
danfleser,humano
dangelion,humano
danger-ahead,humano
danger-mon,humano
dangerisgo2021,humano
dangerousdan,humano
danghieuliem,humano
dango0812,humano
dangra,humano
dangreen,humano
dangvantu99CM,humano
danhab99,humano
danhawkes,humano
danhemerlein,humano
danhodkinson,humano
dani-mp,humano
dani-z,humano
dani97,humano
daniboomerang,humano
danicunhac,humano
danidb,humano
daniel tea,humano
daniel-bar,humano
daniel-constsoftsystems,humano
daniel-elport,humano
daniel-jebarson,humano
daniel-johnsson,humano
daniel-koudouna,humano
daniel-minchev,humano
daniel-souza,humano
daniel-stockman-lark,humano
daniel-trevino,humano
daniel-web-developer,humano
danielGz,humano
danielaliendo,humano
danielalves96,humano
danielanitsa,humano
danielantelo,humano
danielbarion,humano
danielbayerlein,humano
danielbeardsley,humano
danielbertini,humano
danielbh,humano
danielblignaut,humano
danielbom,humano
danielboso,humano
danielbruni,humano
danielcalvolopez,humano
danielcaraujo,humano
danielcavanagh,humano
danielchabr,humano
danielcizin,humano
danielcolinjames,humano
danielcondemarin,humano
danielcsorba,humano
danieldelcore,humano
danieldhems,humano
danielfoxp2,humano
danielgangverk,humano
danielgarstin,humano
danielgroen,humano
danielhjacobs,humano
danielhochman,humano
danielhuang,humano
danielhusar,humano
danieljamesross,humano
danieljee,humano
danieljoffe,humano
danieljpgo,humano
danieljvdm,humano
danielkcz,humano
danielkoller,humano
danielkov,humano
danielkrash,humano
danielkrupnyi,humano
danielle-o3h,humano
daniellskelton,humano
danielmarkow,humano
danielmeyer-cn,humano
danielo515,humano
danielolaviobr,humano
danielpaz6,humano
danielpid,humano
danielpl10,humano
danielr18,humano
danielrotaermel,humano
danielschleindlsperger,humano
danielschmitz,humano
danielseider,humano
danielsimao,humano
danielstaleiny,humano
danielstocks,humano
danieltott,humano
danieltroger,humano
danielturus,humano
danielvanc,humano
danielwaltz,humano
danielyefet,humano
danielzlotnik,humano
danigalvez,humano
daniianto,humano
daniilpanichevornament,humano
danikaze,humano
daniloarcidiacono,humano
danilobuerger,humano
danilocanalle,humano
danilockthar,humano
danilofuchs,humano
danilowoz,humano
danio-tech,humano
danishaft,humano
danisms,humano
danistefanovic,humano
danitatt,humano
danivideda,humano
daniyal214,humano
danjebs,humano
danjiro,humano
dankain,humano
dankerk,humano
dankolesnikov,humano
dankremniov,humano
danlannan777,humano
danlevison,humano
danlunde,humano
danlupascu,humano
danlutz,humano
danmartens,humano
danmindru,humano
danmondra,humano
dannav,humano
danny-andrews-snap,humano
danny-dang,humano
danny-fallas,humano
dannyDNS,humano
dannyblv,humano
dannygooze,humano
dannylewis-sheffield,humano
dannylinden,humano
dannypk,humano
dannyrb,humano
dannytlake,humano
dannywin25,humano
danoc,humano
danog,humano
danongchewseng,humano
danoph,humano
danpacho,humano
danpeleg4,humano
danroberts,humano
danrossi,humano
danschleicher,humano
dansmachina,humano
danspratling,humano
dante-robinson,humano
dante-sparras,humano
dante01yoon,humano
danteissaias,humano
dantevicenzo,humano
danthegoodman1,humano
dantheli,humano
dantman,humano
danursin,humano
danutc,humano
danver0921,humano
danvim,humano
danvoyce,humano
danwild,humano
danwilliams,humano
danya0365,humano
danyabunkov,humano
danyalahmed1995,humano
danyasnov,humano
danybeltran,humano
danz232,humano
danzawadzki,humano
daochouwangu,humano
daolou,humano
daotrungkien,humano
daphnesmit,humano
dapinto8,humano
daraHK88,humano
daraclare,humano
darahak,humano
darasus,humano
darcy-vitacca,humano
dardanbujupaj,humano
daredevil3435,humano
darego1990,humano
dareiff,humano
darenmalfait,humano
dargue3,humano
darichey,humano
darincon,humano
dario-piotrowicz,humano
dariodebastiani-roo,humano
dariodjuric,humano
dariolongo,humano
darioscattolini,humano
dariuscosden,humano
dariusrosendahl,humano
dariye,humano
dark-swordsman,humano
darkh3aven,humano
darklight9811,humano
darkmavis1980,humano
darknoon,humano
darkoatanasovski,humano
darkowic,humano
darkpiv,humano
darkship,humano
darkspirit2802,humano
darktohka,humano
darl0ck,humano
darmen,humano
darob235,humano
daroldso,humano
daross-wizehire,humano
darotar,humano
darphiz,humano
darqueos,humano
darr1s,humano
darrellwarde,humano
darrenbarklie,humano
darrylhuffman,humano
darrylmabini,humano
darrylmorley,humano
darrylsepeda,humano
darshanjain-entrepreneur,humano
darshansrc,humano
darshantejani007,humano
darshkpatel,humano
dartess,humano
darthchudi,humano
darthmaim,humano
darthrommy,humano
darthzyklus,humano
dartilesm,humano
darul75,humano
darushton,humano
darvids0n,humano
darwin-morocho,humano
darwin403,humano
darwin808,humano
darwinshameran,humano
darwinva97,humano
daryl,humano
daryllreillo,humano
darylthornhill,humano
dasbego,humano
dasblitz,humano
dashawk,humano
dashdesai,humano
dashkevych,humano
dashranjin,humano
dashty94,humano
dastagirshaikhh,humano
dastanozgeldi,humano
dastoori,humano
dastrong,humano
daszkowski,humano
datduyng,humano
datlieu110,humano
datner,humano
datnt1171,humano
datphan,humano
datrine,humano
datteroandrea,humano
daudimathias,humano
dav-is,humano
dav1app,humano
davafy111,humano
davakh,humano
davbrito,humano
dave,humano
dave-cross,humano
dave-hay,humano
dave-nicholas,humano
dave-wwg,humano
dave1010,humano
dave11mj,humano
daveOnactive,humano
daveagill,humano
davecardwell,humano
davecarlson,humano
davecyen,humano
daved-gowithhero,humano
davefeucht,humano
davegomez,humano
daveidivide,humano
davelin18yufan,humano
davemaynard,humano
davemcorwin,humano
davemecha,humano
davepoon,humano
daverik,humano
daves28,humano
davesierra,humano
daveskybet,humano
davetapley,humano
daveteu,humano
davetsc,humano
davevanhoorn,humano
davewelsh,humano
daveycodez,humano
daveyjones,humano
davialcantaraa,humano
daviavmello,humano
davibe,humano
david,humano
david-alpert-nl,humano
david-bell-anz,humano
david-buck,humano
david-genger,humano
david-kiwibio,humano
david-morris,humano
david-sabata,humano
david-sautet,humano
david-scheiner-depop,humano
david-zagi,humano
david0178418,humano
davidalejandroaguilar,humano
davidamunga,humano
davidar,humano
davidaragundy,humano
davidarny,humano
davidascher,humano
davidasync,humano
davidatone,humano
davidautohound,humano
davidballezaa,humano
davidbarratt,humano
davidbarratt-drizly,humano
davidbelow,humano
davidbnk,humano
davidbonachera,humano
davidcalhoun,humano
davidcallanan,humano
davidchase,humano
davidcm62,humano
davidcp90,humano
davidcraig,humano
davidcsally,humano
davidcunha,humano
daviddarnes,humano
daviddelusenet,humano
daviddigital,humano
davideasaf,humano
davidebbo,humano
davidebukali,humano
davidecutrupi,humano
davidfateh,humano
davidfcopozo,humano
davidfells,humano
davidgarsan,humano
davidgaspardev,humano
davidgbell,humano
davidgg,humano
davidgilbertson,humano
davidgolden,humano
davidgomes,humano
davidgruar,humano
davidhanlonJCM,humano
davidhellmann,humano
davidhellsing,humano
davidhousedev,humano
davidhu2000,humano
davidhughhenrymack,humano
davidizac,humano
davidjerleke,humano
davidjmurphyjr,humano
davidjnelson,humano
davidjulakidze,humano
davidkartuzinski,humano
davidkhan4747,humano
davidkhierl,humano
davidknezic,humano
davidlag0,humano
davidlashlee,humano
davidlbowman,humano
davidlindercodes,humano
davidlky,humano
davidluhr,humano
davidmyriel,humano
davidmytton,humano
davidnbooth,humano
davidnguyen11,humano
davidnx,humano
davidohlin,humano
davidowens,humano
davidpaley,humano
davidparys,humano
davidpfahler,humano
davidpmccormick,humano
davidprae,humano
davidqhr,humano
davidrhoderick,humano
davidroman0O,humano
davidrossjones,humano
davids200,humano
davidsa03,humano
davidsantucci-ph,humano
davidsonsns,humano
davidspiessens,humano
davidteejay,humano
davidtheclark,humano
davidthomasparks,humano
davidthorand,humano
davidtranjs,humano
davidtrogers,humano
davidtsai,humano
daviduzumeri,humano
davidwhthomas,humano
davidwieler,humano
davidwinter,humano
davidyarham,humano
davidye,humano
davidzech27,humano
davilima6,humano
davimgfx,humano
davincho,humano
daviseford,humano
davletovalmir,humano
davoodhobabi,humano
davscro,humano
davydog187,humano
davzie,humano
daw5,humano
dawi,humano
dawid-boruta-fabres,humano
dawidk92,humano
dawidkostrzewa,humano
dawksh,humano
dawnbeen,humano
dawnerd,humano
dawsbot,humano
dawsnap,humano
dawsonbooth,humano
dawudarif,humano
dayan2222,humano
dayanrr91,humano
daybert,humano
dayblox,humano
daynejones,humano
dayongkr,humano
dayoolacodes,humano
dazuaz,humano
dbachrach,humano
dbaganov,humano
dballance,humano
dbarabashh,humano
dbartholomae,humano
dbaweb,humano
dbeaudway,humano
dbedoyat,humano
dbehmoaras,humano
dbergey,humano
dberhane,humano
dbertella,humano
dbismut,humano
dbjorge,humano
dbk91,humano
dbkaplun,humano
dbo,humano
dboekhout,humano
dbondarchuk,humano
dbredvick,humano
dbroadhurst,humano
dbrodie122,humano
dbrowne24,humano
dbrrt,humano
dbrudner,humano
dbrunais,humano
dbruvers,humano
dbrxnds,humano
dbry23,humano
dbstjddbwls,humano
dbuchet,humano
dburles,humano
dburrows,humano
dbushell,humano
dbustosp,humano
dbwhddn10,humano
dc7290,humano
dcalhoun,humano
dcangulo,humano
dcapitator,humano
dcastil,humano
dcatanzaro,humano
dcdev67,humano
dchambers,humano
dcheng1290,humano
dchodkie,humano
dchubarov,humano
dciug,humano
dclark27,humano
dclipca,humano
dcodesdev,humano
dcodrin,humano
dcodrington-godaddy,humano
dcollins-ttv,humano
dcorb,humano
dcoulter45,humano
dcousens,humano
dcousineau,humano
dcow,humano
dcplchandra,humano
dcporter44,humano
dcposch,humano
dcrck,humano
dcsan,humano
dcschmid,humano
dcurletti,humano
dcxn,humano
ddPn08,humano
ddadaal,humano
ddaoxuan,humano
ddaspodder,humano
ddazal,humano
ddcrobert,humano
ddeisadze,humano
ddgrishkin,humano
ddgromit,humano
ddhp,humano
ddikodroid,humano
ddm50,humano
ddoan,humano
ddoemonn,humano
ddomdel,humano
ddowoo,humano
ddussi,humano
ddwalias,humano
ddzieduch,humano
de-shine,humano
deadcoder0904,humano
deadlynjdj,humano
dealer-solutions-gene,humano
deammer,humano
deanmcpherson,humano
deanmraz,humano
deantheiceman,humano
dearfrankg,humano
dearlordylord,humano
deathemperor,humano
deathg0d,humano
deathlegionteamlk,humano
debabin,humano
deback,humano
debanjanbasu,humano
debel27,humano
debiyach,humano
debkanchan,humano
debsouryadatta,humano
debug-loop,humano
debugginator,humano
debuging-life,humano
decanTyme,humano
decapination-labs,humano
decepulis,humano
dechuangchang,humano
declanGaggin,humano
deconstructech,humano
decorsstudio,humano
decoursin,humano
dedegkaev,humano
dedesite,humano
deebov,humano
deeepanshu12,humano
deejayxd07,humano
deeluxe74,humano
deepak-saralaya-paypay,humano
deepakmodidev,humano
deepakrh185,humano
deepakvishwakarma-hh,humano
deepankarit,humano
deepanswer,humano
deepshekhardas,humano
deepslam,humano
deepso7,humano
deepthi2798,humano
deeq14,humano
deeseeker,humano
deetonn,humano
defectivenpc,humano
defi-engineer,humano
definaru,humano
definev,humano
definoob,humano
defjosiah,humano
deflomu,humano
defrex,humano
defucilis,humano
defunctzombie,humano
defx,humano
degibons,humano
degitgitagitya,humano
deh-code,humano
deiga,humano
deini,humano
deivoff,humano
dejanr,humano
dejanstrancar,humano
dejesus2010,humano
deki23,humano
deklanw,humano
delasy,humano
delbaoliveira,humano
delbyte,humano
deleau-victor,humano
delftware,humano
delgermurun,humano
deli-ght,humano
delianides,humano
delicatesther,humano
delikat,humano
delimmy,humano
dell-betterteem,humano
dellwatson,humano
delphinic-owl,humano
deltaepsilon,humano
deltasierra96,humano
delucca,humano
delzennejc,humano
demakoff,humano
demchenkodenis,humano
demfabris,humano
demirtasdurmus,humano
demonfiddler,humano
demongodYY,humano
demonguyj,humano
demoraesgui,humano
denchance,humano
dendrofen,humano
denesbeck,humano
denexapp,humano
dengBox,humano
dengdengyee,humano
dengoloborodko,humano
dengxiwang,humano
dengyun,humano
dengyunxie,humano
deniapps,humano
deniercounter,humano
deniivanov,humano
denik1981,humano
denis-shvets,humano
denis-sokolov,humano
denisb97,humano
deniseyu,humano
denisgursky,humano
denisjankovic,humano
denisonkolling,humano
denispixi,humano
denisrudov,humano
denisso,humano
denisw,humano
denizyoldas,humano
denk0403,humano
denkigai,humano
denkristoffer,humano
dennation,humano
dennieriechelman,humano
dennis-b,humano
dennis-gonzales,humano
dennis-pushh,humano
dennis3124,humano
dennisat,humano
dennischen0,humano
denniske,humano
dennismuench,humano
dennisofficial,humano
dennispassway,humano
dennisroethig,humano
dennisschneider,humano
dennisschoepf,humano
denniswebb,humano
denny7,humano
denny999222,humano
dennylouis,humano
dennytosp,humano
denu5,humano
denvaar,humano
denvradiy,humano
denvudd,humano
denyo,humano
denysderihlazov,humano
depak379mandal,humano
depart-arrive,humano
dependabot,bot
dependabot[bot],bot
depiction,humano
deptno,humano
der-daniel,humano
derBlume,humano
derSato,humano
derakhshanfar,humano
derbederrr,humano
dercoder,humano
derek-fong,humano
derek-primumco,humano
derek-rein,humano
derekalia,humano
derekaug,humano
derekdowling,humano
derekgygax,humano
derekjwilliams,humano
derekr,humano
derekschinke,humano
derenge,humano
deresegetachew,humano
derilkcc,humano
derit,humano
derjogi,humano
derk-jan-ns,humano
derkoe,humano
dermasmid,humano
derolf,humano
derreck503,humano
derskeal,humano
derwaldgeist,humano
derweili,humano
desaias,humano
desaidarshit,humano
desaijay315,humano
desblack3255677,humano
desca96aws,humano
desconocido,desconocido
desdamo,humano
deshazer,humano
deshiknaves,humano
deshrajvermay9517-png,humano
desiboli,humano
designbureau,humano
designbyadrian,humano
designcise,humano
designdevy,humano
designer2013,humano
designly1,humano
designspin,humano
desiprisg,humano
desire,humano
desjardinsalec,humano
desko27,humano
deslee,humano
desmap,humano
desmati,humano
desneck,humano
desnor,humano
despino-streaver,humano
dessalines,humano
dest1n1s,humano
destino92,humano
destocot,humano
destroyer22719,humano
destruc7i0n,humano
destumme,humano
detachedsoul,humano
deterministic-sh,humano
detrohutt,humano
dev-ABsid,humano
dev-abuhasan,humano
dev-ahmedhany,humano
dev-aly3n,humano
dev-badace,humano
dev-cutshort,humano
dev-cyprium,humano
dev-drprasad,humano
dev-fredericfox,humano
dev-goutham,humano
dev-gush,humano
dev-hari-prasad,humano
dev-intermedes,humano
dev-juju,humano
dev-justin,humano
dev-luch,humano
dev-morph,humano
dev-nasrullah,humano
dev-pi2pie,humano
dev-rohit-gupta,humano
dev-schad,humano
dev-shaiban,humano
dev-shetty,humano
dev-shubham01,humano
dev-tarun-nw,humano
dev-tmg,humano
dev-yesman,humano
dev1pavlo,humano
dev2xl,humano
devChedar,humano
devDoubleH,humano
devJasonClarke,humano
devLeopar,humano
devNimi,humano
devPablo,humano
devRabbani,humano
devSahinur,humano
devagrawal09,humano
devajakamerus,humano
devajmitra,humano
devakrishna33,humano
devalentineomonya,humano
devalexandre,humano
devalnor,humano
devangcx,humano
devanshj,humano
devanshsinghvaluecoders,humano
devareddy05,humano
devashish2024,humano
devbewill,humano
devboell,humano
devbrains-com,humano
devbyray,humano
devcaeg,humano
devchaudhary24k,humano
devchenyan,humano
devcitopia,humano
devcorpio,humano
devcyjung,humano
devdariill,humano
devdatkumar,humano
devdjdjdj,humano
devdogfish,humano
devdomsos,humano
devdpontes,humano
devdras,humano
devdua,humano
devdumpling,humano
deve-sh,humano
develo-pera,humano
develomark,humano
developer-choi,humano
developer-smartchain,humano
developer-vm-sixteen,humano
developer239,humano
developerEhsan,humano
developerJuiceLozzoc,humano
developerasun,humano
developerdavi,humano
developerjhp,humano
developermau,humano
developermickey,humano
developerr-ayush,humano
developerwill,humano
developh-co,humano
developher-net,humano
developit,humano
developmentnoblenexus,humano
devergroupio,humano
deverin,humano
devevignesh,humano
devgeno,humano
devhady,humano
devhasson,humano
devhe4d,humano
devhik0,humano
devhowyalike,humano
devhyunjae,humano
deviantpixel,humano
devilcode1101,humano
devin-aegis-studio,humano
devin-ai-integration,agente_ia
devin-ai-integration[bot],agente_ia
devin-liu,humano
devinatbryt,humano
devinekadeni,humano
devinhalladay,humano
devinowen,humano
devinpitcher,humano
devinrhode2,humano
devisales,humano
devisscher,humano
devitcf,humano
deviusboy,humano
devjiwonchoi,humano
devjmetivier,humano
devjsluis,humano
devklepacki,humano
devknoll,humano
devleejb,humano
devlopersabbir,humano
devlsh,humano
devmanbr,humano
devmanbud,humano
devmetal,humano
devmhimran,humano
devmoatassem,humano
devmodeunit,humano
devmsg,humano
devmuhnnad,humano
devnet-uk,humano
devniel,humano
devnyxie,humano
devodii,humano
devon2018,humano
devongovett,humano
devope,humano
devopsaptlife,humano
devpla,humano
devqueue,humano
devr77,humano
devraj,humano
devramsean0,humano
devrelm,humano
devrim-vaa,humano
devrsi0n,humano
devrudraa,humano
devsepnine,humano
devshun,humano
devsnek,humano
devsnowy,humano
devspectre91,humano
devsubid,humano
devsujay19,humano
devsumanmdn,humano
devtechedge,humano
devthejo,humano
devusvulgaris,humano
devuxer,humano
devv-aman,humano
devvMuhammad,humano
devvspaces,humano
devweissmikhail,humano
devwez,humano
devyu2,humano
devzhen,humano
devzonehaq,humano
dewald-els,humano
dex157,humano
dexter4life,humano
dextermb,humano
dexterouschen,humano
dexxiez,humano
deyancodez,humano
deybyr647,humano
deyuanyou,humano
deyvisonborges,humano
dezintegro,humano
dfd1123,humano
dfee,humano
dfelber,humano
dfelsie,humano
dfenske,humano
dferber90,humano
dfiedlerx,humano
dfilipov-glitnor,humano
dflantz,humano
dfltr,humano
dformteam,humano
dfoverdx,humano
dfr-exnaton,humano
dfvalero,humano
dg10mcdos,humano
dgabriele,humano
dgagn,humano
dgarciamuria,humano
dgattey,humano
dgellow,humano
dglazkoff,humano
dglsparsons,humano
dgordon-iqx,humano
dgrahamlong,humano
dgrcode,humano
dgrimaldi-intellyse,humano
dgs797,humano
dgthdat,humano
dgtllion,humano
dgtlprosllc,humano
dgurns,humano
dgxyzw,humano
dhaaana,humano
dhalbrook,humano
dhallX,humano
dhaniboy09,humano
dhanushkac,humano
dharanchit,humano
dharmilsan,humano
dharun36,humano
dhatGuy,humano
dhavalveera,humano
dhay,humano
dhayab,humano
dhayford92,humano
dhazeley,humano
dheeraj0007,humano
dheerajmpai,humano
dheerajsinghnagdali,humano
dherault,humano
dhffdh,humano
dhinezh,humano
dhleong,humano
dhmacs,humano
dhmoon91,humano
dhnm,humano
dhorkin,humano
dhruska,humano
dhruv-kaushik,humano
dhruvilxcode,humano
dhruvin-rv,humano
dhruvindsd-dev,humano
dhruvkelawala,humano
dhruvlathia,humano
dhuang-lmg,humano
dhulwells,humano
dhvcc,humano
dia-loghmari,humano
diagramatics,humano
dialite,humano
diamondT,humano
dianaKovalBetterme,humano
dianacpg,humano
dianyuyi,humano
diar-kourehpaz,humano
diatche,humano
diaz-hfc,humano
diberry,humano
dicash,humano
dichioniccolo,humano
dickamin,humano
dickwyn,humano
dictions,humano
didaktio,humano
didemkkaslan,humano
didemkome,humano
didierfranc,humano
didilinkin,humano
didiself,humano
didix16,humano
didoesdigital,humano
didomenicom,humano
didyk,humano
didymu5,humano
diecodev,humano
diegaccio,humano
diego-aquino,humano
diegoagd10,humano
diegoaguilar,humano
diegochavez,humano
diegocrivelaro,humano
diegodesouza,humano
diegofss11,humano
diegogallovich,humano
diegohaz,humano
diegohmac,humano
diegoleft,humano
diegomais,humano
diegomarcelino92,humano
diegomarcuz,humano
diegomejiaio,humano
diegomendezp,humano
diegomjasso,humano
diegopalat,humano
diegopelusa,humano
diegorafael,humano
diegosanz,humano
diegoulloao,humano
diegovfeder,humano
diemsouza,humano
dietrichmax,humano
dieuit07,humano
difrankode,humano
difrisul-dev1,humano
digeverything,humano
digggggggggg,humano
diggymon,humano
digigarlab,humano
digiguru,humano
diginikkari,humano
digiorgiu,humano
digitalbase,humano
digitaldonmedia,humano
digitalkaoz,humano
digitalmaster,humano
digitalmio,humano
digitalretailtech-scimarketview,humano
digitalsanity,humano
digitalthjarta,humano
digitaltopo,humano
digitarald,humano
digoburigo,humano
digz6666,humano
dihan48,humano
dihmeetree,humano
diidiiman,humano
diiegoburiti,humano
diip3sh,humano
diit,humano
dijalmass,humano
dijer119,humano
dijonmusters,humano
dijs,humano
dikaio,humano
dikaioai,humano
dikwickley,humano
dilidili,humano
dilipdivate,humano
dillionmegida,humano
dillonkelley,humano
diltondev,humano
dilvane,humano
dilwalashakib,humano
dilyandimitrov,humano
dim2k2006,humano
dima-f1,humano
dima-takoy-zz,humano
dimaMachina,humano
dimahinevfrontend,humano
dimak-dev,humano
dimaninc2,humano
dimaportenko,humano
dimashpt,humano
dimatakoy,humano
dimensi,humano
dimidob,humano
dimisus,humano
dimitri320,humano
dimitribarbot,humano
dimitrikochnev,humano
dimitrinicolas,humano
dimitrisdi,humano
dimitrisnl,humano
dimitrov93,humano
dimosmera,humano
dimroth,humano
dimuska139,humano
dinakar17,humano
dincerdegre,humano
dincerpece,humano
dinesh-rapidops,humano
dineshh-m,humano
dineshmatta,humano
dineshroxonn,humano
dineshyadav3169,humano
dinfyru,humano
dingram94,humano
dingziqi,humano
dinhanhthi,humano
dinimr,humano
dinkar030501,humano
dinkelspiel,humano
dinofx,humano
dinogomez,humano
dinosmajovic,humano
dinpau,humano
dinwwwh,humano
diogenes1oliveira,humano
diogo-felix-martins-t,humano
diogoca,humano
diogocapela,humano
diogomachado,humano
diogomartino,humano
diogomoreira,humano
diogoparente,humano
diogovdias,humano
diogoviannaaraujo,humano
dion-codeit,humano
dionevoss,humano
dipakparmar,humano
dipanjanpanja6,humano
dipankarmaikap,humano
dipeshhkc,humano
dipiash,humano
diptachoudhury,humano
dir,humano
dirheimerb,humano
dirkjf,humano
diroussel,humano
dirtybirdnj,humano
dirtycajunrice,humano
discordwell,humano
discoverlance-com,humano
discretegames,humano
dishb,humano
disintegrator,humano
disjukr,humano
diskothibautha,humano
dislick,humano
dispix,humano
distor-sil3nt,humano
ditchk,humano
dition0221,humano
divinrkz,humano
divmain,humano
divmgl,humano
divomen,humano
divquan,humano
divslinger,humano
divyanshudhruv,humano
divyanshutomar,humano
divyansshhh,humano
divyenduz,humano
dixakman,humano
dixitpeeyush,humano
dizlexik,humano
dizzyn,humano
djacquemard,humano
djaffer,humano
djanda97,humano
djavco,humano
djaydevs,humano
djboris88,humano
djechlin,humano
djejaquino,humano
djeusette,humano
djfarly,humano
djfarrelly,humano
djforth,humano
djhi,humano
djindjic-factory,humano
djjrip,humano
djkato,humano
djleonskennedy,humano
djmarland,humano
djnorrisdev,humano
djodjo02130,humano
djowvani,humano
djpiper28,humano
djshubs,humano
djsilcock,humano
djsisson,humano
djskinner,humano
djvex,humano
djxy,humano
dkempner,humano
dkershner6,humano
dkildar,humano
dkirchhof,humano
dkleber89,humano
dklymenk,humano
dknalp,humano
dknell,humano
dkodeit,humano
dkokotov,humano
dkottas-nelios,humano
dkozickis,humano
dkpoult,humano
dkrefta,humano
dkrish,humano
dkryaklin,humano
dks-customs,humano
dkt0591,humano
dl-kpiatek2,humano
dl-web-dev,humano
dlackty,humano
dladeira,humano
dlamprey,humano
dlaugharnTAG,humano
dlbnco,humano
dlcoffee,humano
dlebedynskyi,humano
dlee,humano
dlehmhus,humano
dlhck,humano
dlindenkreuz,humano
dlittle1,humano
dliuproduction,humano
dlouhak,humano
dlr1251,humano
dlsso,humano
dlstjq7685,humano
dluan,humano
dlvx,humano
dlwjiang,humano
dm1nh,humano
dm430,humano
dmaksimov,humano
dmaksymec,humano
dmalik,humano
dmarcucci,humano
dmathisen,humano
dmayo2,humano
dmbaranov,humano
dmchoi77,humano
dmdb,humano
dmelo-sh,humano
dmend3z,humano
dmerchier,humano
dmfcoops,humano
dmgawel,humano
dminkovsky,humano
dmitkov28,humano
dmitrc,humano
dmitrek,humano
dmitriigirskii,humano
dmitrika,humano
dmitrisanzharov,humano
dmitriyK1,humano
dmitriz,humano
dmitrizzle,humano
dmitry-js,humano
dmitrybolt,humano
dmitrymalakhov,humano
dmitryrn,humano
dmitweb,humano
dmkotan,humano
dmks,humano
dmlap,humano
dmmz,humano
dmoKruso,humano
dmoli,humano
dmorda,humano
dmouse,humano
dmpx,humano
dmr,humano
dmsoares,humano
dmtrKovalenko,humano
dmudro,humano
dmurawsky,humano
dmurvihill,humano
dmvdven,humano
dmvjs,humano
dmwallace,humano
dmwin72015,humano
dmyerscough,humano
dmythro,humano
dmytro-lymarenko,humano
dmytro-machulskyi,humano
dmytro-palaniichuk,humano
dmytropanontko,humano
dnajar-gemini,humano
dnakov,humano
dnaranjo89,humano
dnbastos,humano
dnbkr,humano
dnepro,humano
dneugebauer,humano
dnguyenfs,humano
dnhn,humano
dninomiya,humano
dnkm,humano
dnlaviv,humano
dnlwllms,humano
dnmahendra,humano
dnorac,humano
dnpg,humano
dnsco,humano
dnspnjrs,humano
dntrkv,humano
dnyn92,humano
dnzg,humano
do-it-tmrw,humano
do-n-khanh,humano
doamatto,humano
doantu-mirabo,humano
doas3140,humano
dob9601,humano
dobrac,humano
dobrakmato,humano
docforcedev,humano
docimin,humano
documedicgp,humano
dodalovic,humano
dodiameer,humano
dodyagung,humano
dofaromg,humano
dofire,humano
dogada,humano
dogcalas,humano
dogfrogfog,humano
doggodoge,humano
dogsonacid,humano
doguh,humano
dogukan6durukan,humano
dogukanakkaya,humano
dogukanoksuz,humano
dogyun-wildseed,humano
dohomi,humano
dohooo,humano
dohsimpson,humano
dohun0310,humano
doiali,humano
doinghun,humano
doinki,humano
doitlikepruett,humano
doksara,humano
dokugo,humano
doliG,humano
dolie,humano
doliver93,humano
dolmios,humano
dolphrundgren,humano
domachine,humano
domainio,humano
domasrc,humano
domcoleman,humano
domdomegg,humano
domelic,humano
domenico-ruggiano,humano
domeq,humano
domharrington,humano
domhede,humano
domilin,humano
dominic-preap,humano
dominicbachmann,humano
dominicfallows,humano
dominicfraser,humano
dominickiprotich,humano
dominictobias,humano
dominictracey,humano
dominiczaq,humano
dominik-lenhart,humano
dominik-sfl,humano
dominikS007,humano
dominikmatt,humano
dominiksipowicz,humano
dominikwilkowski,humano
dominikzogg,humano
dominnya,humano
domosedov,humano
domtaylor,humano
domwebber,humano
don-esteban,humano
donaldpipowitch,humano
donalffons,humano
donaminos,humano
donavon,humano
donbellamy,humano
donedgardo,humano
donferi,humano
dongcer,humano
dongchunxu,humano
donghhan,humano
dongnguyenvie,humano
dongoa,humano
dongrh214,humano
dongryphon,humano
dongwon kim,humano
dongwonnn,humano
donhessman,humano
doniyor2109,humano
donkeyote,humano
donley828,humano
donnersvensson,humano
donovanroubos,humano
donpark,humano
donprasetiyo,humano
donsn,humano
dont-see-big-shark,humano
dontmakemethink,humano
dontsave,humano
donttouchmylancable,humano
doobee98,humano
doodiosie,humano
doofythedragon,humano
dooman87,humano
doorman02,humano
dopplerDistortion,humano
dopry,humano
doptster,humano
dorapon48,humano
dorbal,humano
dorgamliel1,humano
dorian-davis,humano
dorian-marchal,humano
dorianb,humano
doriansmiley,humano
dorji-dev,humano
dorli,humano
dormammun,humano
doronnac,humano
doronnahum,humano
dorshinar,humano
dortonway,humano
dortzur,humano
dorukerenaktas,humano
dosentmatter,humano
dospolov,humano
dossy,humano
dostavic,humano
dotKuro,humano
dotNomad,humano
dotansimha,humano
dotcs,humano
dotcypress,humano
dotellie,humano
dotkas,humano
dotku,humano
dotlouis,humano
dotomaz,humano
dotsinspace,humano
dotspencer,humano
dottodot,humano
doug-lessen,humano
doug-shontz,humano
doug-skinner,humano
doug-stewart,humano
dougaraujos,humano
dougg0k,humano
douglas-pires,humano
douglasduteil,humano
douglasjunior,humano
douglasrcjames,humano
douglasvegas,humano
dougwithseismic,humano
doums,humano
douwepausma,humano
douyacun,humano
doveg,humano
download13,humano
dowrow,humano
dowster,humano
doxsch,humano
doylemark,humano
doz13189,humano
dozgunyal,humano
dpacmittal,humano
dpalaniichuk,humano
dpatel4-lat,humano
dpbrackin,humano
dpejic,humano
dperetti,humano
dpfavand,humano
dphang,humano
dpkass,humano
dpnolte,humano
dpogni,humano
dpolugic,humano
dpranav007,humano
dprothero,humano
dpsthree,humano
dptoinformatica3ser,humano
dptoot,humano
dpuscher,humano
dpwolfe,humano
dpyzo0o,humano
dqfort,humano
dqii,humano
dqn,humano
dquilter,humano
dr-star,humano
dr5hn,humano
drKnoxy,humano
drMonro,humano
drafenous,humano
dragGH102,humano
drager,humano
dragidavid,humano
dragooncjw,humano
dragos199993,humano
dragos99,humano
drahmedshaheen,humano
drajamal,humano
drakata,humano
drake-nathan,humano
drakh,humano
drakmail,humano
draphikas,humano
drax314,humano
drazik,humano
drblessing,humano
drbruddet,humano
drcmda,humano
drcox23,humano
dread-44,humano
dread557,humano
dreadwail,humano
dream-ellie,humano
dreamawakening,humano
dreamdev123,humano
dreamer01,humano
dreamerhyde,humano
dreamstyle,humano
dreamthink,humano
dreamworker0,humano
dreglad,humano
drejohnson,humano
drekembe,humano
dresende,humano
dretsa,humano
drew-codes,humano
drewbietron,humano
drewbitt,humano
drewcasebeer,humano
drewcook,humano
drewcovi,humano
drewdecarme,humano
drewlong314,humano
drewloomer,humano
drewlustro,humano
drewpc,humano
drewradcliff,humano
drex44,humano
drexxdk,humano
drgx,humano
driaug,humano
drichfield,humano
driglou,humano
drithh,humano
drizco,humano
drj17,humano
drkgrntt,humano
drkstr101,humano
drmahikbov,humano
drmr-milan,humano
drnachio,humano
drobannx,humano
drobnjak10,humano
drobson03,humano
droganov,humano
drollinger,humano
droplab,humano
drorIvry,humano
droslean,humano
drpancake,humano
drptbl,humano
drsamame,humano
dru89,humano
drumm2k,humano
drumsmanku,humano
drumst0ck,humano
drupsys,humano
druvisc,humano
drwpow,humano
drykberg,humano
dryleaf,humano
drzraf,humano
dsacramone,humano
dsantic,humano
dsantos747,humano
dsatgit,humano
dsbrianwebster,humano
dscafati,humano
dschafer,humano
dschenkelman,humano
dschi,humano
dscreet,humano
dsdevries,humano
dsds191919,humano
dsebastien,humano
dsentker,humano
dsernst,humano
dshukertjr,humano
dsiebes,humano
dsingleton,humano
dskiba,humano
dsm23,humano
dsmikeyorke,humano
dsmurl,humano
dsosborn,humano
dstaley,humano
dstapleton92,humano
dstarosta,humano
dstotijn,humano
dstoyanoff,humano
dstr89,humano
dstreet,humano
dstrizhakov,humano
dstrtop1,humano
dsueltenfuss,humano
dsumer,humano
dsveins,humano
dsvgit,humano
dswersky,humano
dszymczuk,humano
dt1900,humano
dtb-david,humano
dtbayles,humano
dth12,humano
dthelimit,humano
dtinth,humano
dtmkeng,humano
dtno-bashar-alqaysi,humano
dtokos,humano
dtothefp,humano
dtrucs,humano
dtwardy,humano
duakayra,humano
duannx,humano
dubKelly,humano
duc-gp,humano
duc-hoang-161,humano
ducan-ne,humano
ducanh2110,humano
duccanhole,humano
ducdev,humano
ducmaster01,humano
ducofronik,humano
ductnn,humano
ducviet1696,humano
duducv,humano
dudusotero,humano
dufrein,humano
dukemai,humano
dukesx,humano
duketemplar,humano
dukwon81,humano
dulajkavinda,humano
dulapahv,humano
dulmandakh,humano
dumb-programmer,humano
dumbravaandrei22,humano
dumplings,humano
dunatron,humano
duncan-meech,humano
duncan-tincello,humano
duncanleung,humano
dune-ng,humano
dunecache,humano
dung28-td,humano
dunglas,humano
dungmv,humano
dunika,humano
dunin,humano
dunklesToast,humano
duongductrong,humano
duonghungkiet,humano
duongkhoangiam,humano
duongmngo,humano
duongynhi000005-oss,humano
duracellrabbid,humano
durawat,humano
durchanek,humano
durdo,humano
durk0,humano
dusanralic,humano
dusave,humano
dushyant-hada-90,humano
dushyantucreate,humano
dusklight00,humano
dustinaleksiuk,humano
dustinbrownman,humano
dustinlacewell,humano
dustinsenos,humano
dustinsgoodman,humano
dustinsoftware,humano
duthanhduoc,humano
dutradda,humano
duuliy,humano
duveborg,humano
duvholt,humano
duxpe,humano
duydang2311,humano
duyha1309,humano
duylevietluu,humano
duypham90,humano
duyphamsalto,humano
duyphanz,humano
dvaJi,humano
dvakatsiienko,humano
dvaldesg,humano
dvargasfuertes,humano
dvelasquez,humano
dvenomb98,humano
dvoytenko,humano
dvrd,humano
dvrnDB,humano
dvyio,humano
dwabyick,humano
dwalkr,humano
dwarsbit,humano
dwat3r,humano
dwbruhn,humano
dweemx,humano
dwest-teo,humano
dwesty17,humano
dwidc,humano
dwightwatson,humano
dwilt,humano
dwissaaj,humano
dwjohnston,humano
dwolrdcojp,humano
dwoodwardgb,humano
dwrth,humano
dwwoelfel,humano
dx66668,humano
dxdejong,humano
dy,humano
dy0gu,humano
dyarfaradj,humano
dycw,humano
dydals3440,humano
dyerc,humano
dyk98,humano
dyladan,humano
dylan-sharp,humano
dylanOshima,humano
dylandignan,humano
dylanhu7,humano
dylanirion,humano
dylanjha,humano
dylanjt,humano
dylanngph,humano
dylhack,humano
dylpckl,humano
dymoo,humano
dymori,humano
dysbulic,humano
dyun8080,humano
dyyyl,humano
dzakki,humano
dzek69,humano
dzeyms,humano
dzienisz,humano
dzigg,humano
dzinemon,humano
dzmitry-lahoda,humano
dzucconi,humano
dzungvn,humano
e-e-e,humano
e-jigsaw,humano
e-karma,humano
e-lobo,humano
e-roy,humano
e10jon,humano
e2goon,humano
e3b0c442,humano
e752938,humano
eFFeeMMe,humano
eKoopmans,humano
eNkru,humano
eTech-Source,humano
eaardal,humano
eademir,humano
eagerestwolf,humano
eagor,humano
eagrigorev,humano
eagrwl,humano
eahenke,humano
eahlberg,humano
eahmann,humano
ealexhaywood,humano
ealmansi,humano
ealmiladi,humano
ealvarez968,humano
eandre,humano
eannnnnn,humano
eaoliver,humano
earthlingdavey,humano
easga,humano
eashish93,humano
eastfilmm,humano
eastsideddd,humano
eastwood,humano
easy-street,humano
easy-why-not,humano
easybeau,humano
easygofar,humano
eatmoarrice,humano
eatrocks,humano
eavae,humano
eazizurrehman,humano
ebCrypto,humano
ebakken,humano
ebameng,humano
ebanek,humano
ebemunk,humano
eben-vranken,humano
ebennaga,humano
eberens-nydig,humano
ebharathi,humano
ebidel,humano
ebidrey,humano
ebihara99999,humano
ebitogu,humano
eblanchette,humano
eblin,humano
ebo-bpi,humano
ebo-trelly,humano
ebosetalee,humano
ebrahim2355,humano
ebrahimfallah,humano
ebrahimhassan121,humano
ebrahimiaval,humano
ebramanti,humano
ebrearley,humano
ebs-PriyankaKanwar,humano
ebsaral,humano
ebundala,humano
eccorley,humano
echoulen,humano
echowarp,humano
echuber2,humano
ecklf,humano
ecl1ps,humano
ecline123,humano
ecomperftest,humano
ecrovadore,humano
ecryptoguru,humano
ecto,humano
ecumene,humano
ecwyne,humano
ecyrbe,humano
edanTavory,humano
edatcd,humano
edazpotato,humano
edbrett,humano
eddeee888,humano
eddie-hm,humano
eddie333016,humano
eddiebeazer,humano
eddiecooro,humano
eddiejaoude,humano
eddienubes,humano
eddiesholl,humano
eddieshowcase,humano
eddietindame,humano
eddiew,humano
eddiewang,humano
eddjnr,humano
eddneal,humano
edds,humano
eddsaura,humano
eddyskio,humano
eddythemeddy,humano
eddyw,humano
ededejr,humano
edelfrade,humano
edelgado,humano
eden-chan,humano
edenreich,humano
edenriquez,humano
edenstrom,humano
edenthecat,humano
edenworky,humano
edew,humano
edgarasben,humano
edgarcheverier,humano
edgardz,humano
edgarhsanchez,humano
edgarlr,humano
edgarnansen,humano
edgarrps,humano
edgeadjei,humano
edgechurchdev,humano
edgesoft,humano
ediblecode,humano
edigaryev,humano
edihasrin,humano
edikabe,humano
edinelsonslima,humano
edinsoncs,humano
edjust,humano
edlerd,humano
edmgithub,humano
edmondnyaigoti,humano
edo-zhou,humano
edo92,humano
edoko,humano
edomonticelli,humano
edorgeville,humano
edshav,humano
edspencer,humano
edsztukowski,humano
edu-amr,humano
eduard-malakhov,humano
eduarddrenth,humano
eduardo-villasboas,humano
eduardobertozi,humano
eduardoboucas,humano
eduardocampo,humano
eduardochiaro,humano
eduardocque,humano
eduardodallmann,humano
eduardolandaiqmetrix,humano
eduardomrigo,humano
eduardpauliuc,humano
eduludi,humano
edumt,humano
eduncan911,humano
edusig,humano
edustef,humano
eduvhc,humano
edvardsanta,humano
edvinerikson,humano
edw19,humano
edward,humano
edward1127,humano
edwardconnect,humano
edwardfxiao,humano
edwardshturman,humano
edwin-tandiono,humano
edwinaceitunor,humano
edwinbernadus,humano
edwinveldhuizen,humano
edwinvrgs,humano
edwinwong90,humano
edwjusti,humano
edxeth,humano
edygar,humano
edyu,humano
eebirke,humano
eeeman1,humano
eeemzs,humano
eeennsu,humano
eegli,humano
eejdan,humano
eejihoon,humano
eelcobosklopper,humano
eemeli,humano
eerapheal,humano
eeshsaxena,humano
eeston,humano
eestpavel,humano
eezing,humano
efd1,humano
efdali,humano
efeminella,humano
effectivetom,humano
effektsvk,humano
effiesayshellotothemeow,humano
efilion,humano
efleurine,humano
efoken,humano
efollette,humano
efosao,humano
efouts,humano
efrenaguilar95,humano
efriandika,humano
efstathiosntonas,humano
eg-delacruz,humano
egaba,humano
egaleme,humano
egdelwonk,humano
egel,humano
egemon,humano
egeriis,humano
egermano,humano
eggers,humano
eggimo,humano
egislook,humano
eglove,humano
egobox,humano
egofinder,humano
egoist,humano
egorBezmen,humano
egormanakin,humano
egormkn,humano
egorovli,humano
egucciar,humano
ehakan,humano
eharvey328,humano
ehdgua01,humano
eheaton,humano
ehmicky,humano
ehnsio,humano
ehowey,humano
ehsan18t,humano
ehsanbahramidev,humano
ehsanghaffar,humano
ehsanrezaeee,humano
ehsmsh,humano
ehsunshahid,humano
ehtb,humano
ehudsn,humano
ehwarren,humano
eicosan,humano
eide-1,humano
eifo,humano
eigenpaul,humano
eigilsagafos,humano
eihabkhan2,humano
eiiot,humano
eijil,humano
eik-1,humano
eimerreis,humano
einSelbst,humano
einaralex,humano
einarlove,humano
einbulinda,humano
einer20,humano
einsqing,humano
eirikhanasand,humano
eirikurn,humano
eisafaqiri,humano
eiskalteschatten,humano
eistruhe,humano
eivindml,humano
ejabu,humano
ejasarevic,humano
ejc3,humano
ejqs,humano
ejscribner,humano
ejulen,humano
ek,humano
ek-kpr,humano
ekabil,humano
ekafyi,humano
ekamkohli,humano
ekanant,humano
ekasprzyk,humano
ekaterina4952,humano
ekatysheva,humano
ekatzenstein,humano
ekawatani,humano
ekcrisp,humano
ekeric13,humano
ekerik220,humano
ekil1100,humano
ekinndev,humano
ekirvas,humano
ekko2665,humano
ekkusi,humano
eklavya-eg,humano
ekley,humano
eklipse18,humano
ekottifiok,humano
ekoydakoykoy,humano
ekratskih,humano
ekrembk,humano
ekremkenter,humano
ekryski,humano
ekwoka,humano
el-ethan,humano
el-frontend,humano
el-leo-dom,humano
el-zoltan,humano
elado,humano
elaich,humano
elandb,humano
elangreza,humano
elanpang,humano
elartix,humano
elbajo,humano
elbasel-404,humano
elbertcastaneda,humano
elbojoloco,humano
elbopha,humano
elbotho,humano
eldenpark,humano
elderapo,humano
eldieco,humano
eldiegod,humano
eldrago4,humano
eldyvoon,humano
electather,humano
electerious,humano
electricBonfire,humano
electriccode,humano
electricenjindevops,humano
electrolyte-orb,humano
elem15,humano
elementISH,humano
elena350Qd,humano
elenalape,humano
elenistvr,humano
elewin,humano
elfensky,humano
elgatoflaco,humano
elguarir,humano
elhakeem,humano
elhe26,humano
eli-front,humano
eli-viki,humano
eli0shin,humano
elianacris,humano
elias551,humano
eliasb-usafacts,humano
eliasbauer1,humano
eliascotto,humano
eliasdefrancisco,humano
eliaslindblad,humano
eliasm307,humano
eliau2005,humano
eliaweiss,humano
eliawk,humano
elibenton,humano
elie222,humano
elievischel,humano
elijah629,humano
elijaholmos,humano
elijahsanders152-stack,humano
elinlutz,humano
eliobricenov,humano
eliorivero,humano
eliot-akira,humano
eliotyork,humano
eliranbenishai,humano
elisaado,humano
elisechant,humano
elishagreenwald,humano
elishaterada,humano
elitalpa,humano
elitan,humano
elitar,humano
elite0226,humano
eliw00d,humano
eliyya,humano
eliza3291,humano
elizabetdev,humano
elizabeth-dev,humano
elizabthpazp,humano
elizaveta-dolgova,humano
elja,humano
elken,humano
elkreto,humano
ellamurii,humano
ellaschwarz,humano
ellej16,humano
ellell,humano
ellemedit,humano
ellertsmari,humano
elliason,humano
ellingtontrevor642-art,humano
ellioseven,humano
elliot-huffman,humano
elliotbonneville,humano
elliotchaim,humano
elliotdauber,humano
elliotgaramendi,humano
elliotgonzalez-lk,humano
elliotgonzalez123,humano
elliotmoose,humano
elliott-w,humano
elliottcoe,humano
elliottcrif,humano
elliottjro,humano
elliottsj,humano
elliotwaite,humano
elliotwestlake,humano
ellisio,humano
ellisjasmine,humano
ellixsir,humano
ellsclytn,humano
ellyish,humano
elmarsto,humano
elmarwouters,humano
elmasse,humano
elmehalawi,humano
elmerdotdev,humano
elmpp,humano
elmr1337,humano
elodszopos,humano
eloekset,humano
elog08,humano
eloisetaylor5693,humano
elquespera,humano
elrafa-sg,humano
elrender,humano
elrion018,humano
elrumordelaluz,humano
elsigh,humano
elskwid,humano
eltel,humano
eltociear,humano
elton2048,humano
eltonSalanic,humano
eltongonc,humano
eltonjothi,humano
eltyBelgium,humano
elucasjr,humano
elucidsoft,humano
elviocb,humano
elvisciuffetelli,humano
elvisduru,humano
elyran,humano
elzako,humano
elzix,humano
em,humano
em1382,humano
em1l1000,humano
emadabdulrahim,humano
emadalam,humano
emadicio,humano
emadurandal,humano
emakarov,humano
emanual4real,humano
emanuel-campos,humano
emanuel-metzenthin,humano
emaohn,humano
emapeire,humano
emarcotte,humano
emarforio,humano
ematipico,humano
emattias,humano
emberdart,humano
embiem,humano
embpdaniel,humano
emcee22,humano
emcfarlane,humano
emdagon,humano
emdile,humano
emehmet,humano
emersonlaurentino,humano
emerylin,humano
emetelyov,humano
emhossein,humano
emi2k01,humano
emicovi,humano
emiedonmokumo,humano
emielta,humano
emil-alexandrescu,humano
emilbruckner,humano
emileber,humano
emilepatry,humano
emilfjellstrom,humano
emilianoyaryura,humano
emilienbidet,humano
emilio,humano
emilio-martinez,humano
emilioea,humano
emilioestebanez,humano
emilioschepis,humano
emiliosheinz,humano
emiliskiskis,humano
emiljohansson,humano
emilkrebs,humano
emilpriver,humano
emilpriverrc,humano
emilqva,humano
emilshr,humano
emilsjolander,humano
emin-alizada,humano
eminmur007,humano
eminmur008,humano
emino07,humano
eminvergil,humano
emirefek,humano
emirotin,humano
emivespa,humano
emjeard,humano
emko4,humano
emkr,humano
emmaffiondavies,humano
emmanuel-musau,humano
emmanuel-salvo,humano
emmanuelgautier,humano
emmanuelusalazar,humano
emmatown,humano
emmekappa,humano
emmerich,humano
emmettlu,humano
emmgfx,humano
emnul,humano
emohack,humano
emomooney,humano
emondhar,humano
emondpph,humano
emonty,humano
emoyly,humano
emp,humano
empflow,humano
employee451,humano
emplums,humano
empty-user77,humano
emptycrown,humano
empz,humano
emrahaydemir,humano
emrecoban,humano
emreozkandev,humano
emresates,humano
emreyalvac,humano
emrox,humano
emrysal,humano
emspishak,humano
emt-mocha,humano
emulienfou,humano
emuraton,humano
emw3,humano
emwp,humano
emwsc,humano
emzet93,humano
emzoumpo,humano
enabler-sarthak,humano
enahs,humano
encetroc,humano
enchorb,humano
encloinc,humano
endalk200,humano
endigo,humano
endless9567,humano
endosama,humano
endquote,humano
endrureza,humano
endygower,humano
endymion1818,humano
endziu,humano
enemyrr,humano
enes-get-local,humano
enesakar,humano
enesbee,humano
enescang,humano
enewhuis,humano
enfermero-dev,humano
engPabloMartinez,humano
engageintellect,humano
engelmav,humano
engineerahkhani,humano
engineergit,humano
engineering-ks,humano
engineersonal,humano
engmsaleh,humano
enhancement-ventures,humano
enigma0Z,humano
enijar,humano
enischiguti,humano
enjoyjeremy,humano
enk0de,humano
enkhee,humano
enkhtulga,humano
enkicoma,humano
enmanuelcanelon,humano
enmielado,humano
ennair,humano
enoch ndika,humano
enochN,humano
enochgeorge9x9,humano
enochndika,humano
enochval,humano
enockjeremi,humano
enoent0xFD,humano
enricoangelon,humano
enricoros,humano
enriquemorenotent,humano
ensidialabs,humano
enterframe,humano
entest-hai,humano
entity,humano
entrptaher,humano
entrymaster,humano
enyelsequeira,humano
enyoghasim,humano
enzoferey,humano
eob,humano
eoftedal,humano
eokoneyo,humano
eolhc,humano
eolme,humano
eomttt,humano
eoneill,humano
eostrom,humano
eostrom-livefront,humano
eparchas,humano
epaynter,humano
epenflow,humano
eperedo,humano
ephillipe,humano
ephraimduncan,humano
epiacentini,humano
epicallan,humano
epicbytes,humano
epilande,humano
epileftro85,humano
epiloguess,humano
epiqueras,humano
episage,humano
epndavis,humano
epompeii,humano
eposha,humano
epranka,humano
eprothro,humano
eps1lon,humano
epsilon11101,humano
epulla,humano
eqbit,humano
equinusocio,humano
eran-pinhas,humano
eran132,humano
erango,humano
eranimo,humano
erawk,humano
eraybay,humano
ercaronte,humano
ercekal,humano
erdalugur,humano
eremenko1,humano
eren-amundsen,humano
ereno62,humano
eretica,humano
erezrokah,humano
erfanGharib,humano
erfanasbari,humano
erfanimani,humano
erfanium,humano
erfirojsiddiki,humano
ergodic1,humano
erhanerdgn,humano
erhankaradeniz,humano
erhise,humano
eribean,humano
eric-burel,humano
ericOrthoshop,humano
ericag1985,humano
ericanoronha,humano
ericat,humano
ericbiewener,humano
ericclemmons,humano
ericdfields,humano
ericdrosas87,humano
ericelliott,humano
ericf,humano
ericfennis,humano
ericgoe,humano
erich2s,humano
ericjuta,humano
erick2014,humano
erickborquez,humano
erickcestari,humano
ericklarsen,humano
erickm,humano
erickreutz,humano
erickriva,humano
ericksonholguin,humano
ericledonge-betonprovincial,humano
ericmaicon,humano
ericmak624,humano
ericmatthys,humano
ericmesmo,humano
ericmgoeken,humano
ericmtzmtz,humano
ericnation,humano
ericnishio,humano
ericnograles,humano
ericobi,humano
ericpark11,humano
ericpesto,humano
ericponto,humano
ericraio,humano
ericrav,humano
ericschmar,humano
ericswpark,humano
erict-dev,humano
erictaylor,humano
erictherobot,humano
ericvel,humano
ericvera,humano
ericvrp,humano
ericx0099,humano
ericyam94,humano
ericyliu,humano
ericzwong,humano
eriestrisnadi,humano
erik-ff,humano
erik-lance,humano
erik-mbp,humano
erikarenhill,humano
erikash,humano
erikbrgn,humano
erikbrinkman,humano
erikdemarco,humano
erikdstock,humano
erikhofer,humano
erikian,humano
erikj27,humano
erikjung,humano
erikleon,humano
erikmellum,humano
erikmueller,humano
erikmuttersbach,humano
eriknguyen,humano
erikrahm,humano
erikras,humano
erikreyna,humano
eriksachse,humano
erikschul,humano
erikshestopal,humano
erikslatter,humano
erise133,humano
erkannebil,humano
erkanunluturk,humano
erkde,humano
erkisun,humano
erkstruwe,humano
erlangparasu,humano
ermakovich,humano
erming,humano
ermolaevalexey,humano
ernaneluis,humano
ernestd,humano
ernesto-tapia,humano
ernestofreyreg,humano
ernestograndoli,humano
ernests,humano
eroo36,humano
erosenberg,humano
errmakov,humano
errnesto,humano
ershamshad12,humano
ertyagi,humano
erulabs,humano
ervwalter,humano
erwannbst,humano
erwanriou,humano
erwanrioualbelli,humano
erwanvivien,humano
erwinsmit,humano
erxonxi,humano
eryi,humano
erzr,humano
esaari1,humano
esadbacaci,humano
esafev,humano
esamattis,humano
esantosrvolvo,humano
esau-morais,humano
esauri,humano
esbb48,humano
esbenam,humano
escKeyStroke,humano
eschaefer,humano
escherstair,humano
escwxyz,humano
esemczak,humano
esharmony,humano
eshengsky,humano
eshikerya,humano
esilberman,humano
esistgut,humano
eskander-taher,humano
esmalleydev,humano
esmsena,humano
esotericbug,humano
espenbye,humano
espi,humano
espipj,humano
espoal,humano
esponges,humano
esrasevinc,humano
esseb,humano
essential-randomness,humano
esseswann,humano
essgrowth123,humano
esteban-uo,humano
esteban89,humano
estephinson,humano
estevanjantsk,humano
estevanmaito,humano
estevecastells,humano
estigma88,humano
estin8,humano
estrada9166,humano
estrattonbailey,humano
estruyf,humano
eswolters,humano
etabard,humano
etbyrd,humano
etc-tiago,humano
etczrn,humano
eteen12,humano
ethanbonin,humano
ethaneisenhard,humano
ethanfann,humano
ethanjyx,humano
ethanmick,humano
ethanneff,humano
ethanniser,humano
ethanresnick,humano
ethanryan,humano
ethanwillis,humano
ethanz-code,humano
ethernal,humano
ethndotsh,humano
ethomson,humano
ethshea,humano
ethteck,humano
ethyaan,humano
etienne-martin,humano
etiennejcharles,humano
etnichols,humano
etodanik,humano
etrepum,humano
etrinh,humano
ettaibi,humano
etx121,humano
eubyt,humano
eucheng,humano
euchicosousa,humano
eug-vs,humano
eugef,humano
eugenefischer,humano
eugeneoshepkov,humano
eugeneross,humano
eugle,humano
eugrdn,humano
eulersson,humano
eungyeole,humano
eunicekokor,humano
eunicode,humano
eunseokOh,humano
evakkuri,humano
evaldoprestes,humano
evan,humano
evan-bradley,humano
evanderson,humano
evandroreichert,humano
evangow,humano
evanhameed99,humano
evankirkiles,humano
evanlask,humano
evanminto,humano
evanpurkhiser,humano
evanreilly,humano
evanshortiss,humano
evansrobert,humano
evantahler,humano
evantbyrne,humano
evanwinter,humano
evanxd,humano
evaogbe,humano
eve0415,humano
eveetsc,humano
evejk,humano
evelynevervillefelix-hue,humano
evelynhathaway,humano
evelynstender,humano
evenchange4,humano
evenfrost,humano
eventures-io,humano
evercool,humano
everdrone,humano
everest113,humano
everett1992,humano
everettglovier,humano
everlasting-neverness,humano
everythinginjs,humano
evgeniyPP,humano
evgeniyworkbel,humano
evgenymarkov,humano
evgreb,humano
evheniydan,humano
eviL-ivan,humano
evidentsnow,humano
evilrabbit,humano
evisotskiy,humano
evliu,humano
evoX0,humano
evocateur,humano
evolify,humano
evosKaushik,humano
evowizz,humano
evrenkaraarslan,humano
evsasse,humano
evtaranov,humano
ewagstaff,humano
ewah,humano
ewan-escience,humano
ewazgorzelska,humano
eweilow,humano
ewenTonnerre,humano
ewnd9,humano
ewolfe,humano
ewzxyh,humano
ex1234,humano
ex3ndr,humano
exKAZUu,humano
exactmultiple3425,humano
exallium,humano
exbotanical,humano
excessivecoding,humano
exdeniz,humano
exectx,humano
exentrich,humano
exil0867,humano
exipnus,humano
existentialism,humano
exit99,humano
exneval,humano
exoRift,humano
exocode,humano
exogen,humano
exogenesys,humano
expjazz,humano
explaingarlic,humano
explodingcamera,humano
exponent28,humano
ext0,humano
externl,humano
extoci,humano
extrabright,humano
extralsc,humano
extsalt,humano
eyalch,humano
eyaleizenberg,humano
eyasukochi,humano
eybel,humano
eyenalxai,humano
eyexx,humano
eyn,humano
eyosi-asre,humano
eythaann,humano
eyyazubi,humano
ezbeazy,humano
ezeamin,humano
ezenardr,humano
ezengaston,humano
ezeparziale,humano
ezequiel,humano
ezeugo-amigo,humano
ezra-en,humano
ezracelli,humano
f-ewald,humano
f-z-coder,humano
f0rr0,humano
f0wu5u,humano
f16z,humano
f1729,humano
f1ght3rlucky,humano
f1yn,humano
f2hard3,humano
f2net,humano
fANZYo,humano
fXy-during,humano
fab1an,humano
fabb,humano
fabdts,humano
fabe,humano
fabian-hiller,humano
fabiang-infocorp,humano
fabianghe,humano
fabiangigler,humano
fabianishere,humano
fabianludwig,humano
fabianrod,humano
fabicsp,humano
fabien,humano
fabien-h,humano
fabien0102,humano
fabien88,humano
fabienheureux,humano
fabinppk,humano
fabio-nettis,humano
fabiocarneiro,humano
fabiodinota,humano
fabiodr,humano
fabioespinosa,humano
fabioluiz1,humano
fabioportieri,humano
fabiorodriguesdev,humano
fabiosantoscode,humano
fabiospampinato,humano
fabiotheo,humano
fabiougolini,humano
fableforce,humano
fableleslie,humano
fabmade,humano
fabon-f,humano
fabri86,humano
fabriciolak,humano
fabriciomirandabr,humano
fabriciopirini,humano
fabriciosautner,humano
fabriziocucci,humano
fabriziosta,humano
fabrizzioalco,humano
fabrykowski,humano
fabyeah,humano
faceace,humano
faces-of-eth,humano
faceyspacey,humano
facuesr,humano
facundocapua,humano
fadadOussama,humano
fadhilthomas,humano
fadhilx,humano
fadi-mimi,humano
fadichmn,humano
fadjrie,humano
fadlikadn,humano
fadomire,humano
fadonascimento,humano
faeb187,humano
fahaddoc,humano
fahidsarker,humano
fahimermo,humano
fahmiaz411,humano
fahmiirsyadk,humano
fahmyfarahat,humano
fahrialfarizki12,humano
fahrulalwan,humano
faiare,humano
fairbairn,humano
fairjm,humano
faisalantu,humano
faisalinfinity,humano
faisalrehmanlums,humano
faisolavolut,humano
faithfulojebiyi,humano
faizan-ali,humano
faizanv,humano
faizhasim,humano
faizullah11,humano
fakeharahman,humano
fakhir-shad,humano
fakhirarslan,humano
fakhrads,humano
fakkio,humano
falahati,humano
falasyam,humano
falcon-head,humano
falcon03,humano
falconmick,humano
falihnaufal17,humano
fallenleavesguy,humano
fallintoplace,humano
fallion,humano
falsepopsky,humano
famdude,humano
fampinheiro,humano
fancierpj0,humano
fand,humano
fandi-komek,humano
fandyajpo,humano
fangeugene,humano
fangkyi03,humano
fangyulovechina,humano
fanshaohua-fan,humano
fantaasm,humano
fantactuka,humano
fantasticit,humano
faqihfnf,humano
faraasat,humano
faradaytrs,humano
faran-tenovos,humano
farebord,humano
faresharmali,humano
farhadniaz,humano
farhan-helmy,humano
farhan2077,humano
farhanghazi97,humano
farhankk360,humano
farhansadikgalib,humano
farhantahir,humano
fariasmateuss,humano
faridvatani,humano
farlandlee,humano
farmhutsoftwareteam,humano
farro97,humano
farsabbutt,humano
farukozdemirz,humano
farzadsoltani,humano
fasani-tx,humano
fasetto,humano
fast-reflexes,humano
fastestOrange,humano
fat,humano
fate9cat,humano
fated-x,humano
fatfisz,humano
fatihdogmus,humano
fatihpkn,humano
fatihyuksell,humano
faturachmanyusup,humano
fauna-brecht,humano
fauskanger,humano
faustbrian,humano
faverl,humano
favfly-dev,humano
favna,humano
fawad-khalil-lunchon,humano
fax1ty,humano
faye1225,humano
fazlulkarimweb,humano
fazo96,humano
fbaiodias,humano
fbarbare,humano
fbarrailla,humano
fbartho,humano
fbertram,humano
fbixiaoyu,humano
fblenkle,humano
fbn4sc,humano
fbnptrs,humano
fbryo21,humano
fbudassi,humano
fbuyuk,humano
fbwe425,humano
fcFn,humano
fcandi,humano
fcarriedo,humano
fcastaneda9725,humano
fchengpc,humano
fchristant,humano
fchristl,humano
fcongson,humano
fcristel,humano
fd008,humano
fdaciuk,humano
fdarian,humano
fdecampredon,humano
fdev,humano
fdidron,humano
fdintino,humano
fdmmarshall,humano
fdtran,humano
fe-linjin,humano
fe-rod,humano
feRpicoral,humano
fearmystyle,humano
fecommunity,humano
fecqs,humano
fedbfreg,humano
federico-moretti,humano
federico-qadra,humano
federico710,humano
federicobadini,humano
federicocappellotto97,humano
federicodelpiano,humano
federicolopezeikilis,humano
federicom-scale,humano
federicosan,humano
federicovezzoli,humano
fedetorre,humano
fedeya,humano
fediev,humano
fedor-shi,humano
fee-pg,humano
feedthejim,humano
feeeedox,humano
feego,humano
fehergeri13,humano
feikerwu,humano
felangga,humano
feledori,humano
feliche93,humano
felicim,humano
felicio,humano
felicksLindgren,humano
felipe-augusto,humano
felipe-b-oliveira,humano
felipe-ds-lima,humano
felipe-linares,humano
felipe-sbm,humano
felipe-zapata,humano
felipebarcelospro,humano
felipebarichello,humano
felipedeboni,humano
felipefcm,humano
felipefialho,humano
felipeguilhermefs,humano
felipekm,humano
felipemullen,humano
felipenmoura,humano
felipeorlando,humano
felipepalazzo,humano
felipeptcho,humano
felipero,humano
felipesabino,humano
felipetodev,humano
felipevv,humano
felippem,humano
felix-mittermeier,humano
felixfirefighter,humano
felixhagspiel,humano
felixjung,humano
felixkoch,humano
felixmeziere,humano
felixmosh,humano
felixmusmann,humano
felixnoriel,humano
felixrabe,humano
felixsline,humano
felizuno,humano
fellipefreiire,humano
fellipeutaka,humano
fellmann,humano
felquis,humano
felri,humano
felthy,humano
feluna,humano
feluxe,humano
femesq,humano
femialaka,humano
femmyte,humano
fenes,humano
fenetic,humano
fennadew,humano
feodosii71,humano
fer-ri,humano
feralamillo,humano
feralfaroh,humano
ferc,humano
ferdiamg,humano
ferdinandant,humano
ferdingler,humano
ferdroid8080,humano
ferenckv,humano
fergalmoran,humano
ferlopezm94,humano
fermin-alganaras-isair,humano
fermmm,humano
fern-api,humano
fernandezAmor,humano
fernando-clvm,humano
fernando-hillebrand,humano
fernando-nog,humano
fernando140alto,humano
fernandoabolafio,humano
fernandobandeira,humano
fernandojbf,humano
feross,humano
ferrata,humano
ferrettinico,humano
ferrianes,humano
ferrodri,humano
ferrucc-io,humano
ferrybrouwer,humano
fers4t,humano
fersan96,humano
fescherer,humano
festusyuma,humano
fethiyildiz,humano
feugy,humano
feute,humano
fev4,humano
fevernova90,humano
fevrax,humano
feychenie,humano
feynon,humano
ffMathy,humano
ffan0811,humano
ffastym,humano
ffleandro,humano
ffplexim,humano
ffuturesenior,humano
fgarcia,humano
fgascon,humano
fgcoelho,humano
fgiuliani,humano
fgkramer-houseful,humano
fgmadeira,humano
fgnass,humano
fgrante,humano
fhelwanger,humano
fhfournier,humano
fhinkel,humano
fhouser,humano
fi5u,humano
fiandimas,humano
fiasco,humano
fiberitro,humano
fidellr,humano
fieldingtron,humano
fierysolid,humano
fighella,humano
figmentc,humano
fikip,humano
fikkatra,humano
fikrikarim,humano
fikriwebdev,humano
fikyair,humano
filenwind,humano
filidorwiese,humano
filingroove,humano
filip-kis-fsc,humano
filipe-gomes,humano
filipe-nth-work,humano
filipedeschamps,humano
filipemarins,humano
filipengberg,humano
filipesmedeiros,humano
filipjakov,humano
filipjnc,humano
filipkowal,humano
filippofilip95,humano
filippofinke,humano
filipposarzana,humano
filiptdz,humano
filiptrivan,humano
fillippeprata,humano
fillon,humano
filmerjarred,humano
filmic,humano
filmon-arefayne,humano
filostrato,humano
fimbault,humano
finaIcutpro,humano
finalight,humano
finallyblueskies,humano
findiel,humano
findnizam,humano
findshrey,humano
fineshop,humano
finessor06,humano
finevans,humano
finfin,humano
finkrer,humano
finleygn,humano
finleyjb,humano
finn-orsini,humano
finnan444,humano
finnhom,humano
finnss,humano
finom,humano
fintand,humano
fionawhim,humano
fiorins,humano
firatciftci,humano
firatgh,humano
firatoezcan,humano
firdausramlan,humano
fire015,humano
fireairforce,humano
firebirdsonic,humano
firefart,humano
firelizzard18,humano
firmableharry,humano
firmart,humano
firminochangani,humano
firrae,humano
firstep-official,humano
firstpersoncode,humano
firuzcanh,humano
firxworx,humano
fishuke,humano
fishy,humano
fisker,humano
fitfab,humano
fitimbytyqi,humano
fitiskin,humano
fiuzagr,humano
fivaz,humano
fiveable-jferg,humano
fiveanddone,humano
fivepluss,humano
fix-me,humano
fizefeko,humano
fizzterious,humano
fjdevesa,humano
fjgbue,humano
fjobeir,humano
fjrsaracho,humano
fkajerry,humano
fkapsahili,humano
fl-y,humano
flacial,humano
flamecommit,humano
flamedmg,humano
flanker,humano
flasco,humano
flash-me,humano
flask-pro,humano
flaval,humano
flavianh,humano
flavio-dev,humano
flavio-severiano,humano
flaviobvds,humano
flaviodelgrosso,humano
flaviut,humano
flawnn,humano
flayks,humano
flearsnetwork,humano
fleck,humano
flex-jonghyen,humano
flex-kyunghwa,humano
flexdinesh,humano
flexi767,humano
flexlee,humano
flextremedev,humano
flexwie,humano
fli,humano
flieks,humano
fliespl,humano
fling,humano
flintinatux,humano
fliodhais,humano
flipUp02,humano
flippidippi,humano
fliptheweb,humano
flizana,humano
flo-dao,humano
floatingdino,humano
flockonus,humano
flodev,humano
floflock,humano
flogst,humano
flohil,humano
flokixdev,humano
flololan,humano
flolu,humano
flootr,humano
flor3s,humano
floreq,humano
florian-lp,humano
florian-milky,humano
florianGierlichs,humano
florianbepunkt,humano
floriangosse,humano
florianjuengermann,humano
florianliebig,humano
florianmartens,humano
florianmatz,humano
florianmutter,humano
florianwalther-private,humano
florinpop17,humano
florisdegraaff,humano
florisdipt,humano
floroz,humano
flosrn,humano
flotwig,humano
flowerjunjie,humano
flowtsohg,humano
floydprice,humano
flppv,humano
flsilva,humano
fltzr,humano
fluggo,humano
fluid-design-io,humano
fluidsonic,humano
flux0uz,humano
flybayer,humano
flycire,humano
flygomel,humano
flyingSquirrel-dev,humano
flyingn1nja,humano
flyingpath,humano
flynhigher,humano
flytaly,humano
flytam,humano
fmacherey,humano
fmal,humano
fmapilis,humano
fmaylinch,humano
fmilioni,humano
fmmoret,humano
fmnxl,humano
fmonsalvo,humano
fmontada,humano
fmontes,humano
fmotlagh03,humano
fmsf,humano
fn-gabriel,humano
fnberta,humano
fneco,humano
fnick851,humano
fniewijkmovic,humano
fnky,humano
fnpen,humano
fnwbr,humano
fnwiya,humano
foadtkf,humano
foaudkajj,humano
fobos531,humano
focux,humano
folivi,humano
folkertjan,humano
followbl,humano
folofse,humano
foloinfo,humano
foobar-star,humano
foobarnes,humano
foodornt,humano
fool-stack-dev,humano
foooomio,humano
foot,humano
footman101,humano
forbesgillikin,humano
foreseaz,humano
foreverzmy,humano
formatlos,humano
formula349,humano
forrestwilkins,humano
fortezhuo,humano
fortil,humano
fortranlee,humano
fortydegrees,humano
fosple,humano
fostyfost,humano
fotopixel,humano
fouad,humano
foundationalframework,humano
fourat53,humano
fox1t,humano
fox493,humano
foxCanFly,humano
foxable,humano
foxfirecodes,humano
foxhound87,humano
foxscotch,humano
foxtrotglobal,humano
foxundermoon,humano
foxyblocks,humano
foylaou,humano
foysalremon,humano
fpahl,humano
fprl,humano
fpunny,humano
fqueis,humano
fr-irene,humano
fr-nevin,humano
fr3fou,humano
fraanmarelli,humano
fracture91,humano
fracuci,humano
fragosti,humano
fragzero,humano
frahman5,humano
fraincs,humano
fraitag,humano
frames75,humano
fran-cadenas-fu,humano
france1   [ARCH],humano
francescovenica,humano
francinelucca,humano
francisceril,humano
franciscobonand,humano
franciscojs12,humano
franciscopuyo,humano
franciscorubin,humano
francismarcus,humano
francispham,humano
francisprovost,humano
francistinao,humano
franckadil,humano
franckchen,humano
francofantini,humano
francoisjacques,humano
francopicc,humano
francosang,humano
francosopo,humano
franferns,humano
franher,humano
frank-dspeed,humano
frank10gm,humano
frankalbenesius,humano
frankandrobot,humano
frankbo,humano
frankchau93,humano
frankda,humano
frankdilo,humano
frankfka,humano
frankhale,humano
frankharkins,humano
frankie-ug,humano
frankiefab100,humano
frankievalentine,humano
frankievx,humano
frankimhof,humano
frankjwu,humano
franklinjavier,humano
franklinlugo,humano
frankmilito,humano
franknoel,humano
frankrobert-ls,humano
frankspin89,humano
franktasa,humano
franktronics,humano
franky47,humano
frankyw,humano
franpeza,humano
fransjesky,humano
fransoudelaar,humano
frantallukas10,humano
frantic,humano
frantisek-heca,humano
franva,humano
franxois,humano
franzheidl,humano
franzwarning,humano
franzwilhelm,humano
frapsMatheus,humano
frarillotta,humano
frasergr,humano
frastefanini,humano
frattaro,humano
frdepiaggio,humano
frdomovic,humano
frdwhite24,humano
freaz,humano
fred-boink,humano
fred8617,humano
fredcorr,humano
freddi301,humano
freddy24-7,humano
freddydrodev,humano
freddyval7,humano
fredericbarthelet,humano
frederickfogerty,humano
frederickk,humano
fredericrous,humano
frederictobiasc,humano
frederikfink,humano
frederikhors,humano
frederikprijck,humano
frederikvonsperling,humano
fredi1993,humano
fredicious,humano
fredjens,humano
fredlb,humano
fredmontet,humano
fredricknkum,humano
fredrik-magnusson-sas,humano
fredrik-smedberg,humano
fredrik-sogaard,humano
fredrikbergqvist,humano
fredsh,humano
fredybustos,humano
freeatnet,humano
freecates,humano
freehuntx,humano
freek-boon-greenberry,humano
freekboon,humano
freemember007,humano
frehner,humano
frei-0xff,humano
frei-x,humano
freitasgustavos,humano
frencojobs,humano
frendyguo-zz,humano
fresh5447,humano
fresonn,humano
frethereeks,humano
freund17,humano
frg,humano
friconelli,humano
fridays,humano
friederbluemle,humano
friedjoff,humano
frigus02,humano
frindly,humano
fritz-c,humano
frixaco,humano
frizadiga,humano
frkozbk,humano
frle10,humano
frnk94,humano
fro-furnishedfinder,humano
froblesmartin,humano
frogermcs,humano
froggy1014,humano
frol,humano
fromTechLead,humano
fromi,humano
fromthemills,humano
frontEndExpert,humano
frontalicious-martijn,humano
frontcodelover,humano
frontimin,humano
frontsideair,humano
frostme,humano
frostwowa,humano
frostypenguin0100,humano
frostzt,humano
frouo,humano
frozar,humano
frozberry,humano
frubesss,humano
fruitl00p,humano
frukoprof,humano
frustak,humano
fryck,humano
frydj,humano
fs-eire,humano
fsa317,humano
fsansalvadore,humano
fscgustavo,humano
fschroiff,humano
fsegu002,humano
fsgreco,humano
fsilly,humano
fsolarv22,humano
fsr313,humano
fstaffa,humano
fstovarr,humano
fsubal,humano
ftognetto,humano
ftoohyoo37-arch,humano
ftorre104,humano
fturmel,humano
fuaditrockz,humano
fuadmhd,humano
fubhy,humano
fuccsoc,humano
fudgi,humano
fufuShih,humano
fujikky,humano
fujita-h,humano
full-pack-development,humano
fullStackDataSolutions,humano
fullstacksk,humano
fullstackwebdev,humano
fullyherge,humano
fulopdaniel,humano
fultonm,humano
fuma-nama,humano
fumbleforce,humano
fumikun,humano
funalexa,humano
functino,humano
fundgao,humano
funes79,humano
fungilation,humano
funky0leary,humano
funkyvisions,humano
funnelfiasco,humano
funwarioisii,humano
funwhilelost,humano
funwithtriangles,humano
furcan,humano
furibase,humano
furkan mavili,humano
furkanbay,humano
furkankinyas,humano
furkanmavili,humano
furkanorl95-spec,humano
fursich,humano
fursund,humano
fury0928,humano
fusengine,humano
fushihara,humano
fusuma,humano
futantan,humano
futhr,humano
futjikato,humano
futpib,humano
futurepastori,humano
futurfutur,humano
fuxianwei,humano
fuxingloh,humano
fuyu77,humano
fuzing,humano
fuzunspm,humano
fuzzy-grey-bear,humano
fvaysh,humano
fveauvy,humano
fveracoechea,humano
fvkramer,humano
fvsch,humano
fw2568,humano
fwcontact,humano
fweth,humano
fwojciec,humano
fxh615,humano
fxmb,humano
fxmkdev,humano
fymmot,humano
fynnbauer,humano
fyockm,humano
fyodoriv,humano
fytriht,humano
fywk,humano
fyzanshaik,humano
fz6m,humano
fzembow,humano
fzsf163,humano
fzxbl,humano
g-a-v-i-n,humano
g-elwell,humano
g-leon-bj,humano
g-marianoeiberman,humano
g-monroe,humano
g-popovic,humano
g-thinh,humano
g-wn,humano
g00gol,humano
g089h515r806,humano
g12i,humano
gHashTag,humano
gaac510,humano
gabegm,humano
gabeins,humano
gabek,humano
gabemeola,humano
gabeodame,humano
gaberogan,humano
gabezeck,humano
gabi789,humano
gabiinicial,humano
gabimoncha,humano
gabo2192,humano
gaboesquivel,humano
gabooh,humano
gabor-at-reed,humano
gabor-kovacs,humano
gaborvecsei,humano
gabriel-laet,humano
gabriel-logan,humano
gabriel-mend,humano
gabriel-tronus,humano
gabrielalmeida,humano
gabrielbull,humano
gabrielccarvalho,humano
gabrielchoong,humano
gabrielcsapo,humano
gabriele-ct,humano
gabriele-ferri,humano
gabrieleconcli,humano
gabrieledarrigo,humano
gabrieletesser,humano
gabrielf,humano
gabrielgrover,humano
gabrieli,humano
gabrielmancini,humano
gabrielmfern,humano
gabrielogregorio,humano
gabrielorei1234,humano
gabrielpioto,humano
gabrielreisn,humano
gabrielricardourbina,humano
gabrielrolfsen,humano
gabrieltrompiz,humano
gabriez,humano
gabschne,humano
gabsdotco,humano
gabsn,humano
gabster-code,humano
gabyrusu,humano
gac3k,humano
gadcam,humano
gadicc,humano
gadingnst,humano
gadkadosh,humano
gaearon,humano
gaelhameon,humano
gaescadev,humano
gaetansenn,humano
gaetansnl,humano
gaetleba,humano
gaganjakhotiya,humano
gagzu,humano
gahabeen,humano
gaithoben,humano
gajet5,humano
gajjarpratik,humano
gajus,humano
gaku-sei,humano
gakuseh,humano
galanggg,humano
galaxynova1999,humano
galesky,humano
galgue,humano
gallyamb,humano
gamb,humano
game7,humano
gameenginedude,humano
gameisdead,humano
gameroman,humano
gamlungJoeng,humano
gamoridev,humano
gancena,humano
ganey,humano
gangeshwark,humano
ganicus,humano
ganjgo,humano
gaogao1030,humano
gaohan085,humano
gaojude,humano
gaokevin1,humano
gaoljie,humano
gaozhitw,humano
gaplo917,humano
gapon2401,humano
garciajg,humano
garciawell,humano
gardner,humano
gardsa,humano
garfiaslopez,humano
garganurag89,humano
gargpuja,humano
garmeeh,humano
garnerp,humano
garrett-thompson,humano
garrettboatman,humano
garretteklof,humano
garrettg123,humano
garrettmac,humano
garrettparris,humano
garrettsiegel,humano
garronej,humano
garryxiao,humano
garvae,humano
gary-lev,humano
garyhuntddn,humano
garyking,humano
garysassano,humano
garythung,humano
garyvh2,humano
gasatrya,humano
gascenciom1998,humano
gaspar09,humano
gaspardip,humano
gasparnd,humano
gaston-flores,humano
gastonfartek,humano
gatewayweb,humano
gatezh,humano
gaudiauj,humano
gaurav5430,humano
gauravdhiman,humano
gauravkrp,humano
gauravsaini964,humano
gauravsapkal1,humano
gauravsekhri,humano
gauravverma029,humano
gaurishhs,humano
gautam-jha,humano
gautamasopa,humano
gautamsi,humano
gauthieramano,humano
gavacq,humano
gavan-x,humano
gavb17,humano
gaven,humano
gavhuang,humano
gavin1995,humano
gavinharris-dev,humano
gavinmcfarland,humano
gavinsharp,humano
gavinthomas-valtech,humano
gavranha,humano
gavrilikhin-d,humano
gavro,humano
gavroman,humano
gax97,humano
gayoung106,humano
gaz7,humano
gazdagergo,humano
gazs,humano
gb-jos,humano
gberkouwer,humano
gbiryukov,humano
gbonumore,humano
gbotedc,humano
gbreux,humano
gbrlsnchs,humano
gbrunacci,humano
gbsimon87,humano
gburgi,humano
gc,humano
gcb,humano
gcd253,humano
gcdurastanti,humano
gcfabri,humano
gchallen,humano
gchatz22,humano
gcid12,humano
gcko,humano
gcmegmv,humano
gcpantazis,humano
gd996,humano
gdavidetanca,humano
gdborton,humano
gdccwxx,humano
gdi-user02,humano
gdlazcano,humano
gdorsi,humano
gdoteof,humano
gdowmont,humano
gdwmw,humano
geanruca,humano
geclos,humano
gedclack,humano
gedewon,humano
gee-46,humano
gee06robson,humano
geekette86,humano
geeknik,humano
geekodour,humano
geekonthemove,humano
geekplux,humano
geekyme,humano
geekyoperand,humano
geekysam7,humano
geekysaurabh001,humano
geelen,humano
geemanjs,humano
geenious,humano
gegyhamdani,humano
gehaktmolen,humano
geir-helleloid,humano
geirman,humano
gelarahadian,humano
gelbartj,humano
gellezzz,humano
geminiyellow,humano
gempi,humano
genarorg,humano
gene1wood,humano
generalentropy,humano
genetschneider,humano
gengjiawen,humano
gengxuelei,humano
genie-ru,humano
genikineg,humano
genox,humano
gentamura,humano
gentlementlegen,humano
gentritbiba,humano
genz10,humano
genzzo,humano
geochanto,humano
geocine,humano
geoffRGWilliams,humano
geoffoliver,humano
geoffwhitehead,humano
geoguide,humano
geoli96,humano
geongeorge,humano
georapbox,humano
georg-wolflein,humano
george-j00,humano
george-number-three,humano
george-roussos,humano
george-thomas-hill,humano
george1410,humano
georgebloomsuzy,humano
georgebutter,humano
georgecartridge,humano
georgeck,humano
georgeclaghorn,humano
georgefrg,humano
georgegach,humano
georgegarrington,humano
georgekaran,humano
georgekrax,humano
georgesboris,humano
georgesfarah,humano
georgesmahl,humano
georgesofianosgr,humano
georgeziozas,humano
georgii-ivanov,humano
georgiosd,humano
georgwindhaber,humano
georgwittberger,humano
georgwittberger-telekom-mms,humano
geosigno,humano
geotrev,humano
geovanisouza92,humano
geovanygameros,humano
geowarin,humano
ger86,humano
geraldarthurdavis,humano
geraldochristiano,humano
gerarddegas,humano
gerardmarquinarubio,humano
gerardoluisbv,humano
gerdazk,humano
geremora,humano
gergelyke,humano
gergelypap,humano
gerges-beshay,humano
gergokee,humano
gerhardsletten,humano
geritol,humano
gerkim62,humano
germansokolov13,humano
gernathlub,humano
gerritcloete,humano
gerry-mx-rz,humano
gersomvg,humano
gertas999,humano
gertig,humano
geryit,humano
geryogam,humano
gesabehrends,humano
geshan,humano
gesposito,humano
getTobiasNielsen,humano
getanwar,humano
getayush96,humano
gethari,humano
getorca,humano
getsetbro,humano
getsnoopy,humano
getspooky,humano
geun,humano
geweidong,humano
gfargo,humano
gfazioli,humano
gfelot,humano
gffuma,humano
gfgabrielfranca,humano
gfortaine,humano
gfpacheco,humano
gfritzdev,humano
gfs980,humano
gfsd3v,humano
gg-hsi,humano
gg3orgiev,humano
ggaidelevicius,humano
ggamvetas87,humano
ggaulard,humano
gghdev,humano
ggofri,humano
ggomaeng,humano
ggottini,humano
gh0stfrk,humano
gh0stonio,humano
ghana7989,humano
ghankerson,humano
ghanshyam-1805,humano
ghanshyam18,humano
ghanshyamca,humano
gharis94,humano
ghcpuman902,humano
ghengeveld,humano
gherciu,humano
ghermet,humano
ghiblin,humano
ghigt,humano
ghimireaacs,humano
ghislainDeffo,humano
gho1b,humano
ghocevar,humano
ghoshnirmalya,humano
ghost1998,humano
ghost91-,humano
ghostTing,humano
ghostd,humano
ghosthash,humano
ghostyfreak,humano
ghrqq,humano
ghulamyazdani,humano
giacomorebecchi,humano
giacomorebonato,humano
giancarlosisasi,humano
gianicolajara,humano
gianluca1606,humano
gianlucadifrancesco,humano
gianlucapinieriamato,humano
giannif,humano
gianpaj,humano
giautm,humano
gibsonjoshua55,humano
gidgudgod,humano
gidsola,humano
gielcobben,humano
gieoon,humano
gierachjg,humano
giftedunicorn,humano
gigamesh,humano
gigantz,humano
gigigimay,humano
gihrig,humano
gijo-varghese,humano
gijs-martens,humano
gijsbotje,humano
gijsmin,humano
gil--,humano
gil-obradors,humano
giladgray,humano
giladl82,humano
gilangabdian,humano
gilbert,humano
gilbertoalbino,humano
gilbertosouza-hotmart,humano
gildavillanueva,humano
gilest,humano
gilles-margerin,humano
gilmarsquinelato,humano
gilsmt,humano
gilvex,humano
gimenete,humano
gimtwi,humano
gimwachan-git,humano
ginabeki,humano
gingerbenw,humano
ginifizz,humano
ginn13,humano
ginnymin,humano
gino,humano
gino23odar,humano
gino8080,humano
gio-work,humano
gioqw,humano
giorgenes,humano
giorgiPapava,humano
giorgiabosello,humano
giovaborgogno,humano
giovanedann,humano
giovannabadaro,humano
giovannetti-eric,humano
giovanni-caiazzo,humano
giovanni-depalma,humano
giovannibenussi,humano
giovannicanzio,humano
giovannigiordano,humano
giovanniincammicia,humano
giovannipds,humano
giovanniruzzi,humano
giovas94,humano
gipeey,humano
giraffesyo,humano
girardiricardo,humano
giri-jeedigunta,humano
giriibm,humano
girish-aroda-amla,humano
girishcx07,humano
giron-noine,humano
gish,humano
git-create-devben,humano
git-marcopitra,humano
git-no,humano
git-wizard,humano
gitBlameMyself,humano
gitChang,humano
gitKendra,humano
gitabhisingh,humano
gitananun,humano
gitdagray,humano
giteshraheja,humano
gitgetgud,humano
githaka2025,humano
github0013,humano
githubdoramon,humano
githubrana,humano
gitkenya,humano
gitnasr,humano
gitsad,humano
gitsebs,humano
gitsupi,humano
giulianoconti,humano
giuliobracci,humano
giuliodelloro,humano
giupas,humano
giuseppe-g-gelardi,humano
giuseppeg,humano
givehug,humano
givo,humano
giwan-dev,humano
gjolund,humano
gjskha,humano
gjuoun,humano
gjvpaet,humano
gkaemmer,humano
gkapetanakis,humano
gkaskonas,humano
gkemmey,humano
gkgourav45,humano
gkibria121,humano
gkielwasser,humano
gko,humano
gkostov,humano
gkphillips,humano
gkurt,humano
gkushang,humano
gladykov,humano
gland2015,humano
glantucan,humano
glassdimlygr,humano
glasser,humano
glaustino,humano
gleb-svechnikov,humano
glecetre,humano
gleich,humano
glekner,humano
glemiere,humano
glenarama,humano
glenjamin,humano
glenmiracle18,humano
glenncai,humano
glenngijsberts,humano
glennin-codes,humano
glennreyes,humano
glennsc,humano
glenntws,humano
gleno,humano
glenswift,humano
glenyRodriguezSM,humano
glepretre,humano
glibenko,humano
glifchits,humano
gligoran,humano
glitch-txs,humano
glitteringkatie,humano
gllmt,humano
glombadev,humano
gloorx,humano
glopezep,humano
glossopm,humano
glowtoad123,humano
gltched-usr,humano
glukki,humano
glundgren93,humano
gluonfield,humano
glyph-cat,humano
gm-rebricker,humano
gmaliandi,humano
gmantri,humano
gmathieu,humano
gmbrown,humano
gmcamposano,humano
gmeligio,humano
gmen1057,humano
gmgurgen,humano
gmh48,humano
gmillerd,humano
gmjjatin,humano
gmmrx,humano
gmoigneu,humano
gmondragon,humano
gmoniava,humano
gmonitoring,humano
gmosx,humano
gmotyl,humano
gmotzespina,humano
gnapse,humano
gnbaron,humano
gndelia,humano
gngo2018,humano
gnillev,humano
gnoff,humano
gnomefin,humano
gnoyixiang,humano
go-diego,humano
go-rani,humano
goalbased,humano
goatyeahh,humano
gocallum,humano
gocreating,humano
godavdev,humano
godedshaw,humano
godfrednanaowusu,humano
godfreyd,humano
godmar,humano
goenning,humano
goerlitz,humano
goesta,humano
goforbg,humano
gogi005,humano
goguda,humano
gokaygurcan,humano
gokhancelikkaya,humano
gokul-afk,humano
gokulkrishh,humano
gokulmhegde,humano
golddydev,humano
goldenapex,humano
goldenjayr,humano
goldensunliu,humano
goldhaxx,humano
goldins,humano
goldo,humano
goleary,humano
golergka,humano
goliney,humano
golinmarq,humano
goloroden,humano
gon250,humano
goncharov-vlad,humano
goncy,humano
gondar00,humano
gonmpablo,humano
gonshi,humano
gonzar11,humano
gonzoblasco,humano
gooberdoo,humano
goobta,humano
gooby,humano
good-dev-student,humano
good-idea,humano
good-jinu,humano
goodalex,humano
goodroot,humano
goodwinfame,humano
googoocone,humano
goonerDp,humano
goooseman,humano
gooqiao,humano
gopherine,humano
gor3a,humano
goranefbl,humano
goranovs,humano
gorbatiukcom,humano
gorenganhunter,humano
goridragon,humano
gorkemkose,humano
gorkemogut,humano
gormonn,humano
gorskidev,humano
goshdarnheck,humano
goszczynskip,humano
gothic-a,humano
gothicn,humano
gothy,humano
gotoobe,humano
gotshub,humano
goudete,humano
goughjo02,humano
goughjt,humano
gouku,humano
goustaff,humano
govind15496,humano
goyal3238,humano
gozes,humano
gpalavecino-gotoxy,humano
gpaluk,humano
gparuthi,humano
gpbaculio,humano
gpessa,humano
gpng,humano
gpolis,humano
gpolyn,humano
gpoole,humano
gr-qft,humano
grabbou,humano
graceyudhaaa,humano
grad-256,humano
graddaniel,humano
graemegrant,humano
graemen16,humano
gragland,humano
grahamorrell,humano
grahamplace,humano
grajen3,humano
grallc,humano
grampelberg,humano
gramsco,humano
grand-era,humano
grangus,humano
granmoe,humano
grantbdev,humano
grantjames,humano
grantmagdanz,humano
grantsingleton,humano
grantspilsbury,humano
grapefruit13,humano
graphan,humano
graphikjunkie,humano
grassfedya,humano
graulund,humano
graup,humano
gravitymedianet,humano
gravyboat,humano
grawk,humano
grayaustinc,humano
graykode,humano
grazianodev,humano
greasematic,humano
greatSumini,humano
greatnessinabox,humano
greatochuko,humano
greatvivek11,humano
greebl3,humano
greeble,humano
greendesertsnow,humano
greenkeeper,humano
greenkeeperio-bot,bot
greenlynx,humano
greenymcgee,humano
greenzuru-john,humano
grefrit,humano
gregawoods,humano
gregberge,humano
gregdingle,humano
gregfromstl,humano
gregg-cbs,humano
greggb,humano
greggootz,humano
greghart,humano
gregkohn,humano
gregkonush,humano
gregmagolan,humano
gregmartyn,humano
gregorias,humano
gregorionardini,humano
gregory-j-baker,humano
gregorybolkenstijn,humano
gregorym,humano
gregpavl,humano
gregrafferty,humano
gregreydev,humano
gregrickaby,humano
greguintow,humano
greifmatthias,humano
grelaxus,humano
gremo,humano
grempe,humano
grepme,humano
grepug,humano
grerealadvisor,humano
greym0uth,humano
greysteil,humano
greyturn,humano
grgcnnr,humano
grhbit,humano
grichards,humano
gricn,humano
grieblius,humano
griffithtp,humano
grikomsn,humano
grish92,humano
gritaliana,humano
grmkris,humano
grobmeier,humano
grod220,humano
groenborg,humano
grogou,humano
gromchen,humano
gromlab-ru,humano
gronka,humano
group-buex,humano
growebux,humano
grrowl,humano
grubxy,humano
gruckion,humano
grudelsud,humano
gruelt,humano
grumpyTofu,humano
grundhoeferj,humano
grundmanise,humano
grushetsky,humano
gruz0,humano
grygoriy-pinkas-scx,humano
grzegorz-orbital,humano
grzegorzpokorski,humano
grzpab,humano
grzracz,humano
gsaint12,humano
gsaivaraprasad123,humano
gsambrotta,humano
gsantiago,humano
gsasouza,humano
gsathya,humano
gsbelarus,humano
gsdev01,humano
gshubham55,humano
gsimone,humano
gsm-fc,humano
gsmlg,humano
gsmt,humano
gsoverini,humano
gstcarv,humano
gsusI,humano
gtaborga-absencesoft,humano
gtavidian,humano
gtempesta,humano
gtg7784,humano
gtgalone,humano
gthb,humano
gthibaud,humano
gtjamesa,humano
gtodd876,humano
gtokman,humano
gtolarc,humano
gtomitsuka,humano
gtonussi,humano
gtothesquare,humano
gtramontina,humano
gu-stav,humano
guaiamum,humano
guanacone,humano
guanweisong,humano
guanyu-y,humano
gubasza51,humano
gubi995,humano
gudrius,humano
gudvinga,humano
gufranmirza,humano
gugiserman,humano
guiaramos,humano
guidiego,humano
guidocaru,humano
guidorice,humano
guigrpa,humano
guiihlopes,humano
guijiangheng,humano
guilacerdas,humano
guilehm,humano
guilhermehn,humano
guilhermelaborit,humano
guilhermepontes,humano
guilhermerera,humano
guillaume-fr,humano
guillaume-g,humano
guillaumeLamanda,humano
guillaumebrunerie,humano
guillaumegaluz,humano
guillaumervls,humano
guilleigmu,humano
guillermo-avalos,humano
guillett,humano
guilouro,humano
guinanlin,humano
guinnod,humano
guirip,humano
guisehn,humano
guitheengineer,humano
guivr,humano
guiyom-e,humano
guiyumin,humano
gujral1997,humano
gukin-han,humano
gullerg,humano
gunar,humano
gunnartorfis,humano
guns2410,humano
guoci,humano
guodong,humano
guofei0723,humano
guotie,humano
guoxinghuang,humano
guptas6est,humano
guptasomnath,humano
gurisko,humano
gurkerl83,humano
gurleensethi,humano
gurudanito001,humano
gurudewan,humano
gurupal,humano
gurvirsinghbaraich,humano
gusaiani,humano
guscsales,humano
guseggert,humano
gusfune,humano
gushiguera,humano
gusilveiramp,humano
guspan-tanadi,humano
gusrb3164,humano
gust42,humano
gustav-joelsson,humano
gustavlrsn,humano
gustavoalvesm,humano
gustavobini,humano
gustavocastrov,humano
gustavocodess,humano
gustavoguichard,humano
gustavolbs,humano
gustavomanolo,humano
gustavomonteirotechrock,humano
gustavopch,humano
gustavostz,humano
gustavoteodoro,humano
gustavotoyotarh,humano
gustavotrapp,humano
gustavovalverde,humano
gustavwilliam,humano
guswnsxodlf,humano
gutisalex,humano
gutobenn,humano
gutofoletto,humano
guttenbergovitz,humano
guttir14,humano
guy032,humano
guybedford,humano
guybinya,humano
guybrown78,humano
guydumais,humano
guyeisenbach,humano
guyellis,humano
guyeshet,humano
guylepage3,humano
guylil,humano
guzz,humano
gvatsov,humano
gvete,humano
gvillenave,humano
gvjacob,humano
gweinert,humano
gwendall,humano
gwenshap,humano
gwer,humano
gwintrob,humano
gwkline,humano
gwn,humano
gwro,humano
gwynevans,humano
gyeol1212,humano
gyerzh,humano
gyinshen,humano
gynekolog,humano
gyto,humano
gyto23,humano
gyurielf,humano
gzannic,humano
gzoreslav,humano
h-a-n-a,humano
h-behgam,humano
h-evers,humano
h-harsh,humano
h-jennings,humano
h-roth,humano
h-takeyeah,humano
h0gar,humano
h0lyluck,humano
h0mele55,humano
h0od,humano
h0wXD,humano
h1sashin,humano
h27-webdev,humano
h3itzm4nny,humano
h3rmanj,humano
h4i4nhnc,humano
h4x0rlol,humano
ha1fstack,humano
haaarshsingh,humano
haakondrang,humano
haamedshadow,humano
habahabahaba,humano
habeeb-nasr-12,humano
habermanUIUC,humano
habib786,humano
habibthadev,humano
haboub2,humano
habovh,humano
hack-313-ip,humano
hack89,humano
hackerman,humano
hackermondev,humano
hackerxian,humano
hacking-impossible,humano
hacknlove,humano
hacktron-s1r1us,humano
hadamalush,humano
hades200082,humano
hadg,humano
hadifarnoud,humano
hadimohamed1,humano
hadnet,humano
hadrian625,humano
haensl,humano
haf,humano
hafffe,humano
hafizasadabbas,humano
hafizbilalakbar,humano
haggen,humano
hagilemha,humano
haginus,humano
hagmic,humano
haha54carol,humano
hahmadzadeh,humano
hahnbeelee,humano
hai-x,humano
haifan420,humano
haifn,humano
haiifeng,humano
haikunx,humano
haikyuu,humano
hainessss,humano
haipq7641,humano
hairywelly,humano
haishanh,humano
haitam-elgharras-nw,humano
haivx,humano
hajamie,humano
hajdun,humano
hajime-lux,humano
hajiskyy,humano
hajjarjoseph,humano
hakilee,humano
hakimelek,humano
hakimmazouz,humano
hakobpogh,humano
hakotaco,humano
haldunanil,humano
haleybarlar,humano
halfstack-dev,humano
halilb,humano
halilxibrahim,humano
halitguvenilir,humano
halitogunc,humano
hallaji,humano
hallatore,humano
hallee9000,humano
hallucinogenizer,humano
hally9k,humano
haltandcatchwater,humano
halukaydogan,humano
haluvibe,humano
hamakihito,humano
hamatoyogi,humano
hamchapman,humano
hamedJenabi,humano
hamedniroomand,humano
hamedor,humano
hameltomor,humano
hamid-bhz,humano
hamid-shahsavani,humano
hamidmayeli,humano
hamidra,humano
hamidreza-nateghi,humano
hamidrezahanafi,humano
hamiltont,humano
hamishtaplin,humano
hamizjafari,humano
hamlim,humano
hammadmaqsood24,humano
hammadqurashi,humano
hammaduzair,humano
hammadxcm,humano
hammerill,humano
hamonCordova,humano
hampak,humano
hampuskraft,humano
hamsterhomka,humano
hamudeshahin,humano
hamxiaoz,humano
hamza-ahad-cygnis,humano
hamza512b,humano
hamzabamboat,humano
hamzachar,humano
hamzamongam,humano
hamzashah0302,humano
hamzasheraz,humano
han-so1omon,humano
han9088,humano
hanakla,humano
hanamurayuki,humano
hanashiro,humano
hanayashiki,humano
handersonc,humano
handhikadj,humano
handipriyono,humano
handletastic,humano
handrei,humano
handycode,humano
hanebox,humano
haneefghanim,humano
hanford,humano
hangindev,humano
hanikoussa,humano
hank-cmd,humano
hank7444,humano
hankandre,humano
hankmander,humano
hannahla97,humano
hannanstd,humano
hannesj,humano
hannesl,humano
hanneslund,humano
hannupekka,humano
hannusibenberg-2ndConsulting,humano
hanoii,humano
hanshs,humano
hansiemithun,humano
hansinhu,humano
hansottowirtz,humano
hanwenbo,humano
hanwool95,humano
hanxu317317,humano
hanyf,humano
hanymorcos,humano
hanzala-sohrab,humano
haoduoyuha,humano
haohcraft,humano
haoolii,humano
haotangio,humano
haouvw,humano
haoyanwang,humano
haozhun,humano
happy-unicorn,humano
happydayxxl,humano
happyjosh,humano
happyloa,humano
har1sh,humano
haraldev01,humano
hardfist,humano
hardik118,humano
hardlydearly,humano
hardwit,humano
hardythedrummer,humano
hari-menon-bpai,humano
hariantara,humano
hariharandr,humano
harikapadia999,humano
hariombalhara,humano
hariria,humano
haris-aqeel,humano
hariscs,humano
harish-sethuraman,humano
harishannam,humano
harishn1408,humano
harisiqbal12,humano
hariskurtishi,humano
harisraharjo,humano
harisvsulaiman,humano
haritssr,humano
harjis,humano
harley-hutchinson,humano
harleyharl,humano
harm-meijer,humano
harmonous,humano
harmony7,humano
harriha,humano
harrison-epipelagic,humano
harrisonrholt,humano
harrisosserman,humano
harrisrobin,humano
harrisyn,humano
harry-atk,humano
harry-gocity,humano
harry-rsyh,humano
harryadel,humano
harrybawsac,humano
harryfinn,humano
harryfoster,humano
harryhaibojiang,humano
harryheman,humano
harryjamesuk,humano
harryli0088,humano
harrynikolov,humano
harryoppa,humano
harrysolovay,humano
harrytothemoon,humano
harryzec,humano
harsh-hacktron,humano
harsh-vish14,humano
harshRishi,humano
harsha-cpp,humano
harsha08-2k6,humano
harshadprajapati17,humano
harshal-ringe,humano
harshalone,humano
harshcoder-harsh,humano
harshcrop,humano
harshcut,humano
harshdoshihauper,humano
harshendra1998,humano
harshidw,humano
harshilmadaliya,humano
harshit bhalla,humano
harshitaTurtleTechSai,humano
harshitsan,humano
harshkumar3117-svg,humano
harshmaur,humano
harshv5094,humano
harshvitra,humano
harshzalavadiya,humano
hartshorne,humano
hartzis,humano
harukaeru,humano
harunsmrkovic,humano
harvestnide,humano
harysonii,humano
harzh307,humano
hasan-mehboob,humano
hasankhurshid29,humano
hasanshahriar32,humano
hasantezcan,humano
hasanzahran,humano
haseeb196,humano
haseebalam,humano
hash527,humano
hash817,humano
hashlash,humano
hasparus,humano
hassam7,humano
hassan028,humano
hassan524,humano
hassanbazzi,humano
hassanferdous,humano
hassanqureshi2,humano
hassanzadeh,humano
hatamizq,humano
hatamsoyunov,humano
hatchli,humano
hathai25,humano
hato-poppo,humano
hatsumatsu,humano
hatsumihayashi,humano
haugseth,humano
hauptrolle,humano
hautest,humano
havefive,humano
havenS,humano
havgry,humano
havran,humano
haw0k,humano
hawaiicr8tive,humano
hawkeye-sama,humano
hawkins,humano
hawx1993,humano
hayato94087,humano
haydenbleasel,humano
haydencleary,humano
haydenshively,humano
haydn,humano
haydnhkim,humano
hayeah,humano
hayes,humano
haykam821,humano
haykerman,humano
haykodarb,humano
hayksaryan,humano
haythamfouda,humano
haywirez,humano
hayyaun,humano
hazae41,humano
hazelbag,humano
hazeled,humano
hazelnutce,humano
hazhirmohammadi,humano
hazzo,humano
hazzzi,humano
hb20007,humano
hbachhhh,humano
hbarcelos,humano
hbatalhaStch,humano
hbenl,humano
hbmartin,humano
hbmueller,humano
hborrelli1,humano
hbrls,humano
hbsoftweb,humano
hbswift,humano
hbystrom91,humano
hc0503,humano
hcharley,humano
hchoriq,humano
hckhanh,humano
hcorreia,humano
hdJerry,humano
hdaum,humano
hdmJs,humano
hdngr,humano
hdra,humano
headexpanded,humano
headironc,humano
headline-design,humano
headwinds,humano
healeycodes,humano
healqq,humano
healthpackdev,humano
heanzyzabala,humano
heart-er,humano
heath-freenome,humano
heatseeker76,humano
heavenlian,humano
heavenshell,humano
hebinhuang,humano
heblol,humano
hecoderius,humano
hect1c,humano
hector,humano
hectordavila64,humano
hedefalk,humano
hedgeday,humano
hedgepigdaniel,humano
hedwiggggg,humano
hedysnike,humano
hedytang,humano
heecheon92,humano
heeeete,humano
heeeyflo,humano
heegu0311,humano
heehaw12345,humano
heeju,humano
heff,humano
hegargarcia,humano
hegelocampus,humano
hegelstad,humano
heggemsnes,humano
heggland,humano
heiberik,humano
heinsenberg82,humano
heisbrot,humano
heismyke,humano
heisonyee,humano
helabenkhalfallah,humano
helbing,humano
helderberto,humano
heldr,humano
helfer,humano
helfi92,humano
helgelunde1981-creator,humano
helguita,humano
helight59,humano
heliocastro,humano
hello-alf,humano
hello-rory,humano
helloanoop,humano
hellobq,humano
hellobrian,humano
hellobrunao,humano
hellocory,humano
helloheesu,humano
helloitsjoe,humano
helloitsm3,humano
helloivanco,humano
hellojser,humano
hellokai55,humano
hellolovebuxiu,humano
hellopabu,humano
helloworld,humano
helloworld-alex,humano
helloworldcyj,humano
helloyou2012,humano
hellsan631,humano
helmturner,humano
heloineto,humano
helsner,humano
helsont,humano
hema1592,humano
hemache,humano
hemeanandh,humano
hemedani,humano
hemmachat,humano
hemnath-hub,humano
hems,humano
hencca,humano
henchaves,humano
hendisantika,humano
hendrik244,humano
hengkx,humano
hengwangsay,humano
henhan,humano
henhen724,humano
henilshahdev,humano
henke443,humano
henningsieh,humano
henricook,humano
henricop,humano
henrik-d,humano
henrik242,humano
henrikklee,humano
henrikvilhelmberglund,humano
henrikvtcodes,humano
henrikzabel,humano
henriqemalheiros,humano
henriqpohl,humano
henrique-aguiar-dev,humano
henriquecarv,humano
henriqueholtz,humano
henriqueinonhe,humano
henryStelle,humano
henrybabbage,humano
henrycatalinismith,humano
henrycjchen,humano
henryennis,humano
henrygrant,humano
henryjayyu,humano
henrykhosasih,humano
hensou,humano
henziger,humano
hephzaron,humano
herbievine,humano
herdsothom,humano
hereisfahad,humano
heresandyboy,humano
heresyrj,humano
hermanskurichin,humano
hernan-yadiel,humano
hernandemonteiro,humano
hernansartorio,humano
hero-guo,humano
hero100era,humano
herr-vogel,humano
herrherrmann,humano
herrspiess,humano
herschel666,humano
hershmire,humano
herudi,humano
hesalx,humano
hesamd,humano
heschong,humano
heshamabdallah,humano
heshamelmasry77,humano
heshamnimri,humano
heshamz,humano
hesselbom,humano
hessnd,humano
hevi1991,humano
hex2f,humano
hexaaagon,humano
hexcowboy,humano
hexetia,humano
hexiaochen666,humano
hexsprite,humano
heyAyushh,humano
heyask,humano
heyfirst,humano
heyfromapp,humano
heygsc,humano
heyitsarpit,humano
heyitsuzair,humano
heyjordn,humano
heylols,humano
heylookalive,humano
heymartinadams,humano
heymath,humano
heymattiarighetti,humano
heyparth1,humano
heyqbnk,humano
heyrict,humano
heysagnik,humano
heysailor,humano
heysanil,humano
hezhii,humano
heziqiang,humano
hf,humano
hg-pyun,humano
hgezim,humano
hgnayak82,humano
hgogoi2012,humano
hh54188,humano
hheinsoee,humano
hhniao,humano
hhokaribonx,humano
hhtoan,humano
hhunter,humano
hi-ammad,humano
hi-ogawa,humano
hi-paul,humano
hi-rad,humano
hi-zp,humano
hibearpanda,humano
hichana,humano
hicodersofficial,humano
hiddenest,humano
hiddentao,humano
hide1111111,humano
hidecchi,humano
hideokamoto,humano
hideokamoto-stripe,humano
hidesminimally,humano
hiendaovinh,humano
hientrandsn,humano
hieuhlc,humano
hieunc229,humano
hieusmiths,humano
hifromkate,humano
higbee4,humano
higgins,humano
highflying,humano
highnet,humano
highoncomputers,humano
highree,humano
hiiiiiiixiaohui,humano
hikiasi,humano
hikoma,humano
hilalarsa,humano
hilarykitz,humano
hildemaroferrer,humano
hill84,humano
hillarylinmd,humano
hilmanski,humano
hilmyveradin,humano
hilycker,humano
himadrinath,humano
himanshiLt,humano
himanshu-dhiman26,humano
himanshu007-creator,humano
himberjack,humano
himrocks33,humano
himself65,humano
himyjan,humano
himynameissebbo,humano
hinode-codes,humano
hinsxd,humano
hiovi,humano
hipdev,humano
hipstersmoothie,humano
hiradary,humano
hiramhuang,humano
hiranaguiar,humano
hiredtocode,humano
hirehamir,humano
hiretimsf,humano
hiro,humano
hiro0218,humano
hiro08gh,humano
hiro1107,humano
hiro345g,humano
hiroki0525,humano
hirokihokari,humano
hiromaily,humano
hiromitz,humano
hirotomoyamada,humano
hirvesh,humano
hirwablessing,humano
hisamafahri,humano
hishamank,humano
hitarthdesai,humano
hitendra-ap,humano
hitt5,humano
hiukky,humano
hivapazira,humano
hiwurun,humano
hiyelbaz,humano
hj007jacky,humano
hjaber,humano
hjaltedaniel,humano
hjaraujof,humano
hjdskhooba,humano
hjellek,humano
hjfitz,humano
hjhjdev,humano
hjick,humano
hjniermann,humano
hjyyang,humano
hk86,humano
hkaghazi,humano
hkbertoson,humano
hkellock,humano
hkirsman,humano
hkmsadek,humano
hkmute,humano
hkogge,humano
hkongm,humano
hlandao,humano
hlege,humano
hlme7788145-a11y,humano
hlolli,humano
hlubek,humano
hlysine,humano
hlz,humano
hmaack,humano
hmac2222,humano
hmacafee,humano
hmaesta,humano
hmalik88,humano
hmdnprks,humano
hmeissner,humano
hmelii,humano
hmellahi,humano
hmillison,humano
hmmChase,humano
hmmhmmhm,humano
hmodykhrtoto,humano
hmontes,humano
hmps,humano
hms-dev25,humano
hmtcelik,humano
hmtri1011,humano
hmvmpire,humano
hnapoles,humano
hnlinzhi19,humano
hnordt,humano
hnq90,humano
hnrkDEV,humano
hnsr,humano
hnykda,humano
ho3einmolavi,humano
hoagminh,humano
hoaminhit,humano
hoang17,humano
hoangdv1995,humano
hoangnd25,humano
hoangph271,humano
hoangtrieukd,humano
hoangtrung99,humano
hoangvvo,humano
hoangzinh,humano
hobadams,humano
hobbs,humano
hockdudu,humano
hodeyp,humano
hoersamu,humano
hoffrocket,humano
hofnarwillie,humano
hohl,humano
hohogpb,humano
hoikin,humano
hokaccha,humano
hokkun-dayo,humano
hokkyss,humano
holahoon,humano
holcz,humano
holdenjrussell,humano
holem,humano
holgerflick,humano
holicreact,humano
holiq,humano
holloway,humano
hollyglot,humano
holmesal,humano
holoiii,humano
holsted,humano
holtkampjs,humano
holubiev,humano
holykzm,humano
homanp,humano
homayounmmdy,humano
homburg,humano
homerchen19,humano
homfred,humano
homoSanyok,humano
homoky,humano
honam867,humano
honey32,humano
hong-duc,humano
hongaar,humano
hongdeyuan,humano
hongrich,humano
hongweitang,humano
hongz1,humano
honhooai,humano
honi,humano
honia19,humano
hontas,humano
honzasladek,humano
hoochani,humano
hood,humano
hoodwink73,humano
hoonoh,humano
hoop71,humano
hooperits,humano
hoosin,humano
hope2001,humano
hopedope,humano
hopefullToo,humano
hopeless-programmer-online,humano
hophacker,humano
hopperhuang,humano
hoqua,humano
horatiothomas,humano
horisanLog,humano
horizon0708,humano
hormesiel,humano
hos,humano
hoseale,humano
hosein-mola,humano
hosino-t,humano
hossam-magdy,humano
hossamkhero,humano
hossein-sarreshtedari,humano
hosseinitabar,humano
hotehrud,humano
hothvictor,humano
hotspoon,humano
hotsummmer,humano
houariDz95,humano
housseindjirdeh,humano
houssembalti,humano
housten0219,humano
houxd1992,humano
houzyk,humano
howard007a,humano
howard36,humano
howard86,humano
howdoicomputer,humano
howells,humano
howieweiner,humano
howieyi,humano
howks,humano
howlettt,humano
hozaifa4you,humano
hozefaj,humano
hozunlee,humano
hp8wvvvgnj6asjm7,humano
hpachy,humano
hpandelo,humano
hpardess,humano
hpohlmeyer,humano
hqw567,humano
hqwlkj,humano
hrachgalstyan,humano
hrasekj,humano
hrasoa,humano
hrazjan,humano
hrc7505,humano
hrdwdmrbl,humano
hrdyjan1,humano
hrdymchl,humano
hrfuturo,humano
hrgui,humano
hrhthegreat,humano
hrigner,humano
hrishikesh2810,humano
hrithikvishwakarma001,humano
hrithikwins,humano
hrithiqball,humano
hriztam,humano
hrmny,humano
hronchetti,humano
hronro,humano
hrougier,humano
hrr2000,humano
hrsh7th,humano
hrzon,humano
hsab,humano
hsavit1,humano
hscstudio,humano
hsglc,humano
hsh2001,humano
hshahdoost,humano
hshahdramafever,humano
hsheikhali1,humano
hshqwq,humano
hsjobeki,humano
hsklia,humano
hsl947,humano
hslater101-cyber,humano
hslee2008,humano
hsneeraj,humano
hsnfirdaus,humano
hson194,humano
hsoulier,humano
hspotorno,humano
hsrvms,humano
hstemplewski,humano
hstove,humano
hsuanyi-chou,humano
hsuastegui,humano
hsucherng,humano
hsunpei,humano
hsvtslv,humano
hsxfjames,humano
hsynlms,humano
ht-l1,humano
htakemoto,humano
htbvo,humano
htetaunglin-coder,humano
htgmanics,humano
htkimura,humano
htl-syterme,humano
httpete,humano
httpjamesm,humano
htunnicliff,humano
hu0p,humano
huadee1108,humano
huaiyukhaw,humano
huan231,humano
huanglijiao,humano
huanglip,humano
huanlirui,humano
huanzheke,humano
hubertkuoch,humano
hubertlepicki,humano
hubgit,humano
huboss888,humano
hucki,humano
hufftheweevil,humano
huge689,humano
hugefunwoo,humano
hugejile,humano
hugentobler,humano
hugeorange,humano
huggge,humano
huggler,humano
hughlilly,humano
hughlv,humano
hughrawlinson,humano
hughriegelwt,humano
huglemon,humano
hugmanrique,humano
hugmouse,humano
hugo-cardoso,humano
hugo-syn,humano
hugo-vrijswijk,humano
hugocruzlfc,humano
hugocxl,humano
hugoerortiz,humano
hugohammarstrom,humano
hugohomesquita,humano
hugojos,humano
hugomendonca98,humano
hugomn,humano
hugos99,humano
hugotiger,humano
hugotox,humano
hugues-m,humano
hugzug,humano
hui.liu,humano
huilensolis,humano
huinalam,humano
huixiangming,humano
hujuu,humano
huksley,humano
hukuda222,humano
hulh122,humano
hulufei,humano
humanterror,humano
humble-barnacle001,humano
humet,humano
humont,humano
humphd,humano
hunain3199,humano
hung3102,humano
hungcrush,humano
hungcung2409,humano
hungdoansy,humano
hunghg2505,humano
hunghg255,humano
hunghuy201280,humano
hungnguyen1995,humano
hungtsou,humano
hunt,humano
hunter2009,humano
huntharo,humano
huozhi,humano
huperniketes,humano
huroh,humano
hurttlocker,humano
huru-ukko,humano
hurvajs77,humano
husen1003,humano
huseyinalcik,humano
huseyinbuyukdere,humano
huseyinkryl,humano
hushino,humano
huskylovegold,humano
husnusener,humano
hussain992,humano
hussainanjar,humano
husseinbob,humano
husseinhere,humano
husseinraoouf,humano
hustLer2k,humano
hutaod,humano
hutber,humano
huttotw,humano
huumn,humano
huv1k,humano
hux2,humano
huxinmin,humano
huxxnain,humano
huy-thp,humano
huy9k,humano
huyansheng3,humano
huyitan,humano
huykon,humano
huypham1411,humano
huyvu23,humano
huzaifa-99,humano
huzaifa4725,humano
huzaifali24,humano
huzaifarif,humano
huzefa-husain-gravity,humano
huzefakagdi,humano
huzidaha,humano
hvaoc,humano
hvdson,humano
hvedar-nabilkin,humano
hvgeertruy,humano
hviksten,humano
hvqzao,humano
hvsy,humano
hwangstar156,humano
hwangtab,humano
hwangyena,humano
hx-gh,humano
hxc9,humano
hyd3rs,humano
hydRAnger,humano
hyeewooon,humano
hyeongrok7874,humano
hyeopsang,humano
hyesungoh,humano
hyfdev,humano
hyggeattic10,humano
hyj111,humano
hykelvinlee42,humano
hyn-lei,humano
hynjnk,humano
hyoban,humano
hyonun321,humano
hyoretsu,humano
hyorimcho,humano
hypeJunction,humano
hyper-dot,humano
hyperapps,humano
hyperbolictonic,humano
hyperborea,humano
hypercodex,humano
hyperknot,humano
hypernomad,humano
hyperscientist,humano
hyperse-net,humano
hypersundays,humano
hypervisor,humano
hyphmongo,humano
hypo-thesis,humano
hypong,humano
hyprnestofficial,humano
hytromo,humano
hyungjikim,humano
hyunjunian,humano
hyuntnchoi,humano
hyurl,humano
hywook4,humano
hzavareze,humano
hzhang20902,humano
hzhu,humano
hzlmn,humano
hzoo,humano
i-am-lioness,humano
i-am-the-slime,humano
i-azam,humano
i-bsd,humano
i-davydov,humano
i-katas,humano
i-muniz,humano
i-tengfei,humano
i-umairmalik,humano
i0n-,humano
i5d6,humano
i6mi6,humano
i8ramin,humano
iAdramelk,humano
iAkashPattnaik,humano
iAmLakshya,humano
iAmmar7,humano
iCanbolat,humano
iCodePoet,humano
iCrawl,humano
iDVB,humano
iDarkLightning,humano
iFallUpHill,humano
iFlyinq,humano
iFokus,humano
iFwu,humano
iGmainC,humano
iKonrad,humano
iKushiu,humano
iMUngHee,humano
iMarv,humano
iMerica,humano
iMohammadReza,humano
iMuFeng,humano
iMvBremen,humano
iNishant,humano
iRoySwift,humano
iShawnWang,humano
iShelar,humano
iSpeakNerd,humano
iSplasher,humano
iSuslov,humano
iTonyYo,humano
iTzRusso10,humano
iUsemws,humano
iWatson38,humano
iZUMi-kyouka,humano
iaarab,humano
iafsh,humano
iagobruno,humano
iagodahlem,humano
iagomls,humano
iainbryson,humano
iaincollins,humano
iakshay,humano
ialse,humano
iam-frankqiu,humano
iam-yan,humano
iam4x,humano
iamJoeTaylor,humano
iamKushagra,humano
iamajmalsaleem,humano
iamakshatjain,humano
iamakulov,humano
iamaliybi,humano
iamalvisng,humano
iamarpitpatidar,humano
iamawaisakram,humano
iamawebgeek,humano
iambharathpadhu,humano
iambieenrvux,humano
iambouamar,humano
iambryancs,humano
iamcco,humano
iamchathu,humano
iamcpdev,humano
iamcrisb,humano
iamdenny,humano
iamdevlinph,humano
iamdevonbutler,humano
iamdudeman,humano
iamfaycal,humano
iamfj,humano
iamgmd,humano
iamgp,humano
iamharshad,humano
iamharshil,humano
iamhectorsosa,humano
iamhuynq,humano
iamifechi,humano
iamjacks,humano
iamjohnlong,humano
iamjoshua,humano
iamk3nnyt,humano
iamkd,humano
iamkevb,humano
iamkevingreen,humano
iamkhalidbashir,humano
iamkibeh,humano
iamkumaran,humano
iamleniac,humano
iamlinkus,humano
iamlucasgomes,humano
iammarkps,humano
iammartincollins,humano
iammati,humano
iammatthias,humano
iammerrick,humano
iammola,humano
iamnafets,humano
iamnewton,humano
iamnnort,humano
iamnoufal,humano
iamolegga,humano
iampava,humano
iampeterbanjo,humano
iampoul,humano
iampranavdhar,humano
iamrahulrnair,humano
iamricky,humano
iamrobins,humano
iamsabbirsobhani,humano
iamsado,humano
iamsharzil,humano
iamshrivishnu,humano
iamsoltan,humano
iamsoorena,humano
iamspido,humano
iamsriranga,humano
iamstarkov,humano
iamsteeve,humano
iamstuxn3t,humano
iamsyh,humano
iamtchelo,humano
iamthesiz,humano
iamtoomas,humano
iamtun,humano
iamvishnusankar,humano
iamwillbar,humano
iamyojimbo,humano
iamyuu,humano
ian,humano
ian-cameron,humano
ian-cawood,humano
ian-hutchinson,humano
ianatha,humano
ianbunag,humano
ianchanning,humano
ianchenx,humano
iand675,humano
iandeherdt,humano
ianfabs,humano
ianfs-com,humano
ianhaggerty,humano
ianhomer,humano
ianimaass,humano
ianizaguirre,humano
ianjakobs,humano
iankduffy,humano
iankleist,humano
ianldgs,humano
ianmacartney,humano
ianmartorell,humano
iannickb,humano
ianparkinson,humano
ianregister,humano
ianschmitz,humano
ianstormtaylor,humano
iansu,humano
ianujvarshney,humano
ianwang,humano
ianwensink,humano
ianwremmel,humano
ianzone,humano
iaraknes,humano
iaremarkus,humano
iarlen-reis,humano
iaseth,humano
iatiuc-vasilii,humano
iaurg,humano
ibadsiddiqui,humano
ibai-atienza,humano
ibanlopez,humano
ibaraki-douji,humano
ibash,humano
ibmsoft,humano
ibnumusyaffa,humano
ibobo,humano
ibqn,humano
ibraelillo,humano
ibraheemosule,humano
ibrahemid,humano
ibrahim-ahmed-dev,humano
ibrahim-ahmed3,humano
ibrahimaq,humano
ibrahimmemonn,humano
ibrahmounk,humano
ibrhm-mnf,humano
ibuki2003,humano
ica-nis,humano
icai,humano
ical10,humano
icarlossz,humano
icastillejogomez,humano
icazemier,humano
icco,humano
ice0990-bit,humano
ice7mayu,humano
iceRao,humano
iceberg211,humano
icekhab,humano
icesupawan,humano
icetee,humano
icex,humano
icey0126,humano
icflorescu,humano
icharge,humano
ichtestemalwieder,humano
ichyr,humano
icodeforlove,humano
icopp,humano
icsaba,humano
icyJoseph,humano
icymonk,humano
iczero,humano
idaaaaaaa,humano
idango10,humano
idatawebapp,humano
iddk0321,humano
ide,humano
ideabnb,humano
ideactionagency,humano
ideal-railroad,humano
idealcLone,humano
idebeijer,humano
idemmanuel001,humano
ides15,humano
idevelop,humano
idhard,humano
idibidiart,humano
idiglove,humano
idirdev,humano
idirmosh,humano
idkjs,humano
idkwhojamesis,humano
idleberg,humano
idlefingers,humano
idmedia-kaiser,humano
idolize,humano
idoob,humano
idoshamun,humano
idotalmor,humano
idrahoner,humano
idreaminteractive,humano
idris95,humano
idrisakmal,humano
iduartindigo,humano
idungotnosn,humano
idupree,humano
iduuck,humano
idw111,humano
ielaajezdev,humano
ielmar,humano
iest,humano
ifahs1,humano
ifeanyiisitor,humano
ifeltsweet,humano
ifeora-emeka,humano
ifer47,humano
iffa,humano
ifielder,humano
ifier,humano
ifiokjr,humano
ifokeev,humano
ifthenelse,humano
ifuller1,humano
ifyoumakeit,humano
ig-perez,humano
ig4e,humano
iga00257,humano
igabor94,humano
igas,humano
igauravsehrawat,humano
igbanam,humano
igdev116,humano
igeligel,humano
iggyfisk,humano
iggyzap,humano
igierard,humano
igl,humano
igli7,humano
igloo1505,humano
iglv,humano
ignacio-gc,humano
ignaciodiazb,humano
ignaciogiri,humano
ignacioportigliatti,humano
igneel64,humano
ignwombat,humano
igo,humano
igolskyi,humano
igor-pestov-dev,humano
igor-toporet,humano
igorasilveira,humano
igorbabko,humano
igorbarbashin,humano
igordanchenko,humano
igordata,humano
igorfonseca05,humano
igorgatis,humano
igorkofman,humano
igormartimiano,humano
igoroalonge,humano
igorovic,humano
igorpupkinable,humano
igorpwnd,humano
igorroman777,humano
igorroncevic,humano
igorsergiichuk,humano
igorvargasp,humano
igorvieira,humano
igorwessel,humano
igorxmath,humano
igotfr,humano
igshehata,humano
igz0,humano
ihaback,humano
ihadabs,humano
iheb-sebai,humano
ihmpavel,humano
ihommani,humano
ihsw,humano
iiDestiny,humano
iiKulakov,humano
iiaishwarya,humano
iicdii,humano
iiegor,humano
iiiok,humano
iiison,humano
iilei,humano
iiroj,humano
iivankin,humano
ijjk,humano
ijjk-test,humano
ijxy,humano
ik-southpole,humano
ikaio,humano
ikajolroy,humano
ikandars,humano
ikapta,humano
ikaz-jem,humano
ikebastuz,humano
iker barriocanal,humano
iker-barriocanal,humano
ikerya,humano
ikeryo1182,humano
ikevinsolomon,humano
ikhsanalatsary,humano
iki,humano
ikim23,humano
ikkecode,humano
ikki-nakamura,humano
iknoul,humano
ikorniyasov,humano
ikraamdaanis,humano
ikryvorotenko,humano
iksent,humano
ikunalkumararya,humano
ikushlianski,humano
ilanbm,humano
ilanoh,humano
ilansu,humano
ilbertt,humano
ilchenkoArtem,humano
ilchoTaleski,humano
ild0tt0re,humano
ilfa,humano
ilhamgepe,humano
ilhamgum,humano
ilhamkukuh,humano
ilhamwahabi,humano
ilia-luk,humano
ilia-os,humano
iliaamiri,humano
iliacodes,humano
ilian922,humano
iliasbhal,humano
iliaschaumont,humano
iliatalebzade,humano
ilibilibom,humano
ilijaNL,humano
ilikali,humano
ilionic,humano
iliran11,humano
iliyanlishkov,humano
iliyat,humano
iljamulders,humano
ilkergonenc,humano
ilkozlovvvcinci0,humano
illarionvk,humano
illegitimate-egg,humano
illiabakunovskyi,humano
illiakovalenko,humano
illiteratewriter,humano
illkle,humano
illlama,humano
illogikal,humano
illright,humano
illuminist,humano
illusi03,humano
illusionconnect,humano
ilmatt1991,humano
ilovski5,humano
ilterugur,humano
ilyabezdelev,humano
ilyadynin,humano
ilyamed,humano
ilyandho,humano
ilyary,humano
ilyasmez,humano
ilyasse05,humano
ilyisx,humano
im-anishraj,humano
im-ghost,humano
im-id01,humano
im-singh,humano
imBAOSS,humano
imCorfitz,humano
imLymei,humano
imNotTheDevYouAreLookingFor,humano
imPrathamDev,humano
imRanDan,humano
imZack,humano
imabp,humano
imadatyatalah,humano
imadbz,humano
imadityadi,humano
imagawa0414,humano
imageck,humano
imagentleman,humano
imagine10255,humano
imajayt,humano
imakan,humano
imakeinterfaces,humano
imaksp,humano
imamabdulazis,humano
imangm,humano
imankazievakeremet-web,humano
imansafari1991,humano
imansalhi,humano
imanushree,humano
imaosglobal,humano
imaxisXD,humano
imben1109,humano
imbhargav5,humano
imbhavin95,humano
imceZZ,humano
imchairmanm,humano
imclint21,humano
imcodingideas,humano
imconfused218,humano
imdarkk,humano
imdavidmin,humano
imddc,humano
imdongchen,humano
imdreamrunner,humano
imedadel,humano
imekachi,humano
imevanc,humano
imfelipedev,humano
imfunniee,humano
imgntn,humano
imhalid,humano
imhuynq,humano
imjakechapman,humano
imjamespond,humano
imjared,humano
imjulioc,humano
imjuni,humano
immasandwich,humano
immdraselkhan,humano
immiProgrammer,humano
immortalx,humano
imniloy,humano
imogenkinsman,humano
imownbey,humano
impactcolor,humano
impactvelocity,humano
impaulofilho,humano
impfans,humano
impishlucy,humano
implicitdef,humano
implosivemosaic,humano
imprakharshukla,humano
imprisonedmind,humano
impronunciable,humano
impsdc,humano
imqdee,humano
imran-vz,humano
imran1992,humano
imranbarbhuiya,humano
imranhrafi,humano
imranolas,humano
imranweb,humano
imrvon,humano
imsamad,humano
imsatyam2111,humano
imskyleen,humano
imsnif,humano
imsyf,humano
imtheu,humano
imtiazpy,humano
imtsuki,humano
imvad,humano
imwangpan,humano
imyanglu,humano
imyanice,humano
imyjimmy,humano
imyuanli,humano
imyuanx,humano
in-ch,humano
in-in,humano
in19farkt,humano
in2erval,humano
inDream,humano
inacior,humano
inakianduaga,humano
inbeom,humano
inceenes10,humano
incepter,humano
incleaf,humano
incseeuu,humano
ind-igo,humano
indahud,humano
indapublic,humano
indeedhat,humano
indegser,humano
indeox,humano
inderjotx,humano
indexzero,humano
indianboat,humano
indicozy,humano
indieTrav,humano
indiejoseph,humano
indify-co,humano
indigomelody,humano
indikaimk,humano
indorock,humano
indotek68,humano
indraantoor,humano
indrajithc,humano
indralukmana,humano
indrasenakatam,humano
indrazm,humano
inducingchaos,humano
induratized,humano
indutny,humano
inemiro,humano
inezabonte,humano
inf1nite-lo0p,humano
infacq,humano
infiniteluke,humano
infinity-atom42,humano
inflation,humano
infodusha,humano
infovishal01,humano
infra-ia-icest,humano
ing-ivan-31,humano
ingdaeho,humano
ingoclaro,humano
ingoe,humano
ingridkindem,humano
ingridskard,humano
ingun37,humano
inithink,humano
injae-kim,humano
inkiltie,humano
inleadec-png,humano
inmichael,humano
innobrightcafe,humano
innocent-m-rac,humano
innocentdavid,humano
innowhat,humano
inokawa,humano
inoutw,humano
inrainc,humano
insekticid,humano
inside,humano
insivika,humano
inspiraller,humano
insprd,humano
instagibb,humano
instantraaamen,humano
instavites-niklas,humano
insurerity,humano
integral-llc,humano
intelcoder,humano
intensr,humano
intergalacticspacehighway,humano
intermund,humano
intermundos,humano
internalsystemerror,humano
interpfister,humano
inthisar-hamza,humano
intoRandom,humano
intrusobarbara2824,humano
invalidandnull,humano
invalidtoken,humano
invena-it,humano
invisibled,humano
invocation97,humano
inwardmovement,humano
io,humano
ioExpander,humano
ioRekz,humano
ioancruso,humano
iojcde,humano
iominh,humano
iondrimba,humano
ionpetro,humano
ionut-botizan,humano
ionutmiftode,humano
ioram-devi,humano
iosifache,humano
ioslh,humano
iota-unum,humano
iou90,humano
ioulian,humano
ipaddr,humano
ipatate,humano
ipenywis,humano
iperdev,humano
ipiccininiatex,humano
iprignano,humano
iprotoni,humano
ipy,humano
iqbal125,humano
iqbqioza-removed,humano
iqoOopi,humano
iqqmuT,humano
iquabius,humano
iquirino,humano
iraphaelfernandes,humano
irawel,humano
irekrog,humano
irene459,humano
irfan-maulana-tkp,humano
irfancoder,humano
irfandyj,humano
irfanfandi,humano
irfanullahjan,humano
irfndi,humano
irg1008,humano
irisarco,humano
irisyann,humano
irmakcosarsahna,humano
irnc,humano
ironchef-bklyn,humano
ironvale0,humano
irrigator,humano
iruizsalinas,humano
irvile,humano
irvin93d,humano
is-it-ayush,humano
isBatak,humano
isNan909,humano
isRafay786,humano
isThereAnyF-ingNameAvailable,humano
isTravis,humano
isaac-martin,humano
isaac-peka,humano
isaac1400,humano
isaacbatst,humano
isaacdarcilla,humano
isaacgarciavillacres,humano
isaachinman,humano
isaackatayev,humano
isaackoz,humano
isaackwok,humano
isaaclvf,humano
isaacmaddox,humano
isaacrowntree,humano
isaacwasserman,humano
isab,humano
isabirahmed,humano
isaced,humano
isafranco13,humano
isaiahtaylor,humano
isaiaslucena,humano
isamisushi,humano
isasmendiagus,humano
isbasex,humano
iscekic,humano
iserdmi,humano
isggwp,humano
isgin01,humano
ishaan1013,humano
ishaangandhi,humano
ishaanjain,humano
ishan123456789,humano
ishank-s,humano
ishantgupta777,humano
ishaqibrahimbot,humano
ishields,humano
ishigami,humano
ishimwereponse223-bot,humano
ishmidt-tou,humano
ishowta,humano
ishtiak-ahmed,humano
ishwinder,humano
isilweo,humano
isimmons,humano
isjackwild,humano
iska9der,humano
iskipu,humano
islamBelabbes,humano
islameldigwi,humano
islamhafez0,humano
ismaelaarab,humano
ismaelrumzan,humano
ismailToyran,humano
ismailbaskin,humano
ismamz,humano
ismarslomic,humano
ismatim,humano
ismatovsanjarbek,humano
isoceles,humano
isocroft,humano
isomorpheric,humano
isoroka-plana,humano
israel-lpz,humano
israelviveros,humano
israfil-miya,humano
israteneda,humano
issam-seghir,humano
issiyda,humano
istarkov,humano
istashak,humano
istonejoeljonsson,humano
istvanjkb,humano
isuruAb,humano
itaditya,humano
itag-tech,humano
italodeandra,humano
italodirenzo93,humano
italodr,humano
italogama,humano
italonolasco,humano
italoseara,humano
itaquito,humano
itava0,humano
itaylorweb,humano
itcastzm,humano
itcotta,humano
itdat,humano
itegmark,humano
iteratetograceness,humano
ithan,humano
ithinco,humano
itinance,humano
itisvincent,humano
itokun99,humano
itome,humano
itoudium,humano
itoutcome,humano
itpazu,humano
itpreneur,humano
itranga,humano
itrelease,humano
its-danny,humano
its-dibo,humano
its-kos,humano
its-kunal,humano
its-mXc,humano
its-tayo,humano
itsDZhang,humano
itsJimmyQ,humano
itsLaserr,humano
itsMapleLeaf,humano
itsUndefined,humano
itsajay1029,humano
itsall4mykids21-cmd,humano
itsatoshi,humano
itsazzam,humano
itsberkelium,humano
itsblyo,humano
itsclarke,humano
itscrisu,humano
itsdouges,humano
itsemirhanengin,humano
itsfadnis,humano
itsgoofer,humano
itsgratien,humano
itshoro,humano
itsjavi,humano
itsjgf,humano
itsjling,humano
itsjzt,humano
itskibo,humano
itsknk,humano
itsmartinhi,humano
itsmedmd,humano
itsmejay80,humano
itsmenikhill,humano
itsmetambui,humano
itsmichaeldiego,humano
itsmingjie,humano
itsmitul,humano
itsmunim,humano
itsmylife,humano
itssimple,humano
itssubhodiproy,humano
itsthekeming,humano
itsuii,humano
itsuki0927,humano
itsybitsci,humano
itxtoledo,humano
itz-Me-Pj,humano
itzfeltrin,humano
itzsrikanth,humano
iugmali,humano
iukea1,humano
iuliancmarcu,humano
iurvish,humano
iuzn,humano
iv7dev,humano
ivan-aksamentov,humano
ivan-kleshnin,humano
ivan-ltp,humano
ivan-stojanov,humano
ivanafanasyeu,humano
ivanakimov,humano
ivancuric,humano
ivandamyanov,humano
ivandevp,humano
ivandotv,humano
ivanfeli,humano
ivangabriele,humano
ivangorbunoff,humano
ivangrimaldo,humano
ivanhoe-dev,humano
ivanhofer,humano
ivanhouttaylor,humano
ivanhuay,humano
ivanhueso,humano
ivanjeremic,humano
ivanji,humano
ivankadukpc,humano
ivankopcik,humano
ivankovnatsky,humano
ivanmaeder,humano
ivanoats,humano
ivanp83,humano
ivanpadavan,humano
ivanpetrushev,humano
ivansevillaa,humano
ivansgarcia,humano
ivansky,humano
ivantm,humano
ivanvaccari,humano
ivanvanderbyl,humano
ivanwidj,humano
ivanwooc,humano
ivanzorya,humano
ivanzusko,humano
ivasilov,humano
ivawzh,humano
ivenuss,humano
iverks,humano
ivialyi-abi,humano
ivkremer,humano
ivmilicevic,humano
ivnl,humano
ivnmood,humano
ivoba,humano
ivodevbr,humano
ivoelbert,humano
ivoilic,humano
ivoiv,humano
ivolivares,humano
ivome,humano
ivoreis,humano
ivorhoulker,humano
ivorpad,humano
ivosabev,humano
ivstiv,humano
ivxmanagement,humano
ivybridge-3c33,humano
iwarner,humano
iwasrobbed,humano
iwatakeshi,humano
iwebexpert,humano
iwillwen,humano
iwoork,humano
ix1024,humano
ixahmedxi,humano
iyansr,humano
iycodes,humano
iykazrji,humano
iyosayi0x,humano
izaacdb,humano
izakfilmalter,humano
izaleu,humano
ize8,humano
izemo,humano
izi-p,humano
izica,humano
izorg,humano
izoukhai,humano
izumin5210,humano
izziaraffaele,humano
izzuddinraffar,humano
j,humano
j-borg,humano
j-fdion,humano
j-holub,humano
j-jiseophan,humano
j-joker,humano
j-lee8,humano
j-machuca,humano
j-mattsson,humano
j-mcgregor,humano
j-mendez,humano
j-norman,humano
j-quelly,humano
j0hnm4r5,humano
j0hnta,humano
j0kerZ,humano
j0pgrm,humano
j0w0,humano
j11s22k33,humano
j13n,humano
j2ghz,humano
j2is,humano
j3sch,humano
j471n,humano
j4mesjung,humano
j4nos,humano
j4p3,humano
j4tmr,humano
j710328466,humano
j8seangel,humano
j9141997,humano
jSadoski,humano
jWytrzes,humano
ja-iy,humano
ja0n,humano
jaakdentrekhaak,humano
jaakkohurtta,humano
jaan1025,humano
jaanauati,humano
jaandrews,humano
jaaneh,humano
jaapaurelio,humano
jaba-e,humano
jabacchetta,humano
jabariqusai,humano
jabedzaman,humano
jabza,humano
jac0bbennett,humano
jacargentina,humano
jacekkuczynski,humano
jacenre,humano
jacerchetoui56,humano
jacintorodrigues,humano
jack-pallot,humano
jack-rhodes,humano
jack-sf,humano
jack-szeto,humano
jack2ky,humano
jackHedaya,humano
jackall3n,humano
jackblackCH,humano
jackgray,humano
jackguoAtJogg,humano
jackie19,humano
jackien1,humano
jackjdleslie,humano
jacklaurencegaray,humano
jacklee814,humano
jacklimwenjie,humano
jacklynch00,humano
jackmatrix,humano
jacknevitt,humano
jackocnr,humano
jackple,humano
jackrdye,humano
jackromo888,humano
jacksbox,humano
jacksierkstra,humano
jacksmam,humano
jacksonhardaker,humano
jacksonrakena,humano
jacksteves,humano
jackton1,humano
jackunion,humano
jackvijayy,humano
jackvividseats,humano
jackycymo,humano
jackyef,humano
jackypan1989,humano
jackywq,humano
jackzbazuka,humano
jaclarke,humano
jacobarriola,humano
jacobawebb,humano
jacobbroughton,humano
jacobchen,humano
jacobcoro,humano
jacobcwright,humano
jacobdcastro,humano
jacobdo2,humano
jacobdubail,humano
jacobgawel,humano
jacobgoldfarb,humano
jacobgraf,humano
jacobheric,humano
jacobhixon47,humano
jacobhjkim,humano
jacobhq,humano
jacobhytter,humano
jacobjove,humano
jacobkapitein,humano
jacoblapworth,humano
jacobpdq,humano
jacobpgn,humano
jacobra19,humano
jacobrask,humano
jacobsfletch,humano
jacobtt21,humano
jacobweber,humano
jacobwgillespie,humano
jadbox,humano
jaddoescad,humano
jadedevin13,humano
jademh,humano
jadenv,humano
jadiaz-mck,humano
jadsonlourenco,humano
jaedung,humano
jaegeon-tatum,humano
jaeh,humano
jaehunn,humano
jaekunchoi,humano
jaemil,humano
jaffar keikei,humano
jaffarkeikei,humano
jagaapple,humano
jagadishg,humano
jagdishpadeliya,humano
jaggerwang,humano
jaggli,humano
jagilley,humano
jagnani73,humano
jagrajbains,humano
jagreehal,humano
jagreene,humano
jagvaandanzan,humano
jahanzaib-iqbal-dev,humano
jahilldev,humano
jahirfiquitiva,humano
jahlherapath,humano
jahnavijanu143,humano
jahooma,humano
jai-sharma,humano
jai-x,humano
jaiew,humano
jain1403,humano
jainamsMagneto,humano
jaineelmodi11,humano
jainmohit2001,humano
jaisharx,humano
jaitaiwan,humano
jaj232,humano
jajaperson,humano
jak-ch-ll,humano
jake-normal,humano
jake-nz,humano
jake-transcrypts,humano
jake8655,humano
jakeFeldman,humano
jakearchibald,humano
jakebailey,humano
jakeboone02,humano
jakeburden,humano
jakec-dev,humano
jakefb,humano
jakegibson,humano
jakeherp,humano
jakehewitt,humano
jakehopking,humano
jakejarvis,humano
jakekrog,humano
jakekugel,humano
jakelazaroff,humano
jakeleventhal,humano
jakelevi,humano
jakelong1995,humano
jakelowen,humano
jakelumetta,humano
jakemmarsh,humano
jakemstar,humano
jakeorr,humano
jakepante21,humano
jakepaul8922-dotcom,humano
jakepeyser,humano
jaketrent,humano
jakevollkommer,humano
jakewies,humano
jakieobostrzenia,humano
jakiestfu,humano
jaknas,humano
jakob-fiegerl,humano
jakobfipke,humano
jakobmerrild,humano
jakobrahm,humano
jakobupton,humano
jaksenko,humano
jakst,humano
jakub-chatrny,humano
jakub-vaillant,humano
jakub300,humano
jakubhonisek,humano
jakubjo,humano
jakubmazanec,humano
jakubriedl,humano
jakubruffer,humano
jakubsobel,humano
jakubsuszynski,humano
jakubzet,humano
jalada,humano
jalaguerom,humano
jalal246,humano
jalaliyev,humano
jalbertsr,humano
jalbissimo,humano
jalcalav,humano
jalik,humano
jalovatt,humano
jaloveeye,humano
jamal-jackson,humano
jamal-khan786,humano
jamaybyrone,humano
jambulud,humano
jame-earnin,humano
jameal-stellar,humano
james-beston,humano
james-elicx,humano
james-ff,humano
james-gardner,humano
james-han,humano
james-lawrence,humano
james-libros,humano
james-maher,humano
james-meneses-he,humano
james-tindal,humano
james-wallis,humano
james-william-r,humano
james-work-account,humano
james2doyle,humano
jamesTbaker,humano
jamesanthony1523,humano
jamesarosen,humano
jamesbeck,humano
jamesbluecrow,humano
jamescmartinez,humano
jamescrosswell,humano
jamesdaniels,humano
jamesdh,humano
jamesedmonston,humano
jamesgeorge007,humano
jamesgorrie,humano
jamesguan,humano
jameshfisher,humano
jameshoward,humano
jamesirving,humano
jamesisaac,humano
jamesjulich,humano
jameskennethrobinson,humano
jamesknelson,humano
jameskraus,humano
jamesloosli,humano
jameslporter,humano
jamesmcallister,humano
jamesmcintyre,humano
jamesmillerburgess,humano
jamesmosier,humano
jamesnicholls,humano
jamesone,humano
jamesopti,humano
jamespantalones,humano
jamespearson,humano
jamespegg,humano
jamespohalloran,humano
jamesreggio,humano
jamesrford7,humano
jamesrweb,humano
jamesryan-dev,humano
jamessimone,humano
jamesta696,humano
jamestalmage,humano
jamestrenda,humano
jamesvclements,humano
jamesvidler,humano
jamiboym,humano
jamie-shawbrook,humano
jamie-wk,humano
jamiebuilds,humano
jamiegilmartin,humano
jamieholliday,humano
jamiem-splunk,humano
jamiemchale,humano
jamieomaguire,humano
jamiestegman,humano
jamilAbbas,humano
jamilabreu,humano
jamilbk,humano
jamiter,humano
jamj2000,humano
jamo,humano
jamonholmgren,humano
jams2,humano
jamsch,humano
jamsinclair,humano
jamtycle,humano
jamuhl,humano
jamzi,humano
jan-clockworkwp,humano
jan-wilhelm,humano
jananadiw,humano
janaroj,humano
janbaer,humano
janbaykara,humano
janbejvl,humano
jancbeck,humano
jancel,humano
janczizikow,humano
janderson-watchbox,humano
jandk008,humano
jandolezal71,humano
jandylove,humano
janedbal,humano
janek,humano
janek26,humano
jangerhofer,humano
jangeroo,humano
jangir-ritik,humano
janglad,humano
janhesters,humano
janhoogeveen,humano
janhuenermann,humano
janic0,humano
janicklas-ralph,humano
janigowski,humano
jankaifer,humano
jankarres,humano
janklimo,humano
janlukasschroeder,humano
janmallari,humano
jannikbertram,humano
jannisbecker,humano
janoist1,humano
janory,humano
janpaepke,humano
janpio,humano
janprasil,humano
janproz,humano
janro1,humano
jansedlon,humano
jansepke,humano
jansha,humano
janson,humano
jantimon,humano
janus-reith,humano
janusfnielsen,humano
janustoth,humano
janv,humano
janvdhorst,humano
janvennemann,humano
janwilmake,humano
janwirth,humano
janwo,humano
jaosn60810,humano
japem,humano
japesh,humano
japneetkaurbhatia,humano
jappyjan,humano
jaqua,humano
jaquepaschoal,humano
jarandmi,humano
jarbacoa,humano
jardelva96,humano
jared-leddy,humano
jaredcbaum,humano
jaredcwhite,humano
jaredgalanis,humano
jaredgorski,humano
jaredhan,humano
jaredhan418,humano
jaredonline,humano
jaredpalmer,humano
jaredpereira,humano
jaredsmith,humano
jaredterm,humano
jaredtmartin,humano
jaredwiener,humano
jareks,humano
jarethtan,humano
jarib,humano
jaril,humano
jarindr,humano
jariz,humano
jarodcavalcante-locem,humano
jaronheard,humano
jaroslawtt,humano
jarrensj,humano
jarrettmeyer,humano
jarrodldavis,humano
jarrodpayne,humano
jarrodwatts,humano
jarstelfox,humano
jarvelov,humano
jarvislin94,humano
jaryl,humano
jas-na28,humano
jasan-s,humano
jasantaella15,humano
jascha ehrenreich,humano
jasdeepkhalsa,humano
jasdeepsingh,humano
jasekiw,humano
jasham,humano
jashwant,humano
jaskome,humano
jaslakson,humano
jasleenkaur-qed42,humano
jaslong,humano
jasmineY,humano
jasnell,humano
jasnlink,humano
jason-crawford-xio,humano
jason-dark,humano
jason-ivy,humano
jason-sm,humano
jason-yolabs,humano
jason21000000,humano
jasonLaster,humano
jasonappah,humano
jasonbarry,humano
jasonbert,humano
jasonboninger,humano
jasondecastro,humano
jasondibenedetto,humano
jasondonnette,humano
jasonevines,humano
jasonfarrell,humano
jasongalvin,humano
jasongerbes,humano
jasonhargrove,humano
jasonharrison,humano
jasonhoo95,humano
jasonkuhrt,humano
jasonkylefrank,humano
jasonleibowitz,humano
jasonlgong,humano
jasonlong,humano
jasonlor,humano
jasonmelgoza,humano
jasonmerino,humano
jasonnet,humano
jasons42,humano
jasonsilberman,humano
jasonszhao,humano
jasontaylor137,humano
jasonthorsness,humano
jasonuc,humano
jasonwbarnett,humano
jasonwilliams,humano
jasonzhetan,humano
jasorod,humano
jasperdegens,humano
jasperkooij,humano
jaspersorrio,humano
jass-trix,humano
jasterel,humano
jastsai,humano
jaswanth27p,humano
jasxir,humano
jat001,humano
jatbone,humano
jathanasiou,humano
jatin-sharma8,humano
jatsrt,humano
jattu8602,humano
jatwood,humano
jaukia,humano
jaular,humano
jauniusmentimeter,humano
jaunruh,humano
java-jaydev,humano
javad7z7,humano
javadag,humano
javadbat,humano
javadev-jef,humano
javajawa,humano
javalosr2004,humano
javamo,humano
javascripter,humano
javascriptjames,humano
javi11292,humano
javidjamae,humano
javiercno,humano
javiercr,humano
javierdev0,humano
javieristrying,humano
javiermaciasa,humano
javiervillam-axiom-robotics,humano
javivelasco,humano
javlund,humano
javmurillo,humano
jawadakram20,humano
jawkhan,humano
jaworek,humano
jaxkashif34,humano
jaxoncreed,humano
jay-forttuna,humano
jay-sch,humano
jay4q,humano
jayair,humano
jayalmaraz,humano
jayan-blutui,humano
jayantasamaddar,humano
jayantbh,humano
jayantur13,humano
jayanty33,humano
jayaram171992,humano
jayb967,humano
jaybekster,humano
jaybytez,humano
jaycem-dev,humano
jaycenhorton,humano
jaychang99,humano
jaycoolslm,humano
jaydave1412,humano
jaydenseric,humano
jaydoshi2,humano
jaydubb12,humano
jayeheffernan,humano
jayg-hive,humano
jaygurnani,humano
jayharr-is,humano
jaykch,humano
jayleaton,humano
jaylinski,humano
jaymascarenas,humano
jaymathew,humano
jaymehta20,humano
jayparmar11,humano
jayphelps,humano
jaypoojara12,humano
jayserr1,humano
jayshri07,humano
jaysinghcp,humano
jaysoo,humano
jaytarr-geo,humano
jaytrovare,humano
jayu,humano
jaywcjlove,humano
jaywink,humano
jayxd-com,humano
jazar17,humano
jazelly,humano
jazibjafri,humano
jazibsawar,humano
jazsouf,humano
jazzido,humano
jazzypants1989,humano
jb-thery,humano
jbaxleyiii,humano
jbcazaux,humano
jbcochery,humano
jbean96,humano
jbergstroem,humano
jberrydev,humano
jbeyermonday,humano
jblz,humano
jbmoelker,humano
jbmusso,humano
jbntlff,humano
jbojcic1,humano
jbothma,humano
jbowes,humano
jbox5,humano
jbraithwaite,humano
jbrems,humano
jbsmith731,humano
jburghardt,humano
jcahill,humano
jcampalo,humano
jcampbell-chime,humano
jcandeli,humano
jcarlson,humano
jcarpe,humano
jcarraway,humano
jcbhmr,humano
jccots,humano
jcdogo,humano
jcguarinpenaranda,humano
jchamale,humano
jchatrny,humano
jchbh-duplicate,humano
jchen1,humano
jcheroske,humano
jchild3rs,humano
jchitel,humano
jchorl,humano
jciolek,humano
jcity,humano
jclaveau,humano
jclem,humano
jcoene,humano
jcohenho,humano
jcolakk,humano
jcollum,humano
jcollum-nike,humano
jcomo,humano
jcontonio,humano
jcorrie,humano
jcpsimmons,humano
jcquinlan,humano
jcruzdzk,humano
jcruzv-prog,humano
jcsabin,humano
jcsmesquita,humano
jcubic,humano
jcurlier,humano
jd-carroll,humano
jd-fillmore,humano
jd327,humano
jdan,humano
jdcodes1,humano
jdddog,humano
jdeal,humano
jdeniau,humano
jdetlefs-godaddy,humano
jdfm,humano
jdgamble555,humano
jdgarcia,humano
jdhenry08,humano
jdhiro,humano
jdiaz-tls,humano
jdjam,humano
jdlk07,humano
jdmallen,humano
jdmota,humano
jdockwarder,humano
jdoe802,humano
jdolinski1,humano
jdouglass,humano
jdrydn,humano
jdsghuman,humano
jdtzmn,humano
jdulik,humano
jduthon,humano
jdwitten,humano
jeanbauer,humano
jeanbenoit-richez,humano
jeanbispo,humano
jeankvd,humano
jeanlescure,humano
jeanmaried,humano
jeanmax1me,humano
jeanmayorga,humano
jeanmolossi,humano
jeanpierreb,humano
jeantil,humano
jeanzuck,humano
jearthman,humano
jecassis,humano
jedateach,humano
jedireza,humano
jedlikowski,humano
jedrichards,humano
jedrzejchalubek,humano
jedrzejginter,humano
jedwards1211,humano
jedwards1230,humano
jedwards4044,humano
jee-r,humano
jeekdong,humano
jeeknowme,humano
jeengbe,humano
jees47,humano
jeet-khondker,humano
jeetiss,humano
jeevandza,humano
jefer94,humano
jeferson-sb,humano
jeff-an,humano
jeff-ofobrukweta,humano
jeff-overhaul,humano
jeff-ramos-dev,humano
jeff-zhenz,humano
jeffadev,humano
jeffcad,humano
jeffdecoste,humano
jeffdrumgod,humano
jefferson-custodio,humano
jeffersonbsilva,humano
jeffhandley,humano
jeffmlb91,humano
jeffpball,humano
jeffpppoint,humano
jeffrafter,humano
jeffrey-dot-li,humano
jeffrey125,humano
jeffreys-cat,humano
jeffreysilver,humano
jeffreyyoung,humano
jeffryang24,humano
jeffscottward,humano
jeffsee55,humano
jeffvandyke,humano
jeffweim-hm,humano
jeffzhkw,humano
jeiea,humano
jekh,humano
jel-massih,humano
jelius-sama,humano
jelling,humano
jellohouse,humano
jelmd,humano
jeltehomminga,humano
jemliF,humano
jemssoft1,humano
jenerse,humano
jenewland1999,humano
jeniabrook,humano
jenishStudent,humano
jenishngl,humano
jennedebleser,humano
jennmueng,humano
jennyrenjiale,humano
jens-ox,humano
jensamunch,humano
jensbirk,humano
jensen,humano
jensenrrr,humano
jensmeindertsma,humano
jensonb,humano
jenssogaard,humano
jentzheng,humano
jenyayel,humano
jeongl,humano
jeongwoo0613,humano
jeonsavvy,humano
jep-a,humano
jepcd,humano
jepser,humano
jeqermigselv-cloud,humano
jer-k,humano
jerembdn,humano
jeremenichelli,humano
jeremiasjutz,humano
jeremieP,humano
jeremiecarlson,humano
jeremiedubuis,humano
jeremistadler,humano
jeremy-code,humano
jeremy-coleman,humano
jeremy-habit,humano
jeremy-step,humano
jeremya-pixulo,humano
jeremyandbandit,humano
jeremybalog,humano
jeremybradbury,humano
jeremycaine,humano
jeremydouglas,humano
jeremydrichardson,humano
jeremyfx,humano
jeremyk,humano
jeremylvln,humano
jeremylynch,humano
jeremymarc,humano
jeremypeters,humano
jeremypress,humano
jeremyruppel,humano
jeremytenjo,humano
jeremyvinec,humano
jericopingul,humano
jericopulvera,humano
jermahs,humano
jermatic,humano
jermsam,humano
jernkuan,humano
jero237,humano
jerocosio,humano
jeroen-plug,humano
jeroenbegyn,humano
jeroenheijmans,humano
jeroenoomsNL,humano
jeroenroumen,humano
jeroenroumen-acc,humano
jeroensak,humano
jeroenschieven,humano
jeroenvisser101,humano
jerome-diver,humano
jerome-quere,humano
jeromemeichelbeck,humano
jeromemmiranda,humano
jeromesth,humano
jerray,humano
jerry-mengjie,humano
jerrycool123,humano
jerrygreen,humano
jerrynim,humano
jerrywu001,humano
jersoncarin,humano
jescalan,humano
jesinmat,humano
jeski-bright,humano
jesko-plitt,humano
jeslenbucci,humano
jesmarquez,humano
jesper-bylund,humano
jessapp,humano
jesse-mm,humano
jesse-mw,humano
jesseaborden,humano
jessebrennan,humano
jessedelira,humano
jesseditson,humano
jessehalpern,humano
jessehattabaugh,humano
jessejamesrich,humano
jesselee34,humano
jesseminn,humano
jessephelps,humano
jessepinho,humano
jessepostwapo,humano
jesseproudman,humano
jessetan,humano
jessethomson,humano
jessetinell,humano
jesseweed,humano
jessfeliciano,humano
jessicalc,humano
jessicaribeiroalves,humano
jessicarush,humano
jesstelford,humano
jesuistuan,humano
jesus878899-gif,humano
jesusgm,humano
jesusidev,humano
jesustorres-code,humano
jetaggart,humano
jethrolarson,humano
jetmirshatri,humano
jetsstarplus,humano
jettlove,humano
jewells77,humano
jewkub,humano
jewlexx,humano
jeysal,humano
jezmck,humano
jf-t,humano
jfaithedu,humano
jfangrad,humano
jfarris587,humano
jfbaraky,humano
jfbrennan,humano
jfeiwell,humano
jferrettiboke,humano
jfirebaugh,humano
jfisher446,humano
jflayhart,humano
jflheureux,humano
jfmmm,humano
jfmoura,humano
jfobrien29,humano
jfoxworth,humano
jfrantzius,humano
jfrkal01,humano
jfroome,humano
jg-germain,humano
jg8257184,humano
jgabriele,humano
jgalbsss,humano
jgardner3-chwy,humano
jgautheron,humano
jgb-solutions,humano
jgeschwendt,humano
jgillich,humano
jgoping,humano
jgoux,humano
jgpacker,humano
jgruica,humano
jgubman,humano
jguddas,humano
jgx-bpowley,humano
jh0l,humano
jh10z,humano
jhaavard,humano
jhackett1,humano
jhaemin,humano
jhaeti,humano
jhahn,humano
jhalvorson,humano
jharding,humano
jharlow,humano
jharrilim,humano
jhartley218,humano
jharvey10,humano
jhaynie,humano
jhb-dev,humano
jhchill666,humano
jhelman-dev,humano
jhemarcos,humano
jheng-jie,humano
jherman4,humano
jhfgloria,humano
jhh09,humano
jhiesey,humano
jhiggins-thrillist,humano
jhinkle97,humano
jhoffmcd,humano
jhohlfeld,humano
jholster,humano
jhortale,humano
jhosseptmromero,humano
jhp0115,humano
jhs88,humano
jhssilva,humano
jhujhul,humano
jhuleatt,humano
jhurliman,humano
jhvissotto,humano
jhwheeler,humano
ji2k,humano
jiandandkl,humano
jiang-bx,humano
jiangmuran,humano
jiangtao,humano
jianliao,humano
jiannx,humano
jiaweing,humano
jiaxu09,humano
jiaze220321,humano
jibin2706,humano
jibin7jose,humano
jicjjang,humano
jidan24,humano
jide,humano
jiebaibai,humano
jiedengye111,humano
jiggy1com,humano
jigius,humano
jigomgom,humano
jigsawpieces,humano
jigsawye,humano
jigz,humano
jihchi,humano
jijiseong,humano
jilherme,humano
jillesmc,humano
jillsomer,humano
jilv220,humano
jim-alexander,humano
jim-emed,humano
jim-king-2000,humano
jim-spot,humano
jimCresswell,humano
jimapl,humano
jimbits,humano
jimbuck,humano
jimdrury,humano
jimfilippou,humano
jimisaacs,humano
jimjamdev,humano
jimkeller,humano
jimkyndemeyer,humano
jimmdd,humano
jimmi-rbn,humano
jimmi2051,humano
jimmycrequer,humano
jimmyhmiller,humano
jimmylee,humano
jimmylin212,humano
jimmysafe,humano
jimmywarting,humano
jimrandomh,humano
jimt,humano
jimthedev,humano
jimzer,humano
jimzezz,humano
jin-benben,humano
jin2255,humano
jincan39,humano
jingyuanhe,humano
jingyuyao,humano
jinmatt,humano
jinmayamashita,humano
jinny365,humano
jinojacob15,humano
jinowac,humano
jinrilong,humano
jinsley8,humano
jinsoul75,humano
jinwoo0103,humano
jinwookie,humano
jinyoung4478,humano
jira-zz,humano
jirbjirbjirb,humano
jiri-grussmann,humano
jirihofman,humano
jirikolarik,humano
jisaac89,humano
jisaacks,humano
jishaal,humano
jitendra-bhandure,humano
jitendra-koodo,humano
jiteshrajoriyaa,humano
jithujoshyjy,humano
jiushiwoyuze,humano
jiv-e,humano
jivanovic,humano
jiwon-mun,humano
jiwonkim16,humano
jiwooIncludeJeong,humano
jixboa,humano
jiyonghong,humano
jizhi0v0,humano
jj@jjsweb.site,humano
jjaburke91,humano
jjant,humano
jjantschulev,humano
jjaybrown,humano
jjbeach,humano
jjcroftiv,humano
jjhuff,humano
jjlstruggle,humano
jjm2317,humano
jjm340,humano
jjnawaaz,humano
jjnerv,humano
jjojo,humano
jjrmrcly79,humano
jjroley,humano
jjs-stripe,humano
jjsenpai,humano
jjtsou,humano
jjwilliams42,humano
jk1x8,humano
jkahtava-cityssm,humano
jkantner,humano
jkatofsky,humano
jkaveri,humano
jketcham,humano
jkhaui,humano
jkhoffman,humano
jkiss,humano
jkjustjoshing,humano
jkker,humano
jklein131,humano
jklinehamer,humano
jklnr,humano
jknight12882,humano
jkodesigned,humano
jkondela,humano
jkosoy,humano
jkuhs,humano
jkytomak,humano
jlabarbera11,humano
jlabedo,humano
jlak0,humano
jlala,humano
jlalmes,humano
jlaportebot,humano
jlarmstrongiv,humano
jlavrin,humano
jlawman,humano
jlbovenzo,humano
jlcarvalho,humano
jldec,humano
jldillman,humano
jleck,humano
jleclanche,humano
jlecomte,humano
jlee0425,humano
jleei,humano
jlei523,humano
jlestes,humano
jlhervy,humano
jlison,humano
jlmonroy13,humano
jln-dk,humano
jlobos,humano
jlopezxs,humano
jlorezz,humano
jlous,humano
jlubawy,humano
jm-alan,humano
jma1020,humano
jmacbhc,humano
jmaestree,humano
jmagan,humano
jmaguirrei,humano
jmaister,humano
jmalexan,humano
jmandel1027,humano
jmanywhere,humano
jmar777,humano
jmarbutt,humano
jmarioste,humano
jmarks-joshua,humano
jmarquesm,humano
jmarroyave-compsci,humano
jmatsushita,humano
jmay4826,humano
jmayergit,humano
jmaylin,humano
jmcerda,humano
jmcoder1,humano
jmcpeak,humano
jmcruzmanalo,humano
jmcscript,humano
jmd01,humano
jmderby,humano
jmeistrich,humano
jmenges,humano
jmfury,humano
jmgibson1976,humano
jmgogo,humano
jmgr2996,humano
jmgunter,humano
jmhungdev,humano
jmif,humano
jmike,humano
jmikrut,humano
jmillerdesign,humano
jmisilo,humano
jmitrikUSAP,humano
jmlivingston,humano
jmmaa,humano
jmne,humano
jmongi,humano
jmonster,humano
jmorel88,humano
jmotes,humano
jmpp,humano
jmswrnr,humano
jmtimko5,humano
jmuffat,humano
jmurret,humano
jmurty,humano
jmuzsik,humano
jmyager,humano
jnahumphreys,humano
jnatmorris,humano
jneterer,humano
jnleonard3,humano
jnm733,humano
jnoren1,humano
jnovak-SM2Dev,humano
jnv,humano
jnwu,humano
jo-sip,humano
joac,humano
joachimjusth,humano
joacub,humano
joafeldmann,humano
joaisa17,humano
joamartico,humano
joan-saum,humano
joanaavelar,humano
joao-alberto,humano
joao-pedrozo,humano
joao-vasconcelos,humano
joao4xz,humano
joaoGabriel55,humano
joaobarbosaap,humano
joaobibiano,humano
joaocjesus,humano
joaogarin,humano
joaogranado,humano
joaoh82,humano
joaohenriquesfr,humano
joaolandino,humano
joaom182,humano
joaomagalhaes-7graus,humano
joaonew,humano
joaopaulomoraes,humano
joaopbnogueira,humano
joaopcm,humano
joaopedrodcf,humano
joaoroche,humano
joaotextor,humano
joaovct,humano
joaovieira,humano
joaquimds,humano
joaquinbentancor,humano
joaquinwojcik,humano
jobayer110,humano
jobimdev,humano
jobizzness,humano
jobordu,humano
jobrot,humano
jobveldhuis,humano
jocarrd,humano
jocchiuti,humano
jochem-waque,humano
jochimvd,humano
jochong,humano
jochongs,humano
jochri3,humano
jockjocko,humano
jodator,humano
jodosha,humano
joe-bell,humano
joe-shajan,humano
joealden,humano
joebentaylor1995,humano
joebernard,humano
joebnb,humano
joebourne,humano
joecarney,humano
joecohens,humano
joeebw,humano
joeelmahallawy,humano
joefitter,humano
joefreeman,humano
joehagedorn,humano
joehua87,humano
joeinnes,humano
joejknowles,humano
joekur,humano
joel-innhome,humano
joel-rac,humano
joel-zutobi,humano
joel1st,humano
joelamltc,humano
joelbqz,humano
joelburget,humano
joelcoluccinbc,humano
joeldavidw,humano
joelday,humano
joeleduardo,humano
joeleonard212,humano
joelgorin,humano
joelhooks,humano
joelpelaez,humano
joelpierre,humano
joelrozen,humano
joeltg,humano
joelugh,humano
joelvarty,humano
joelvdavies,humano
joelwass,humano
joelwhalar,humano
joelybahh,humano
joemaffei,humano
joemc11,humano
joemccann,humano
joemddr,humano
joemunene-by,humano
joepagan,humano
joepetrillo,humano
joeplaa,humano
joeponzio,humano
joeporpeglia,humano
joerambo,humano
joerayme,humano
joerizz23,humano
joerobot,humano
joeshub,humano
joestaxk,humano
joewhatkins,humano
joey-ma,humano
joey-ma-steelgem,humano
joey-the-33rd,humano
joeyarcisz,humano
joeydebreuk,humano
joeyhops,humano
joeyiny,humano
joeykamsteeg,humano
joeynimu,humano
joeyorlando,humano
joeytepp,humano
jofelipe,humano
jofese,humano
jofwitsolution,humano
joggienl,humano
jogri,humano
johackim,humano
johanan-23,humano
johanbaath,humano
johanguse,humano
johanholmerin,humano
johanjmoncada,humano
johanleroch,humano
johannchen,humano
johannes-rackles,humano
johannes-scharlach,humano
johannesfritsch,humano
johannesschaffer,humano
johannordling,humano
johannpinson,humano
johannsonic,humano
johannwagner,humano
johanroug,humano
johansedgeware,humano
johansunden,humano
johhansantana,humano
johmike,humano
john-dufrene-dev,humano
john-griffin,humano
john-james-gh,humano
john-melin,humano
john-prutton,humano
john-rock,humano
john-subba,humano
john-svensson,humano
john-whiting,humano
john015,humano
john24alex,humano
johnagl,humano
johnapost,humano
johnazre,humano
johnb0,humano
johnbarhorst,humano
johnboiles,humano
johnboy-leeds,humano
johnbrett,humano
johncastorina,humano
johnchourajr,humano
johncmunson,humano
johncouldbe,humano
johnculviner,humano
johndalvik,humano
johndev0711,humano
johndevor,humano
johneatmon,humano
johnfn,humano
johnforte,humano
johnfruit,humano
johngrant,humano
johnhuichen,humano
johnib,humano
johnidogun,humano
johnjago,humano
johnkahn,humano
johnkm516,humano
johnkoehn,humano
johnkueh,humano
johnlindquist,humano
johnlombardo-dev,humano
johnmangan,humano
johnmpotter,humano
johnmtll,humano
johnniehard,humano
johnny-mh,humano
johnny-prescott,humano
johnnybenson,humano
johnnymathis,humano
johnnyomair,humano
johnnypea,humano
johnnyreilly,humano
johno,humano
johnpgr,humano
johnpolacek,humano
johnrackles,humano
johnrazeur,humano
johnrjj,humano
johnruane,humano
johnsantos-wag,humano
johnsardine,humano
johnshift,humano
johnsi15,humano
johnslemmer,humano
johnson-jesse,humano
johnson-lau,humano
johnsonfash,humano
johnstew,humano
johnsutor,humano
johnta0,humano
johntarus,humano
johntenezaca7,humano
johntr,humano
johntran,humano
johnwunderfauks,humano
johnyzv,humano
johnzenith,humano
johnzook,humano
johot,humano
joiglifberg,humano
jojonarte,humano
jojonji186-ai,humano
jojudre,humano
jokester,humano
jokingzhang,humano
jokklan,humano
jokokoloko,humano
jokull,humano
jolacdev,humano
jolic,humano
joliss,humano
jolo00,humano
jomarl,humano
jomefavourite,humano
jomeswang,humano
jon-dez,humano
jon-emble,humano
jon-morag,humano
jon-ressio,humano
jon-sully,humano
jon8800,humano
jonahallibone,humano
jonahfang,humano
jonahsnider,humano
jonalvarezz,humano
jonarnes,humano
jonas-is-coding,humano
jonasb,humano
jonasblumer,humano
jonasdehovre,humano
jonasdev,humano
jonaseriksson84,humano
jonasg339,humano
jonasgloning,humano
jonasgroendahl,humano
jonashaefele,humano
jonashaven,humano
jonasherr,humano
jonasjaa,humano
jonasknutsen,humano
jonaskuske,humano
jonasmarco,humano
jonasvle,humano
jonaswindey,humano
jonatantibarovsky,humano
jonataslr,humano
jonataspinto,humano
jonathan-carewell,humano
jonathan-hetrafi,humano
jonathan-ingram,humano
jonathan-sotelo,humano
jonathandewitt-dev,humano
jonathandsouza,humano
jonathanelmgren,humano
jonathangaikwad-360training,humano
jonathangraf,humano
jonathanhefner,humano
jonathanmcchesney,humano
jonathanpotts,humano
jonathanpv,humano
jonathanrstern,humano
jonathanrz,humano
jonathansamines,humano
jonathantneal,humano
jonathanurias96,humano
jonathanwelton,humano
jonathatargino,humano
jonathonchilds,humano
jonbretman,humano
joncoronel,humano
joncursi,humano
jondashkyle,humano
jondavidjohn,humano
jondcallahan,humano
joneath,humano
joneslloyd,humano
jonespen,humano
jonggeonlee-twenty,humano
jonghyubkim,humano
joniaiuser,humano
jonibeach,humano
joniel,humano
jonikorpi,humano
jonime,humano
jonioni,humano
jonitiso,humano
jonjamz,humano
jonjhiggins,humano
jonknyc,humano
jonkwheeler,humano
jonlambert,humano
jonleopard,humano
jonleung,humano
jonlow,humano
jonluca,humano
jonmdean,humano
jonmountjoy,humano
jonmumm,humano
jonniedarko,humano
jonnydungeons,humano
jonnyhaynes,humano
jonnykry,humano
jonnylangefeld,humano
jonnyuniverse,humano
jonnywyatt,humano
jonog94,humano
jonohewitt,humano
jonowu,humano
jonrh,humano
jonrosner,humano
jonrrivera,humano
jonrynn,humano
jonschmidt,humano
jonsherrard,humano
jonsmithers,humano
jonsoku-dev,humano
jonspark,humano
jontelm,humano
jontewks,humano
jontonsoup4,humano
jonvet,humano
jonxzsh,humano
jonymusky,humano
jooa7878,humano
joohaem,humano
jooj123,humano
jookshub,humano
joonhocho,humano
joost-berg,humano
joostburg,humano
joostdecock,humano
joostmeijles,humano
joovnaz,humano
joparedesm,humano
joperron,humano
jopesh,humano
jophy-ye,humano
joramser,humano
jorcelinojunior,humano
jorchsg,humano
jord1e,humano
jordan-braz,humano
jordan-jarolim,humano
jordan-loeser,humano
jordan-mcrae,humano
jordan-nodem,humano
jordanallen-dev,humano
jordanallred,humano
jordandrako,humano
jordanell,humano
jordanlambrecht,humano
jordanmcdougall,humano
jordanmnunez,humano
jordanpurinton,humano
jordic,humano
jordie23,humano
jordienr,humano
jordihm9,humano
jordinl,humano
jordisala1991,humano
jordiup,humano
jordobaron,humano
jordyfontoura,humano
jordykoppen,humano
jordymeow,humano
jordyvandomselaar,humano
jorel89,humano
jorenbroekema,humano
jorge-autogravity,humano
jorge-pizzati-uvi,humano
jorge07,humano
jorgearuv,humano
jorgebaralt,humano
jorgebef,humano
jorgebucaran,humano
jorgegonzalez,humano
jorgekorgut,humano
jorgellose,humano
jorgemoya,humano
jorgenbs,humano
jorgeorpinel,humano
jorgev259,humano
jorilallo,humano
jorins,humano
joriregter,humano
jorisdugue,humano
jorisre,humano
joristirado,humano
jorisw,humano
jorngeorg,humano
jornki,humano
jorpac,humano
jorrit,humano
jorupp,humano
josantana,humano
josapo19,humano
josbroers,humano
josch87,humano
jose-donato,humano
jose-fmeyer,humano
jose-verissimo,humano
jose-vilasboas-rlabs,humano
jose2007kj,humano
joseBasso,humano
joseavilasg,humano
josebreijo,humano
josebrito,humano
josecgarm,humano
josechavezm,humano
josecoelho96,humano
josefkrajkar,humano
josegoval,humano
josegr1998,humano
josegutierro,humano
josejaviersanahuja,humano
joselcvarela,humano
joselinki25,humano
josemae82,humano
josempineiro,humano
josemsb92,humano
josenriagu,humano
joseocabarcas,humano
joseph-abell,humano
joseph-bayer,humano
joseph-eccles,humano
josepharhar,humano
josephcsoti,humano
josephearl,humano
josephluck,humano
josephmaxim,humano
josepholiveira,humano
josephrussell,humano
josephsavona,humano
josepilar,humano
josetr,humano
josh-,humano
josh-console,humano
josh-feldman,humano
josharsh,humano
joshbatties,humano
joshbedo,humano
joshcoggins,humano
joshdavenport,humano
joshdegouveia,humano
josheche,humano
joshfullmer,humano
joshgodsiff,humano
joshh20,humano
joshhunt,humano
joshiste,humano
joshjg,humano
joshke,humano
joshleblanc,humano
joshma,humano
joshmanders,humano
joshmeney,humano
joshmorel,humano
joshmu,humano
joshourisman,humano
joshpitzalis,humano
joshrathke,humano
joshsny,humano
joshtbradley,humano
joshtinhan,humano
joshua-isaac,humano
joshua-lawrence,humano
joshua-scott,humano
joshuaavalon,humano
joshuabaker,humano
joshuaballoch,humano
joshuaellis,humano
joshuajaco,humano
joshuajeschek,humano
joshuamanns,humano
joshuaobrien,humano
joshuaolusayo,humano
joshuap233,humano
joshuaquek,humano
joshuaslate,humano
joshuatownsend,humano
joshuatuscan,humano
joshuawootonn,humano
joshunger,humano
joshverd,humano
joshwcomeau,humano
joshwreford,humano
joshxyzhimself,humano
josiahwiebe,humano
josias-r,humano
josip-fundl,humano
joslarson,humano
josteinkringlen,humano
josteph,humano
josuareich,humano
josueJURE,humano
josuesan,humano
josuesossou,humano
josunyjostar,humano
jota12x,humano
jothachil,humano
jothinayagan-psi,humano
jotozhun,humano
jotyy,humano
joulev,humano
jovanhartono,humano
jovar-dev,humano
jove4015,humano
jovinlidan,humano
joyanedel,humano
joyguy55,humano
joyran,humano
joyt,humano
jozanza,humano
jozef-mikusinec-kiwicom,humano
jozefini,humano
jozsefsallai,humano
jp-2513,humano
jp26jp,humano
jpabbuehl,humano
jpage-godaddy,humano
jpalmieri,humano
jpamarohorta,humano
jpark011,humano
jparklev,humano
jparksecurity,humano
jpatel900,humano
jpaugh,humano
jpb06,humano
jpbalarini,humano
jpbberry,humano
jpbnetley,humano
jpbogle,humano
jpbourgeon,humano
jpbow,humano
jpcafe10,humano
jpchavat,humano
jpedroribeiro,humano
jpedroschmitz,humano
jpellizzari,humano
jpenna,humano
jperasmus,humano
jperegoy,humano
jperezlatimes,humano
jperezrealini,humano
jpfifer,humano
jpgorman,humano
jpke,humano
jpkempf,humano
jplew,humano
jplhomer,humano
jplwood,humano
jpmarra,humano
jpmnteiro,humano
jpmonette,humano
jpnws,humano
jpoindexter,humano
jpomykala,humano
jportela,humano
jpreynat,humano
jprjr,humano
jps,humano
jpsc,humano
jpshack-at-palomar,humano
jpstrikesback,humano
jptaylor,humano
jpulec,humano
jpveilleux,humano
jpvincent,humano
jpwallace22,humano
jqhoogland,humano
jquense,humano
jquinc30,humano
jqvelin,humano
jqwn,humano
jr-duarte,humano
jrafael29,humano
jramstedt,humano
jrandeniya,humano
jrandolf-old,humano
jrazmi,humano
jrea,humano
jrejaud,humano
jrhackett,humano
jrhager84,humano
jribeiro,humano
jricaldi,humano
jridey-nullify,humano
jridgewell,humano
jrilez,humano
jrioscloud,humano
jrizzo-nearset,humano
jrjake,humano
jrmlt,humano
jrmyio,humano
jrn2778,humano
jrnkng,humano
jrnxf,humano
jrobchin,humano
jrobsontull,humano
jrock17,humano
jrodriguez833,humano
jroitgrund,humano
jrolfs,humano
jrop,humano
jrosspaperless,humano
jrozbicki,humano
jrparks,humano
jrscholey,humano
jrtell1,humano
jrusso1020,humano
jrwpatterson,humano
jrydberg,humano
jrysana,humano
jsa4000,humano
jsabol,humano
jsajal,humano
jsanford8,humano
jsardev,humano
jsaunders92,humano
jsbimra,humano
jscardona12,humano
jscastanos,humano
jschaufele,humano
jscheid,humano
jschlechtehomer,humano
jschmidtdev,humano
jschmidtnj,humano
jschr,humano
jschumme,humano
jschuur,humano
jscoobyced,humano
jscul,humano
jscyo,humano
jsdev-robin,humano
jsdeveloperr,humano
jsdevtom,humano
jsduana,humano
jsefiani,humano
jserpapinto,humano
jserrao,humano
jshaofa-ui,humano
jshaw,humano
jshmllr,humano
jshnaidman,humano
jshuadvd,humano
jsiddiqui,humano
jsimonrichard,humano
jsjoeio,humano
jskidd3,humano
jskrt,humano
jslok,humano
jsmirandaiii,humano
jsmrcaga,humano
jsnelgro,humano
jsnick,humano
jsonchou,humano
jsoto007,humano
jsphkhan,humano
jspizziri,humano
jstcki,humano
jstebenne,humano
jsteele-stripe,humano
jstejada,humano
jstlaurent,humano
jstmpelowycz,humano
jstnmthw,humano
jstoxrocky,humano
jsun969,humano
jsuryakt,humano
jsux,humano
jsvde,humano
jsve,humano
jsvelte,humano
jswelsh,humano
jswent,humano
jsyooon,humano
jszklarz,humano
jt3k,humano
jt561,humano
jtaaa,humano
jtakahashi0604,humano
jtaox,humano
jtara1,humano
jtbandes,humano
jterskine,humano
jth0024,humano
jthcast,humano
jthechemist08,humano
jthegedus,humano
jthistle,humano
jthomaschewski,humano
jthomazini,humano
jthorupp,humano
jthoward64,humano
jthrilly,humano
jtlapp,humano
jtmarmon,humano
jtmthf,humano
jtomaszewski,humano
jtouch2,humano
jtouchto,humano
jtrugman,humano
jtthackery,humano
jtushman,humano
jtweaver,humano
jtyers,humano
ju2kr,humano
juanamd,humano
juanbercoff,humano
juanbzz,humano
juancamiloqhz,humano
juancampa,humano
juancarDKT,humano
juancarloselorriaga,humano
juancp92,humano
juanda99,humano
juandc,humano
juanes30,humano
juanferreras,humano
juanfh,humano
juanfranciscocis,humano
juangl,humano
juanigallo,humano
juanigonzalezb22,humano
juanlarrambebere,humano
juanmait,humano
juanmiguelbesada,humano
juanmsotelo,humano
juanpablocs,humano
juanpernu,humano
juanpicado,humano
juanpin-humane,humano
juanppdev,humano
juanpujol,humano
juanramon,humano
juansaav,humano
juansalvatore,humano
juanstiza,humano
juanvilladev,humano
juanwall,humano
juanzgc,humano
jucian0,humano
juciccio,humano
jucieltonsantos-orbia,humano
juddin0802,humano
judeclark19,humano
judewang,humano
judgemavi,humano
judicaelandria,humano
judsonfisher,humano
jueji3512,humano
juhaelee,humano
juhahe,humano
juice0x,humano
juice49,humano
juinquok,humano
jukbot,humano
jukialen,humano
jukkaleh-atoz,humano
jukkamarttinen,humano
jul-sh,humano
julen,humano
julesbou,humano
julesyoungberg,humano
julian-sf,humano
julianbenegas,humano
julianbetancourt,humano
juliandavidmr,humano
juliangruber,humano
julianguyen,humano
julianklotz,humano
julianklumpers,humano
juliankrieger,humano
julianobrasil,humano
julianosirtori,humano
julianourias,humano
julianpoma,humano
julianrubisch,humano
juliansommer,humano
juliantrue,humano
juliaqiuxy,humano
julieca-magloft,humano
julien-eschert,humano
julien-hml,humano
julienben,humano
julienchabanon,humano
juliendelort,humano
juliesaia,humano
juliettesageaubriot,humano
juliocanares,humano
juliocarneiro,humano
juliocorzo,humano
julioflima,humano
juliogarcia93,humano
juliolmuller,humano
juliomenendez,humano
juliomuhlbauer,humano
julioprotzek,humano
juliosampaio,humano
juliosilvacwb,humano
julioxavierr,humano
juliusbartolome,humano
juliuslipp,humano
juliusmarminge,humano
juliusn,humano
julix-unity,humano
julkue,humano
jun-eg,humano
juna0704,humano
junaid232,humano
junaidalphasquad,humano
junaidzamaahmed,humano
junaydb,humano
junbach,humano
jundialwan,humano
jundran,humano
junedkhatri31,humano
juneeighteen,humano
jungpaeng,humano
jungsikjeong,humano
jungwoo3490,humano
junheep-dev,humano
junhey,humano
junhoyeo,humano
junhyeong32,humano
junibrosas,humano
juniorbotelho,humano
juniorforlife,humano
junioryono,humano
junjie-lean,humano
junjuny0227,humano
junlarsen,humano
junli-egelloc,humano
junnyontop-pixel,humano
junseokku,humano
junshengpierre,humano
junyper,humano
junyuanz123,humano
juozasmiskinis,humano
jupapios,humano
jupardo,humano
jupelost,humano
jupl,humano
jurajkrivda,humano
jure,humano
jurgen-siegel,humano
juriadams,humano
jurowski,humano
just-be-dev,humano
just-boris,humano
just-learning-1,humano
just2102,humano
justAnArthur,humano
justLuiz,humano
justYu2001,humano
justadudewhohacks,humano
justbrody,humano
justenau,humano
justice-sh,humano
justin hook,humano
justin-dunham,humano
justin-elias,humano
justin-gurtz,humano
justin-harr,humano
justin-mclaren,humano
justin-schroeder,humano
justinadkins,humano
justinbanaga,humano
justinbrick,humano
justincohan,humano
justincorrigible,humano
justincy,humano
justindeguzman,humano
justinfagnani,humano
justingolden21,humano
justinh00k,humano
justinkek,humano
justinkunz,humano
justinlazaro-iselect,humano
justinmchase,humano
justinmclean,humano
justinnoel,humano
justinoboyle,humano
justinphilpott,humano
justinradomski,humano
justinsoliz,humano
justinsoong,humano
justintemps,humano
justinthings,humano
justinwhall,humano
justjake,humano
justjavac,humano
justkahdri,humano
justman00,humano
justneedham,humano
justoverclockl,humano
justrealmilk,humano
justrustc,humano
justsee,humano
justswim,humano
justtry2,humano
justvitalius,humano
justyn-clark,humano
juul-vandevelde,humano
juulieen,humano
juunone,humano
juvaly,humano
juzhiqiang,humano
juzhiyuan,humano
jvaldenor,humano
jvandenaardweg,humano
jvanmaaren,humano
jvaquiino,humano
jvarho,humano
jvarness,humano
jvdhr,humano
jvelo,humano
jvenki,humano
jviall,humano
jvieirar,humano
jviide,humano
jvincent-dev,humano
jvinhit,humano
jvink,humano
jvitela,humano
jvitormelo,humano
jvmsangkal,humano
jvmusin,humano
jvolima,humano
jvondermarck,humano
jvzaniolo,humano
jw-miaem,humano
jwaala,humano
jwalcher,humano
jwalter,humano
jwandekoken,humano
jwang-lilly,humano
jwanner83,humano
jwarkentin,humano
jwarnox,humano
jwayne,humano
jwb,humano
jwdotpark,humano
jweboy,humano
jwendin,humano
jwhiting,humano
jwhitlock,humano
jwillem,humano
jwilsson,humano
jwueller,humano
jwugit,humano
jxm262,humano
jxnnyo,humano
jxodwyer,humano
jxom,humano
jyan-zarate,humano
jyash97,humano
jyasskin,humano
jyc5120,humano
jyeharry,humano
jyjin,humano
jynkyv,humano
jynzo94,humano
jyotman,humano
jyunhanlin,humano
jyuunnii,humano
jyxjjj,humano
jzabala,humano
jzellis,humano
jzobel,humano
jzxhuang,humano
jzzfs,humano
k-allagbe,humano
k-boiko,humano
k-dahl,humano
k-daw,humano
k-enzy,humano
k-funk,humano
k-kaundal,humano
k-kawakami,humano
k-lofnes,humano
k-ode,humano
k-prashant,humano
k-taro56,humano
k00k,humano
k0ka,humano
k1350,humano
k15a,humano
k1995,humano
k1selevde,humano
k2xl,humano
k35o,humano
k4rli,humano
k61b,humano
k725,humano
k8martian,humano
k8o,humano
k9982874,humano
kMlad,humano
ka1eka,humano
ka2jun8,humano
ka2n,humano
kaaloo,humano
kaanmertkoc,humano
kabachook,humano
kabo,humano
kabyanil,humano
kacak9229,humano
kaceycleveland,humano
kachar,humano
kachkaev,humano
kachurun,humano
kacper-zylka,humano
kacperadler,humano
kacpersledz,humano
kacyee,humano
kadiks,humano
kadirselki,humano
kaechele,humano
kaedendev,humano
kaelansmith,humano
kaelhem,humano
kaelzhang,humano
kaf-lamed-beyt,humano
kafkahw,humano
kag359six,humano
kaganAhmetOkan,humano
kaggwe-marvin,humano
kaguya3222,humano
kahirokunn,humano
kahlstrm,humano
kahnclusions,humano
kahur,humano
kahy9,humano
kai11,humano
kai687,humano
kaichii,humano
kaioduarte,humano
kaiomoreira-dev,humano
kairosci,humano
kaisarkuanysh,humano
kaisewhite,humano
kaisic1224,humano
kaisugi,humano
kaitok,humano
kaix1n,humano
kaiyuandeng,humano
kakadiadarpan,humano
kakakaa707070,humano
kakaponick,humano
kakarot-dev,humano
kaketusse,humano
kalabro,humano
kalanda,humano
kaleabmelkie,humano
kaleshasheik,humano
kallada1978,humano
kallelat,humano
kallezz,humano
kallydev,humano
kaloraat,humano
kaloyanBozhkov,humano
kalpatango,humano
kaluabentes,humano
kalvin807,humano
kalvinyuu,humano
kalwabed,humano
kamal-choudhary,humano
kamaladdi34,humano
kamalciirs,humano
kamalendugarai,humano
kamalvdidllc,humano
kamami,humano
kambala3000,humano
kamdubiel,humano
kamedan,humano
kamei,humano
kameikay,humano
kamerat,humano
kamermans,humano
kamesdev,humano
kamikaz1k,humano
kamil-wsiiz,humano
kamil1800Battery,humano
kamilAqil,humano
kamilgrzegorczyk,humano
kamilkazui,humano
kamilmielnik,humano
kamilml,humano
kamilogorek,humano
kamilsk,humano
kamilwilim98,humano
kamisamamizu,humano
kamisone,humano
kamit6337,humano
kamiviolet,humano
kamlendras,humano
kamleshchandnani,humano
kamranayub,humano
kamsar,humano
kamtorocks,humano
kamui,humano
kamuiiiii,humano
kamyarkaviani,humano
kamyy,humano
kanafghan,humano
kanbykanby,humano
kando19804-oss,humano
kandros,humano
kandukurivarun,humano
kane-c,humano
kane50613,humano
kane81,humano
kanejoe,humano
kaneru,humano
kaneruan,humano
kang-minki,humano
kangw3n,humano
kanil4,humano
kanishbodhwani,humano
kanjielu,humano
kanlanc,humano
kannasuresh99,humano
kanonochina,humano
kant01ne,humano
kantorcodes,humano
kantord,humano
kaorun343,humano
kaos1478,humano
kaosmos,humano
kapantzak,humano
kapetr,humano
kapilatnitsan,humano
kapilbhosale,humano
kapitanluffy,humano
kapotyrala-blazity,humano
kapowaz,humano
kaptcha0,humano
kapv89,humano
kara,humano
karaggeorge,humano
karam94,humano
karan0805,humano
karan316,humano
karandatwani92,humano
karanpratapsingh,humano
karaoak,humano
karaokeyoga,humano
karbica,humano
kareemaly,humano
karelFourie,humano
karellm,humano
karianpour,humano
karimstm,humano
karimxload,humano
karinchechik,humano
karkinirajan,humano
karl,humano
karl-kallavus,humano
karl-police,humano
karl-run,humano
karlAlnebratt,humano
karlas,humano
karlbeecken,humano
karlhorky,humano
karlis-filipsons,humano
karlismelderis-mckinsey,humano
karlkeefer,humano
karlkeskyla,humano
karlkras,humano
karlmacklin,humano
karlo-humanmanaged,humano
karlomedallo,humano
karlos-doe,humano
karlsander,humano
karltaylor,humano
karlvd,humano
karmingc,humano
karol-bisztyga,humano
karol-f,humano
karolina-szlenk,humano
karolis-sh,humano
karoun,humano
karpolan,humano
karrui,humano
karteek-dev,humano
kartheesan05,humano
karthhhi,humano
karthicedric7-cloud,humano
karthick-manoharan,humano
karthik-js,humano
karthik-noveau,humano
karthik1600,humano
karthikcodes6,humano
karthikiyengar,humano
karthikmudunuri,humano
karthikmuralidharan,humano
karthiknadar1204,humano
karthikpks,humano
karthyTartLabs,humano
kartikag01,humano
kartikk-k,humano
kartikpandey2,humano
kartikrao,humano
karurosux,humano
karvalyo,humano
karyanayandi,humano
kas,humano
kasajian,humano
kasandravtv,humano
kasbah,humano
kasem-sm,humano
kaseonedge,humano
kashkashio,humano
kasim444,humano
kasince2k,humano
kasipavankumar,humano
kasir-barati,humano
kasparkallas,humano
kasper9n,humano
kasperaamodt,humano
kasperadk,humano
kasperpeulen,humano
kasperwelbers,humano
kasraghoreyshi,humano
kasvith,humano
kasyap-007,humano
katakeynii,humano
katanabe,humano
katarisreelasya,humano
katarsistr,humano
kate-hall,humano
kateika,humano
katewayo,humano
katiasmet-93,humano
katiemcculloch,humano
katis,humano
katopz,humano
katsos,humano
katspaugh,humano
katywings,humano
kauecastro,humano
kauffinger,humano
kaufmann42,humano
kaumac,humano
kaungMinn,humano
kaungmyatshwe1397,humano
kaushal-stere,humano
kaushik-tapaniya,humano
kaustavkarmakar2,humano
kavadithya,humano
kavare,humano
kavazvah,humano
kavehsaket,humano
kavience,humano
kavinaravind,humano
kavinvalli,humano
kavish-p,humano
kavsingh,humano
kavuri,humano
kawaemon,humano
kawallis,humano
kawaz,humano
kawhi66,humano
kawikabader,humano
kawinie,humano
kawmra,humano
kawpii,humano
kayandra,humano
kaycebasques,humano
kayeew,humano
kayhadrin,humano
kayk1m,humano
kaykdm,humano
kaylangan,humano
kayleemchugh,humano
kayluhb,humano
kaym0,humano
kayosouza,humano
kayossouza,humano
kayuxx,humano
kayxean,humano
kaz-49,humano
kazdhicham,humano
kazewaze,humano
kazio0,humano
kazlo1290,humano
kaznak,humano
kazuki-sf,humano
kb1995,humano
kbanta11,humano
kbarrette,humano
kbingman,humano
kblauhut,humano
kbrgl,humano
kbtganesh,humano
kbuffington,humano
kbychkov,humano
kc-dev2,humano
kc-dot-io,humano
kcd71461,humano
kchjxxgh,humano
kcirtaptrick,humano
kcking,humano
kcoet,humano
kconner,humano
kcoulsy,humano
kcritesh,humano
kcrwfrd,humano
kcsujeet,humano
kcubero27,humano
kdath,humano
kdby-io,humano
kddige,humano
kdelmonte,humano
kdenz,humano
kdy1,humano
ke1vin4real,humano
keadex,humano
keanan,humano
keanulee,humano
kebien6020,humano
kedarguy,humano
kee-oth,humano
keeeparis,humano
keegandonley,humano
keenjaan,humano
keennay,humano
keepcosmos,humano
keepeek-rd,humano
keeplz,humano
keesey,humano
keeth,humano
keevan,humano
kegriz,humano
kei,humano
keidarcy,humano
keifgwinn,humano
keighl,humano
keisokoo,humano
keith666666,humano
keithjackson1031,humano
keithpickering,humano
keithtxw,humano
keji,humano
kejiahp,humano
kejianfeng,humano
kelieCn,humano
kelihansen,humano
kelinwu,humano
kelko,humano
kellenproctor,humano
kellertobias,humano
kelleysy,humano
kelly-keating,humano
kelly-tock,humano
kelokchan,humano
kelset,humano
kelvanb97,humano
kelvin,humano
kelvin-du,humano
kelvin9314,humano
kelvinCJJ,humano
kelvinampofo,humano
kelvindecosta,humano
kelvinlouis,humano
kelvinnmugendi,humano
kelvinpraises,humano
kelvinsanchez15,humano
kelvinsekx,humano
kelvinthh,humano
kemaltf,humano
kemengwang,humano
kemisstep,humano
ken-ani,humano
ken-blanchard,humano
ken-nah,humano
ken-spencer,humano
kenaku,humano
kenbanks-peng,humano
kenberkeley,humano
kenchandev,humano
kende,humano
kendhia,humano
kengeo,humano
kengres,humano
kenips,humano
kenji-webdev,humano
kenji4569,humano
kenjirohayashi,humano
kenk2,humano
kenkku,humano
kenmueller,humano
kenn7575,humano
kennandavison,humano
kennedyrose,humano
kennethlng,humano
kennethlynne,humano
kennetpostigo,humano
kennithnichol,humano
kennstenicht,humano
kennu,humano
kenny1har,humano
kennyjwilli,humano
kennylavender,humano
keno-reloaded,humano
kenorb,humano
kenreis,humano
kenshanta,humano
kenshero,humano
kenshinman,humano
kenssamson,humano
kentcdodds,humano
kentelmer,humano
kentobento,humano
kentonv,humano
kepes,humano
kepeterson,humano
kepman,humano
kereh,humano
kerim0x1,humano
kerns,humano
keroloswilliam,humano
keropodium,humano
kertal,humano
kerwanp,humano
keshari-nandan,humano
keshav-bohr,humano
keshav100,humano
keshav2010,humano
keshavdadhichb,humano
keshavvgts,humano
keslert,humano
kesne,humano
kesompochy,humano
kesor,humano
kespinola,humano
kesupile,humano
ketanrana1,humano
ketchuup,humano
ketiboldiais,humano
kettanaito,humano
keubs,humano
keustma,humano
kev-ac,humano
kev2480,humano
kevbarns,humano
keven-bardales,humano
kevhuang,humano
kevin sproles,humano
kevin-admoai,humano
kevin-courbet,humano
kevin-sjj,humano
kevin-vongvc,humano
kevin940726,humano
kevinSuttle,humano
kevinbateman,humano
kevinbouti,humano
kevincobain2000,humano
kevinehosford,humano
kevineinarsson,humano
kevinfiol,humano
kevinhaugen,humano
kevinkashou,humano
kevinkhill,humano
kevinlaw91,humano
kevinlowe0x3F7,humano
kevinmeyvaert,humano
kevinmitch14,humano
kevinmmarlow,humano
kevinmpowell,humano
kevino83,humano
kevinold,humano
kevinolivar,humano
kevinpfox,humano
kevinpruett-prime,humano
kevinrss01,humano
kevinschaffter,humano
kevinschaich,humano
kevinseabourne,humano
kevinsimper,humano
kevinsproles,humano
kevinswarner,humano
kevintap,humano
kevintap-idemia,humano
kevintoshi0208,humano
kevinvdburgt,humano
kevinvugts,humano
kevlarr,humano
kevlened,humano
kevlin200456,humano
kevludwig,humano
kevmarchant,humano
kevroadrunner,humano
kevscript,humano
kevva,humano
kevzettler,humano
kewldan,humano
keyur2582,humano
keyworks,humano
keyz,humano
kfazinic,humano
kfbfarley,humano
kfirfitousi,humano
kfranqueiro,humano
kftsehk,humano
kgabryje,humano
kght6123,humano
kgilliam125,humano
kgoggin,humano
kgroat,humano
kgsvg,humano
khRasikh,humano
khabibkhanov,humano
khacthanh244,humano
khades,humano
khai-pi,humano
khairulaffandy,humano
khairulihsannudin,humano
khakestani,humano
khaladj,humano
khaledOghli,humano
khaledhalloua,humano
khaledyusuf44,humano
khalidfsh,humano
khalidsaidi,humano
khalilp5,humano
khalilsarwari,humano
khan-ajamal,humano
khanakia,humano
khanbaba,humano
khangahs,humano
khanghoang,humano
khanh-le-otsv,humano
khanhbui99,humano
khanhthanhdev,humano
khanhtn91,humano
khankuan,humano
khansherdil,humano
khantajuddin,humano
khantseithu,humano
khareyash05,humano
khashayarghajar,humano
khasty720,humano
khatiwada-Saurav,humano
khatkarr,humano
khattakdev,humano
khawajaJunaid,humano
khbo909023-pixel,humano
khcd,humano
khemarato,humano
khengsaurus,humano
kherock,humano
kherona,humano
kheruc,humano
khervie-star,humano
khg0712,humano
khiarahF,humano
khilnani,humano
khinshankhan,humano
khizarrm,humano
khj0426,humano
khobiziilyes,humano
khoi-fish,humano
khomyakov42,humano
khoramshahy,humano
khorolets,humano
khristinalukanets,humano
khristovv,humano
khrome83,humano
khsbory,humano
khsiea,humano
khteh,humano
khtruong,humano
khudaverdiev11,humano
khuezy,humano
khujay15,humano
khuong291,humano
khurramiq,humano
khusamov,humano
khushahal,humano
khusharth,humano
khvip87,humano
kiJu2,humano
kiafas-k,humano
kian-karazmoudeh,humano
kibaek-kimm,humano
kiberberik,humano
kibs,humano
kickbelldev,humano
kiddicodes,humano
kidjp85,humano
kidonng,humano
kiecooboi,humano
kien-ngo,humano
kientrant26,humano
kierandrewett,humano
kierangillen,humano
kieranm,humano
kievechua,humano
kiikoh,humano
kiily,humano
kijikunnn,humano
kijv,humano
kika,humano
kikeonline,humano
kikoanis,humano
kikohz,humano
kilburn,humano
kilemensi,humano
kilias07,humano
kiliman,humano
kilimanjjjaro,humano
kiljag,humano
killer-cf,humano
killianhuyghe,humano
killinit,humano
killswitch-GUI,humano
kilnuslt,humano
kilowattkris,humano
kimbaudi,humano
kimberleehowley,humano
kimberlym4488,humano
kimcoder,humano
kimcuong2407,humano
kimdanielarthur-cowlabs,humano
kimgiutae,humano
kimgysen,humano
kimhwanhoon,humano
kimizuy,humano
kimjh0813,humano
kimjong95,humano
kimnagui,humano
kimown,humano
kimpuro,humano
kimrupang,humano
kimsangyeon,humano
kimsixsue,humano
kimthangatm,humano
kimthanh932000,humano
kimutaiRop,humano
kimwoodfield,humano
kimyouknow,humano
kimyvgy,humano
kin-for-test,humano
kindapath,humano
kindunq,humano
kiner-tang,humano
kinetifex,humano
king8fisher,humano
kingb,humano
kingchary,humano
kingfishx23,humano
kingmaker9841,humano
kingsley-sunny,humano
kingsleykbc,humano
kingsword09,humano
kingwingfly,humano
kinhow,humano
kiocos,humano
kippmr,humano
kipprice-mbh,humano
kippytech,humano
kir4ik,humano
kiran-bhalerao,humano
kirandash,humano
kirankalyan5,humano
kirankulkarni,humano
kiranmarshall,humano
kiranvj,humano
kirapwn,humano
kirbx01,humano
kirchnerto,humano
kirchoni,humano
kiril-daskalov,humano
kirilkirkov,humano
kirill-konshin,humano
kirill-zhirnov,humano
kirillkumma,humano
kirillrogovoy,humano
kirillzakharov,humano
kirillzubovsky,humano
kirincc,humano
kirinse,humano
kiriny,humano
kirjai,humano
kirkas,humano
kirkobyte,humano
kirkstrobeck,humano
kirponomarenko-hub,humano
kirso,humano
kirstymullen,humano
kirtirajsinh,humano
kiruthikpurpose,humano
kishanio,humano
kishanj918,humano
kishankanugula,humano
kishoreandra,humano
kishoreramkumar,humano
kisshan13,humano
kissifrot,humano
kissk01,humano
kissshout,humano
kitajchuk,humano
kitayoshi,humano
kitchanismo,humano
kitfoster,humano
kitkars,humano
kitten,humano
kittipongint,humano
kittykkuma,humano
kitze,humano
kiuka,humano
kiurious,humano
kivohin,humano
kiwamizamurai,humano
kiwicopple,humano
kiyasov,humano
kiznick,humano
kjac,humano
kjellski,humano
kjirou,humano
kjj6198,humano
kjj9,humano
kjk7034,humano
kjkurtz,humano
kjmin-dev,humano
kjmph,humano
kjpluck,humano
kjs3,humano
kjugi,humano
kjwrld,humano
kjxbyz,humano
kkak10,humano
kkaplinski,humano
kkckkc,humano
kkdima,humano
kkfive,humano
kkfuri,humano
kkh975,humano
kknaga,humano
kkntl,humano
kkobiela,humano
kkomaz,humano
kkomelin,humano
kkonne,humano
kkorach,humano
kkoudelka,humano
kkoudev,humano
kktam,humano
kl-thamm,humano
kl13nt-tng,humano
klaasman,humano
klaaz0r,humano
klaemo,humano
klanmiko,humano
klapec,humano
klarstrup,humano
klase,humano
klassm,humano
klausbyskov,humano
klausdw,humano
klawson6,humano
klaygomes,humano
klcantrell,humano
klclee,humano
kldavis4,humano
kleczynski,humano
kleemeo,humano
kleicht,humano
kleinesNugget,humano
kleintorres,humano
kletse,humano
kleutons,humano
kliatskiidenis,humano
klippx,humano
klitown,humano
klittlepage,humano
kliu-tkww,humano
klmkyo,humano
kloczewiak,humano
klonwar,humano
klujanrosas,humano
klummy,humano
klyburke,humano
klzeng,humano
kmalakoff,humano
kmanadkat,humano
kmanimurugan,humano
kmb645,humano
kmcaloon,humano
kmclaugh,humano
kmdev1,humano
kmean-meta,humano
kmelve,humano
kmergen,humano
kmertozen,humano
kmin-jeong,humano
kmish9685,humano
kmiyashiro,humano
kmjennison,humano
kmkr,humano
kmkzt,humano
kmrachko,humano
kmsheng,humano
kmsomebody,humano
kmturley,humano
kmvan,humano
kn0ll,humano
kn327,humano
knandraina,humano
knenkne,humano
kneza23,humano
knezevicdev,humano
knight-of-zero,humano
knightrun,humano
knightspore,humano
knightstick,humano
knitcodemonkey,humano
knitkode,humano
knoa0405,humano
knoebelja,humano
know-mad,humano
knowmanity,humano
known-samy,humano
knpwrs,humano
knsakib,humano
ko-devHong,humano
ko-lem,humano
koalafr,humano
koatedevopskpai,humano
kob490,humano
koba04,humano
kobars,humano
kobayashi90,humano
kobbiman,humano
kobenauf,humano
kobihikri,humano
kobimantzur,humano
koborg,humano
kobysysouvanh,humano
kocardkoc-cpu,humano
kochie,humano
kochis,humano
kocisov,humano
kockar96,humano
kodai3,humano
kodcuserkan,humano
kode15333,humano
kodermax,humano
koderyoda,humano
kodiakhq,humano
koding88,humano
kodkroken,humano
kodomo-kazuko,humano
kodunmi,humano
koell-casa,humano
koen-dev,humano
koennjb,humano
koenoe,humano
koenpunt,humano
koenverburg,humano
kof,humano
kogai,humano
kohchihao,humano
kohheepeace,humano
kohi9noor,humano
kohort-aymeric,humano
koichik,humano
koizr,humano
koji-koji,humano
kojuka,humano
kokanek,humano
kokjinsam,humano
kokonutd,humano
kolarski,humano
kollerdroid,humano
kolnogorov,humano
kolorfilm,humano
kolpav,humano
kolserdav,humano
koltyakov,humano
kolyaTwist,humano
kolyasapphire,humano
komeilmehranfar,humano
komfysach,humano
komkanit,humano
komowicakomo,humano
kompounder,humano
komzweb,humano
kondei,humano
kondricz,humano
kongdbcooper,humano
konhi,humano
konojunya,humano
konomae,humano
konradbjk,humano
konstantin-lukas,humano
konstantin403,humano
konstantinblaesi,humano
konstantinruge,humano
konstk1,humano
konsumer,humano
kontopro,humano
konyogony,humano
koogawa,humano
koolamusic,humano
kooya3,humano
kopach,humano
koppishere,humano
korac,humano
koraykoska,humano
koraysels,humano
korbinianfritsch,humano
koreahghg,humano
korhan,humano
korneel,humano
korsvanloon,humano
koshea,humano
koshimazaki,humano
kosiakMD,humano
koss-lebedev,humano
kossidts,humano
kossnocorp,humano
kostalexis89,humano
kostassagma,humano
kostazol,humano
kostia1st,humano
kostyanet,humano
kostyniuk,humano
kotAPI,humano
kotakanbe,humano
koto,humano
kotsh23,humano
kottyan,humano
kotvasili,humano
kotx,humano
kouhot,humano
kouji-dev,humano
koutsenko,humano
kovart,humano
kovrichard,humano
kowabunga,humano
kowalsska,humano
kowyo,humano
kozborn,humano
kozmic,humano
kp2zf,humano
kpauletti,humano
kpdecker,humano
kpervin,humano
kpman7,humano
kpoelhekke,humano
kporras07,humano
kpotter-m2,humano
kpovel,humano
kpratik2015,humano
kpuputti,humano
kpvhn,humano
kquirapas,humano
kr1st1nagr03g3r,humano
kr3mil,humano
kr4chinin,humano
krab7191,humano
krabbypattified,humano
kraciasty,humano
kradyy,humano
kraiovsky,humano
krajowski,humano
krakowdeveloper,humano
krall12,humano
kramer99,humano
krankos,humano
kranners,humano
krasevych,humano
krashnakant,humano
krasimir,humano
kratess,humano
kratos-respawned,humano
kravchenko2805,humano
krazyjakee,humano
krean93,humano
kreempuff,humano
kremalicious,humano
kretawiweka,humano
kretzm,humano
krijoh92,humano
krikork,humano
krilbert,humano
kringt06,humano
kripod,humano
kris-luminar,humano
kriscarle,humano
krish-dev,humano
krish1209,humano
krish287-rejoice,humano
krish4u,humano
krishaamer,humano
krishnaacharyaa,humano
krishnamitra03,humano
krishnareddynancheri,humano
kriskratz,humano
krismile-sunflower,humano
krismorf,humano
krisporovarde,humano
kristian-nst,humano
kristian240,humano
kristiancoulsonplt,humano
kristianeboe,humano
kristianka,humano
kristiankalb,humano
kristianstroka,humano
kristiegiles,humano
kristijorgji,humano
kristinlindquist,humano
kristiyan-velkov,humano
kristjanmar,humano
kristoferbaxter,humano
kristoferma,humano
kristojorg,humano
krisu-pl,humano
kriswuollett,humano
kriszlazar,humano
kritika-agrawal-dunzo,humano
krivcikfilip,humano
krizten,humano
krmao,humano
krmeda,humano
krnbr,humano
krokhale,humano
krook1024,humano
krothenbaum,humano
kroussea,humano
krsjenswbp,humano
krsteve,humano
krstffr,humano
krthush,humano
krue9,humano
krunalatkaplan,humano
krunalcodes,humano
krupupakku,humano
krvajal,humano
krychaxp,humano
kryptonian41,humano
krystof-k,humano
krystofmatejka,humano
krystxf,humano
krzkz94,humano
krzysiek1507,humano
krzysztofMlczk,humano
ks4na,humano
ksachin7,humano
ksaitor,humano
ksathyareddy7,humano
ksbulgakov,humano
kschmelter13,humano
ksdaylight,humano
kshaa,humano
kshahkshah,humano
ksharifbd,humano
kshehadeh,humano
kshirodra-zeptonow,humano
kshyr,humano
ksielyov,humano
ksmithut,humano
ksocha,humano
ksoeunknzo,humano
ksoham2003,humano
ksrikhi,humano
ksstott,humano
kszitt,humano
kt3k,humano
ktabors,humano
ktanoooo,humano
ktcarter,humano
ktgerg,humano
ktmouk,humano
ktpi2000,humano
ktran1201,humano
kty1965,humano
ku8ar,humano
kuanjiahong,humano
kubamus,humano
kubk,humano
kubmir,humano
kubop,humano
kuchta,humano
kucira,humano
kud,humano
kudlajz,humano
kudos,humano
kuhlaid,humano
kuijpie,humano
kuki-quupi,humano
kukulkanParanoici,humano
kul-sudo,humano
kuldeepkeshwar,humano
kuldeepsaini23,humano
kulgg,humano
kuli00,humano
kulikov92,humano
kulshekhar,humano
kulterryan,humano
kumailkhan1,humano
kumarabhirup,humano
kumarajay0412,humano
kumard3,humano
kumarldh,humano
kumarryogeshh,humano
kumartul,humano
kunKun-tx,humano
kunal-dario,humano
kunal-mandalia,humano
kunal-shetty,humano
kunalkeshan,humano
kuncevic,humano
kungfu321,humano
kungozan,humano
kunjiang,humano
kunkuntang,humano
kunokdev,humano
kunwar-11,humano
kunxl-gg,humano
kunyan,humano
kuongknight,humano
kurama,humano
kurazov,humano
kurehajime,humano
kurone-ab,humano
kurtdacudag,humano
kurtextrem,humano
kurtobando,humano
kurtrank,humano
kusalkalinga00,humano
kush-agra,humano
kush-daga,humano
kushadige,humano
kushankurxd,humano
kushthakker,humano
kushuh,humano
kusiewicz,humano
kuskhan,humano
kusold,humano
kut-man,humano
kutan138,humano
kutay-vesti,humano
kutsan,humano
kutsyk,humano
kuubson,humano
kuus,humano
kuzeykose,humano
kuznetsov-online,humano
kvaithin,humano
kvangundy,humano
kvarela,humano
kvashonin,humano
kvedantmahajan,humano
kvelaro,humano
kvet,humano
kvin5529,humano
kvineet002,humano
kvnang,humano
kvnwolf,humano
kvoncode,humano
kwaakdo,humano
kwanhs,humano
kweiberth,humano
kwesihackman,humano
kwiromeo,humano
kwoncharles,humano
kwonoj,humano
kwshi,humano
kxcy001123,humano
kxhcfk,humano
kxlow,humano
ky1ejs,humano
ky28059,humano
kyamaz99,humano
kyashrathore,humano
kybarg,humano
kyeb,humano
kyen99,humano
kyeo76,humano
kyjoconn,humano
kyktommy,humano
kyldvs,humano
kyle-at-fora,humano
kyle-haining,humano
kyle-jorve,humano
kyle-mccarthy,humano
kyle-mwnz,humano
kyle-ssg,humano
kylealwyn,humano
kyleatcolenso,humano
kyleawayan,humano
kylebakerio,humano
kyleballard,humano
kyleboss,humano
kylecarbs,humano
kylecesmat,humano
kyledecot,humano
kylehg,humano
kylehotchkiss,humano
kylejrp,humano
kylekirkby,humano
kylekz,humano
kylemarshall18,humano
kylemcd,humano
kylemclean,humano
kylemh,humano
kylemiller3,humano
kylemorena,humano
kylerRenneker,humano
kylerchin,humano
kyleshut,humano
kylesuss,humano
kyletsang,humano
kylewiedman,humano
kyliau,humano
kylops,humano
kymn04,humano
kyomic,humano
kyota-fujikura,humano
kyrim,humano
kyrisu,humano
kyrstenkelly,humano
kyrylolvov,humano
kyteague,humano
kyubums,humano
kyun,humano
kyuumeitai,humano
kyuwoo-choi,humano
kz-d,humano
kzhoa,humano
kzlar,humano
l-besenyei,humano
l-czarkowski,humano
l-you,humano
l00sed,humano
l0gicgate,humano
l1n,humano
l1qu1d,humano
l2silver,humano
l3aconator,humano
l3hash,humano
l4b4r4b4b4,humano
lOscarl,humano
lShinal,humano
la-idea,humano
la289,humano
la3rence,humano
la55u,humano
laSinteZ,humano
laamdev,humano
laaragm,humano
laarakus,humano
labedal,humano
labs-scnm,humano
labyrinthitis,humano
lachieh,humano
lachlanjc,humano
lachlansleight,humano
laciferin2024,humano
lack-of-gravitas,humano
lacker,humano
laclance,humano
lacrox22,humano
lacymorrow,humano
ladieman217,humano
laem,humano
laertesousa,humano
lafeer,humano
lafiosca,humano
laforetcan,humano
lagroms,humano
laguagu,humano
lagupa,humano
lagz0ne,humano
lahans,humano
laibao101,humano
lailo,humano
lailsonlm,humano
laimonassutkus,humano
lain67,humano
laishere,humano
laiso,humano
laithyounes-archive,humano
lakaniemi,humano
lakbychance,humano
lakeesiv,humano
lakindu2002,humano
lakshay-shoprunner,humano
lakshay1dhiman,humano
lakshaykhokhar2003,humano
laktoufik,humano
lalalazero,humano
lalau,humano
laleksiunas,humano
lalexgap,humano
lalit2005,humano
lalithasj,humano
lalitindoria,humano
lalitkumawat1m,humano
lalmqvist,humano
lamb-mei,humano
lambda2,humano
lambrospetrou,humano
lamimershed,humano
lampsbr,humano
lamtranweb,humano
lamualfa,humano
lamuelkane,humano
lancaluis,humano
lance-h,humano
lance-shuai,humano
lancechentw,humano
lancej1022,humano
lancejpollard,humano
lanceschi,humano
lancetian65,humano
landed1,humano
landerton,humano
landg16,humano
landisdesign,humano
landoncolburn,humano
landsman,humano
landvibe,humano
laneme,humano
langford-bc,humano
langfordG,humano
langjy,humano
langovoi,humano
langpavel,humano
langri-sha,humano
lanlan1128,humano
lanluartes,humano
lanmingle,humano
lantianlaoli,humano
lanyusan,humano
lanzoninicola,humano
lao9s,humano
laogui,humano
laohanme,humano
laooola,humano
laoqiren,humano
laozhu,humano
lapa182,humano
lapidus,humano
larafale,humano
larbisahli,humano
lardissone,humano
larevuegeek,humano
larron,humano
larrotta69,humano
larrybahr,humano
larryro,humano
lars-hagen,humano
larsgaardsoe,humano
larsgw,humano
larsilus,humano
larsjohan,humano
larsniet,humano
larsqa,humano
larssbr,humano
larswittenberg,humano
larsyencken,humano
lasersox,humano
lasharela,humano
lasley,humano
lasseborly,humano
lassegit,humano
lasseklovstad,humano
lassiter,humano
laszlopandy,humano
latchy,humano
latentflip,humano
latinrev,humano
laubonghaudoi,humano
laugharn,humano
launchpad001,humano
laur80,humano
lauralin81,humano
lauralouiset,humano
lauren,humano
laurence-myers,humano
laurencebedford,humano
laurencefass,humano
laurenhall1526-netizen,humano
laurens-mesure,humano
laurenskling,humano
laurensnl,humano
laurenswuyts,humano
laurent512,humano
laurentDellaNegra,humano
laurentdelosieresmano,humano
laurentlaporte,humano
laurentmmeyer,humano
laurentsenta,humano
laurentvergnaud,humano
lauri865,humano
lauridskern,humano
lauriii,humano
lauripiispanen,humano
lauriskuznecovs,humano
laurivaananen,humano
laurmurclar,humano
lauroaraujo,humano
lauthieb,humano
lavanitha,humano
lavaxun,humano
lavcraft,humano
lavelle,humano
lavgup,humano
lavipta,humano
lavir,humano
lawrencenika,humano
layerzzzio,humano
lazarevartur,humano
lazaro-contato,humano
lazarok09,humano
lazarv,humano
lazerg,humano
lazlojuly,humano
lazlothemonkey,humano
lazygagaliu,humano
lazypool,humano
lb-,humano
lbguilherme,humano
lbittner-pdftron,humano
lboecker,humano
lbpphr,humano
lbssousa,humano
lbwa,humano
lc-51,humano
lcanavesio,humano
lcandiago,humano
lcf2212dev,humano
lchangdev,humano
lchenneberg,humano
lcl9288,humano
lclc98,humano
lcnlvrz,humano
lcnlvrz-revelacion,humano
lcnogueira,humano
lcordier42,humano
lcorz,humano
lcs07,humano
lcswillems,humano
lcvbeek,humano
ldaijiw,humano
ldbhoang,humano
ldeluigi,humano
ldeveber,humano
ldiego08,humano
ldqntkh,humano
ldrv565,humano
ldthorne,humano
le-huy-jh,humano
le-martre,humano
le-u-f,humano
leMaik,humano
leTranTienPhat,humano
leader22,humano
leadscloud,humano
leamandeep,humano
leanazulyoro,humano
leanderiversen,humano
leandro-cotti,humano
leandro-toledo-uux,humano
leandrofaria,humano
leandroferreira,humano
leandroluk,humano
leandromatos,humano
leandronn,humano
leandronorcio,humano
leandroruel,humano
leandroscls,humano
leangl,humano
leap0x7b,humano
learnernic,humano
leaysgur,humano
lebedev-sergei,humano
lebiosShred,humano
lebreRafael,humano
lechim,humano
lechinoix,humano
ledben,humano
ledbetterljoshua,humano
lededje,humano
lednhatkhanh,humano
leduyquang753,humano
lee-admiral,humano
lee-broadley,humano
leeDav,humano
leebenson,humano
leedoopal,humano
leedyche,humano
leeellen,humano
leeeunsang-tmobi,humano
leejpsd,humano
leepowelldev,humano
leepowellnbs,humano
leerob,humano
leesaxby,humano
leesiongchan,humano
leesontungggg,humano
leetdavid,humano
leethree,humano
leeuwd,humano
leevo303,humano
leewalton2014,humano
leeyc924,humano
leeyseok,humano
leeza05,humano
leffot,humano
leftmove,humano
leggant,humano
leggsimon,humano
legion151,humano
legions-developer,humano
legowerewolf,humano
lei0gre,humano
leidegre,humano
leighs-hammer,humano
leikoilja,humano
leimonio,humano
leinadpb,humano
leinelissen,humano
leitea-google,humano
leixd1994,humano
leizhao-coupa,humano
leje512,humano
lejtzen,humano
lekterable,humano
lelabo-m,humano
leland-kwong,humano
lelong310590,humano
lemarcgagnon,humano
lemarier,humano
lemoatom,humano
lemonCMS,humano
lemonied,humano
lemonteaau,humano
lemurki,humano
lenaggar,humano
lenaten,humano
lencioni,humano
lenis0012,humano
lennartkerkvliet,humano
lennerd,humano
lennguyen,humano
lenny0702,humano
lennym,humano
lenryk,humano
lensisle,humano
lenzi-e,humano
leo,humano
leo-budgetsimple,humano
leo-cheron,humano
leo-paz,humano
leo-petrucci,humano
leo-prestolabs,humano
leoBergerot,humano
leobenkel,humano
leodarkseid,humano
leodip,humano
leodnlv,humano
leodr,humano
leodutra,humano
leoeiji,humano
leof240,humano
leohxj,humano
leojkwan,humano
leomelzer,humano
leon-deiak,humano
leon-marzahn,humano
leon-wbr,humano
leonahliang90,humano
leonanderson88,humano
leonardcser,humano
leonardigabriele,humano
leonardo2204,humano
leonardoRocchini,humano
leonardoTavaresM,humano
leonardoanalista,humano
leonardodavinci372,humano
leonardofaria,humano
leonardokurniawan,humano
leonardorb,humano
leonardorocha-fluencyacademy,humano
leonardosaullo,humano
leonardshort,humano
leonaves,humano
leonbe02,humano
leonbubova,humano
leonchabbey,humano
leonclaus,humano
leonel-ai,humano
leongaban,humano
leongieser,humano
leonhandreke,humano
leonidasqq,humano
leonidk101,humano
leonitousconforti,humano
leonlarsson,humano
leonmeka,humano
leonogas,humano
leonpflegia,humano
leonschwanitz,humano
leonsilicon,humano
leonsomedina,humano
leoortizz,humano
leopedroso45,humano
leordev,humano
leoselig,humano
leosollereder,humano
leossantiago,humano
leosuggate,humano
leosuncin,humano
leotaku,humano
leotangram,humano
leothebase,humano
leotm,humano
leotrt,humano
leox182,humano
leoyli-headsup,humano
leozhao9527,humano
lependu,humano
lequangkhanh2901,humano
leque,humano
lerela,humano
lerot,humano
leroydev,humano
lertsoft,humano
lesbaa,humano
lesderid,humano
lesenelir,humano
lesha1201,humano
leslee-glints,humano
lesleh,humano
lesliechueng1996,humano
lesnitsky,humano
lesreaper,humano
lessp,humano
letitbe2M,humano
letkeeko,humano
letrthang,humano
letsspeak,humano
leung018,humano
lev3fon,humano
levanidev,humano
levelingup,humano
levi-l-damian,humano
levifry,humano
levinhtin,humano
levino,humano
levinqdl,humano
levinunnink,humano
levipadre,humano
levonk,humano
levranger,humano
levtsypanov,humano
lewisHeart,humano
lewisjr,humano
lewisking,humano
lewisnewson,humano
lewisvoncken,humano
lewius,humano
lewxdev,humano
lewyuburi,humano
lexlemmens,humano
lextas,humano
lextm,humano
leyanlo,humano
leyunn,humano
lfades,humano
lfbergee,humano
lfdominguez,humano
lfender6445,humano
lforst,humano
lfraudeau,humano
lfre,humano
lgenzelis,humano
lgestc,humano
lgh06,humano
lgj9172,humano
lglufiego,humano
lgmarenco1987,humano
lgoldfish,humano
lgordey,humano
lgraubner,humano
lgrayland,humano
lgz5689,humano
lhansford,humano
lharries,humano
lhfmartin,humano
lhguerra,humano
lhjd,humano
lhjeong60,humano
lhrnd0,humano
lhughes-lowy,humano
lhwdev,humano
lhz516,humano
li-jia-nan,humano
li-joel-arnott,humano
li4man0v,humano
liadbiz,humano
liam-russell,humano
liam-screencloud,humano
liamdanielduffy,humano
liamlaverty,humano
liamlows,humano
liammcateer,humano
liamrohan,humano
liamross,humano
lian-ders,humano
lianghrx,humano
liangl1412,humano
liangmiQwQ,humano
liangsu1210,humano
lianulloa,humano
liaoyinglong,humano
liarco,humano
libasoles,humano
liberuum,humano
libhide,humano
liborvanek,humano
libovness,humano
liby,humano
lichbt-rk,humano
lichu acuña,humano
lid0a,humano
lidoravitan,humano
lidqqq,humano
lienista,humano
liesislukas,humano
lifehackerhansol,humano
lifehetu,humano
lifeiscontent,humano
lifeisegg123,humano
lifeofjer,humano
lifeofzero,humano
liftyourgame,humano
lifuzhao100,humano
lightify97,humano
lightninglu10,humano
lightningspirit,humano
lightrow,humano
lightsound,humano
lightswarm124,humano
lightyaer,humano
lihaixing,humano
lihan3238,humano
liho00,humano
lihourchhin,humano
lihsai0,humano
lijianan,humano
lijomyecho,humano
likerRr,humano
likesjx,humano
liketiger,humano
likhith5697,humano
lileilei,humano
lilfrootyloops,humano
lilianakatrina684-a11y,humano
lilianchisca,humano
lilingxi01,humano
lilithebowman,humano
lillheaton,humano
lillyanka-zz,humano
lilong7676,humano
lilyaqildot,humano
lilyreadmoo,humano
lima-eduardo,humano
limeburst,humano
limegorilla,humano
limi58,humano
limmidy,humano
limpep,humano
limury,humano
linasmnew,humano
linatoquica93,humano
lincolnremi,humano
linconkusunoki,humano
lindesvard,humano
lindsaykwardell,humano
lindsaylevine,humano
lindseybradford,humano
lineape,humano
linghuccc,humano
lingo-anshul,humano
lingyan,humano
linhbkhn95,humano
linhnle,humano
linhucontorion,humano
liningpan,humano
linkm-ampere,humano
linkpi14,humano
linmengdun,humano
linosorice,humano
linqiu,humano
linrock,humano
lintellme99,humano
linucks,humano
linus-amg,humano
linus-ha,humano
linus-jansson,humano
linustorvaldss,humano
linweigao,humano
linyiru,humano
linzhe141,humano
liolle,humano
lionel-rowe,humano
lionel95200x,humano
lionelB,humano
lionelhorn,humano
lionello,humano
lionelpolanski,humano
lionelrudaz,humano
lionelyoung,humano
lionkeng,humano
lionralfs,humano
lionskape,humano
lior-amsalem,humano
liorheber,humano
lipoolock,humano
lipp,humano
lippzhang,humano
liqueflies,humano
lira1705,humano
lirbank,humano
liri2006,humano
lisamartin00,humano
lisarutan,humano
lisboaa,humano
lishine,humano
lishuangli,humano
lisilinhart,humano
liss-mouse,humano
listen936,humano
litcodeur,humano
litehacker,humano
literat,humano
lithdew,humano
lithiumlab,humano
litianming1,humano
little077,humano
littleCareless,humano
littleblackone,humano
littledivy,humano
littlejon,humano
littleninja,humano
littlepoolshark,humano
liubin595338764,humano
liuboaibc,humano
liucan233,humano
liugan2222,humano
liuguanhua,humano
liuhuapiaoyuan,humano
liujun3660105,humano
liukang3014,humano
liulanz,humano
liuliuliucome,humano
liumin1128,humano
liuxiaoxuanmmj,humano
liuyib,humano
livebitz1,humano
livelo-app,humano
livingstonlarus,humano
livoffgrid,humano
livoras,humano
liweinan0423,humano
liwenzhi,humano
lixiaoyan,humano
lixingyang-lxy,humano
liyikun,humano
lizadaly,humano
lizcodezpink,humano
lizhiyao,humano
lizuncong,humano
ljanssen5,humano
ljcl,humano
ljharb,humano
ljhyeok,humano
ljj0915,humano
ljluestc,humano
ljosberinn,humano
ljrahn,humano
ljrodriguez1,humano
ljs19923,humano
ljuanto,humano
ljuborados,humano
ljwagerfield,humano
lk9100,humano
lkappeler,humano
lkbr,humano
lkenny97,humano
lkostrowski,humano
lksei,humano
llaalgol,humano
llamadeus,humano
llee1990,humano
llegoelkelo,humano
lleo880055-afk,humano
llipengda,humano
llllvvuu,humano
lllomh,humano
llmobinll,humano
lloan,humano
llorenspujol,humano
lloydaf,humano
lloydrichards,humano
lluio,humano
lluiscab,humano
lluisnieto,humano
lluz,humano
lluzak,humano
lmac-1,humano
lmaero,humano
lmalvasia,humano
lmammino,humano
lmatheus,humano
lmatteis,humano
lmbuffetti,humano
lmcmz,humano
lmf-git,humano
lmgeorge,humano
lmh-justdo,humano
lmhkkang,humano
lmiller1990,humano
lmo-wt,humano
lmoj,humano
lmounsey,humano
lms11,humano
lmy1991,humano
lmyslinski,humano
lncls,humano
lnewson,humano
lnikell,humano
lnuvy,humano
loakliu,humano
lobacz-limango,humano
lobnico,humano
lobsterkatie,humano
localer,humano
locationtba,humano
lochie,humano
lockhaicttv,humano
locnguyen,humano
locothedev,humano
locpd,humano
lodaq,humano
loderunner,humano
lodmfjord,humano
lodsa-ntos,humano
loeck,humano
loettz,humano
logan-anderson,humano
logan272,humano
logandeancall,humano
loganfsmyth,humano
loganionian,humano
loganknecht,humano
loganmac,humano
loganpowell,humano
logansparlin,humano
loganwedwards,humano
loganzartman,humano
logaretm,humano
logemann,humano
logika024,humano
logikaljay,humano
loginVeb,humano
logusgraphics,humano
loicbourg,humano
loick,humano
loiclaudet,humano
loicnestler,humano
loicraux,humano
loicy,humano
lojithv,humano
lokesh14v,humano
lokeshn011101,humano
lokhmakov,humano
loki-tang,humano
loks0n,humano
lokst,humano
lolo-io,humano
lolobosse,humano
lolwuz,humano
lomocc,humano
lomse,humano
lomteslie,humano
lon-io,humano
londonadagio,humano
lone-cloud,humano
lonelil,humano
lonelydatum,humano
long-kr,humano
long-lazuli,humano
long2ice,humano
longbkit,humano
longda,humano
longfellowone,humano
longge-0516,humano
longlho,humano
longlivedigital,humano
longnt1779,humano
longprao,humano
longseespace,humano
longunidev,humano
longyarnz,humano
longzheng,humano
lonniev,humano
lonr,humano
lonyele,humano
lookis,humano
loopy,humano
loopy-lim,humano
looterz,humano
loozhengyuan,humano
lopezflorencio793-cmyk,humano
lopugit,humano
loq24,humano
loqusion,humano
lorainegarutti,humano
lorand-horvath,humano
lordkerwin,humano
lordpanduka,humano
lordvader501,humano
lordvcs,humano
loremipson,humano
lorenseanstewart,humano
lorensr,humano
lorenzo-ap,humano
lorenzo-co,humano
lorenzo-dallamuta,humano
lorenzoa7,humano
lorenzode,humano
lorenzoedoardofrancesco,humano
lorenzomigliorero,humano
lorenzorzd,humano
lorenzosignoretti,humano
lorenzosim,humano
lorenzrabs,humano
loris,humano
lorissikora,humano
lorstenoplo,humano
lortimer,humano
lortmorris,humano
losfair,humano
lostfictions,humano
lostiks,humano
lotarbo,humano
lotaway,humano
loteoo,humano
lotharvm,humano
lott-ai,humano
lottmarcos,humano
lotus2742,humano
lotusjohn,humano
loudmu,humano
louis-md,humano
louisesiqifan,humano
louisgv,humano
louishectorcode,humano
louishugens,humano
louisjuliendo,humano
louisnt-prod,humano
louison,humano
louispelarrey,humano
louisrli,humano
louisthomaspro,humano
louistiti,humano
loukamb,humano
loulanyue,humano
lourd,humano
lourencorodrigo,humano
lourq,humano
louzhedong,humano
louzt,humano
lovanya,humano
love2me,humano
lovegehlin,humano
loveholly,humano
lovell,humano
lovelyJason,humano
loverdeveloper,humano
loverphp487,humano
lovettbarron,humano
loveyandex,humano
lovrozagar-recommend,humano
lowkeypriority,humano
lp0ql,humano
lpalmes,humano
lpbonomi,humano
lpinca,humano
lpke,humano
lpknv,humano
lpolish,humano
lpoulter-gradle,humano
lpwprojects,humano
lqscrisp7,humano
lqt93,humano
lquixada,humano
lqze,humano
lramos33,humano
lrholmes,humano
lrowe,humano
lrozewicz,humano
lsaavedr,humano
lsagetlethias,humano
lsbyerley,humano
lseemann,humano
lsegal,humano
lshearer,humano
lslunis,humano
lsm,humano
lsndr,humano
lsping8,humano
lstellway,humano
lsthor,humano
lstkz,humano
lstrive-yn,humano
lstsystems,humano
lsvargas,humano
lsvs,humano
lswainemoore,humano
lswinblad,humano
ltechera,humano
lthomason,humano
ltk99,humano
ltrain777,humano
ltranco,humano
lu-perfect,humano
lu-zen,humano
luan-services,humano
luandro,humano
luankefei,humano
luanlucho,humano
luanmessias,humano
luanmm,humano
luannguyenQV,humano
luannoe,humano
luantaraschi,humano
luanvothanh12,humano
luanwulin,humano
lubakravche,humano
lubieowoce,humano
lubo,humano
lubojanski,humano
luca-vogels,humano
lucacasonato,humano
lucacavallaro,humano
lucach,humano
lucaciraolo,humano
lucafaggianelli,humano
lucaiarr,humano
lucajung,humano
lucaliebenberg,humano
lucaoskaique,humano
lucas-frois,humano
lucas-garrido,humano
lucas-janon,humano
lucas-mds,humano
lucas-santosP,humano
lucas-soler,humano
lucas-varela,humano
lucas0707,humano
lucasReghiniM,humano
lucasaba,humano
lucasadrianof,humano
lucasalima,humano
lucasalmeida92,humano
lucasassisrosa,humano
lucasavila00,humano
lucasbaquinoo,humano
lucasbasquerotto,humano
lucasbastianik,humano
lucasbozzo,humano
lucascaton,humano
lucasconstantino,humano
lucasdoell,humano
lucasengel,humano
lucasfeliciano,humano
lucasfrey,humano
lucasfrotam,humano
lucasgerard,humano
lucasharada,humano
lucashfreitas,humano
lucashu1,humano
lucasishuman,humano
lucaskolecha,humano
lucaslcode,humano
lucaslosi,humano
lucasmcht,humano
lucasmerlin,humano
lucasmg-dev,humano
lucasmogari,humano
lucasmotta,humano
lucasmshepherd,humano
lucasnorman,humano
lucasoz,humano
lucaspbordignon,humano
lucaspereirasouzat,humano
lucaspiresfernandes,humano
lucasra1,humano
lucasriondel,humano
lucasrodriguezdavila,humano
lucasrogeriomasotti,humano
lucasrosa90,humano
lucasrothman,humano
lucassel,humano
lucassimines,humano
lucastnr,humano
lucasvazq,humano
lucasvieirasilva,humano
lucasvst,humano
lucax88x,humano
lucaziz,humano
lucchev,humano
lucent1090,humano
lucgagan,humano
luchillo17,humano
lucho20pt,humano
luchsamapparat,humano
luchux,humano
luciancah,humano
lucianciolac,humano
lucianlature,humano
lucianobfs,humano
lucienbl,humano
lucifer1004,humano
luciorubeens,humano
luciosnd,humano
luciovilla,humano
lucivaldo,humano
luciy,humano
luckasRanarison,humano
luckasnix,humano
lucksp,humano
luckyraul,humano
luckyship,humano
luckyswd,humano
lucleray,humano
ludbek,humano
ludder,humano
ludekvodicka,humano
ludofischer,humano
ludovicoserrani-nautes,humano
ludusrusso,humano
ludvigalden,humano
ludwigbacklund,humano
ludwighogstrom,humano
luffyZh,humano
luffyZhou,humano
luigi-derson,humano
luigifgp,humano
luigiminardim,humano
luis-herazo,humano
luis-immunefi,humano
luis0ares,humano
luisFebro,humano
luisalfonsodsg,humano
luisalrp,humano
luiscaceresd,humano
luiscarlin,humano
luiscobot,humano
luiscs86,humano
luisdil,humano
luisfelipesdn12,humano
luisgserrano,humano
luishdz1010,humano
luisherranz,humano
luisjorge129,humano
luisjuarez099,humano
luisjuniorj,humano
luismiramirez,humano
luismmadeirac,humano
luismramirezr,humano
luismulinari,humano
luisorbaiceta,humano
luisrivas,humano
luisrudge,humano
luistak,humano
luisvieiragmr,humano
luixo,humano
luizeboli,humano
luizgmjunior,humano
luizlugo,humano
luiznasciment0,humano
luizrosalba,humano
luizvergennes,humano
lujjjh,humano
lujun2,humano
luk3skyw4lker,humano
lukadev-0,humano
lukahartwig,humano
lukas-bryla,humano
lukasIO,humano
lukasb,humano
lukasburns,humano
lukasdotcom,humano
lukasedw,humano
lukasfri,humano
lukasholzer,humano
lukasjoho,humano
lukaskai,humano
lukasluecke,humano
lukasmoellerch,humano
lukasnevosad,humano
lukasoppermann,humano
lukasver,humano
lukasz-karolewski,humano
lukaszarpak,humano
lukaszfiszer,humano
lukawski,humano
luke-concannon,humano
luke-h1,humano
luke-j,humano
lukeac123,humano
lukebarton,humano
lukebelbina,humano
lukebennett,humano
lukeberry99,humano
lukeburns,humano
lukebussey,humano
lukecivantos,humano
lukedanielson,humano
lukeed,humano
lukefiji,humano
lukeingalls,humano
lukel97,humano
lukematison,humano
lukemorales,humano
lukemorton,humano
lukepearce,humano
luker2,humano
lukeromanowicz,humano
lukesandberg,humano
lukeshumard,humano
lukethegeek,humano
luketheobscure,humano
lukeupup,humano
lukevella,humano
lukevers,humano
lukevmorris,humano
lukexor,humano
lukin,humano
lukinasargy,humano
luknarusevicius,humano
luknl,humano
lukrai,humano
luksrocha,humano
lukvermeulen,humano
lukyth,humano
lulalachen,humano
luluhoc,humano
lumenwrites,humano
luminus-xd,humano
lumirlumir,humano
lumotroph,humano
luna2216,humano
lunadelaet,humano
lunatiqqc,humano
lunchboxav,humano
lundgren2,humano
lunelson,humano
lunoob,humano
luntan-maker,humano
luo jiyin,humano
luohao123,humano
luojiyin1987,humano
luoluo5945,humano
luong-komorebi,humano
luopeihai,humano
luoweii,humano
lupelius,humano
luqman-dot,humano
lurueger,humano
lusan,humano
lusbuab,humano
lushkant,humano
luskafaria,humano
luskin,humano
lust4life,humano
lusu007,humano
lutfi-haslab,humano
luthfib,humano
luucas-melo,humano
luudv,humano
luujam2,humano
luukdv,humano
luwes,humano
luxirbt,humano
luxonauta,humano
luzuoquan,humano
lv-kit,humano
lvandernoll,humano
lvanoverberghe,humano
lvegerano,humano
lveillard,humano
lvergergsk,humano
lvkins,humano
lvlinhaohan2010,humano
lvlshanks,humano
lvnam96,humano
lvnilesh,humano
lvsenlin,humano
lvxiaojie,humano
lvzegeng,humano
lwensveen,humano
lwpamihiranga,humano
lwt09,humano
lww,humano
lwz7512,humano
lx-maxhaslehner,humano
lxblvs,humano
lxe,humano
lxhyl,humano
lxia1220,humano
lxiiiixi,humano
lxn07122945,humano
lxsmnsyc,humano
lxy-yz,humano
lxy32167,humano
lycuid,humano
lydell,humano
lyderic-dutillieux,humano
lydhr,humano
lydiahallie,humano
lykianovsky,humano
lylepratt,humano
lyleunderwood,humano
lymarrie,humano
lynettelopez,humano
lynfos,humano
lynn1286,humano
lynndylanhurley,humano
lynxx007,humano
lyonb96,humano
lyquocnam,humano
lyt9304,humano
lyubchev,humano
lyyuta,humano
lyzhovnik,humano
lyzno1,humano
lz000,humano
lzagata-duo,humano
lzb-libra,humano
lzgrzebski,humano
lzkui2013,humano
lzw1926,humano
lzxb,humano
m-abdelwahab,humano
m-allanson,humano
m-aziz-algullu,humano
m-bp,humano
m-elagamy,humano
m-farah,humano
m-foskett,humano
m-heyda,humano
m-jadczak,humano
m-kawafuji,humano
m-kon,humano
m-korkut,humano
m-lautenbach,humano
m-leon,humano
m-nakamura145,humano
m-nathani,humano
m-negahi,humano
m-reidy,humano
m-rphy,humano
m-rutter,humano
m-sadegh-sh,humano
m-sahebi,humano
m-salman-afzal,humano
m-sanders,humano
m-spyratos,humano
m-sterspace,humano
m-torin,humano
m-umar-ch,humano
m-zaman-khan,humano
m0rg-dev,humano
m0xAy,humano
m10rten,humano
m19,humano
m1911star,humano
m1abdullahh,humano
m1dok,humano
m1guelsb,humano
m1heng,humano
m1nsuppp,humano
m1san,humano
m1tyya,humano
m1yon,humano
m235,humano
m3rashid,humano
m4kman,humano
m4salah,humano
m4x1m3-l4mb3rt,humano
m50,humano
m5p3nc3r,humano
m64253,humano
m7kvqbe1,humano
m7stock,humano
m7yue,humano
m8951406,humano
m8ms,humano
m90,humano
mAAdhaTTah,humano
mAdutskevich,humano
mCzolko,humano
mFirghi,humano
mGasiorek998,humano
mPaella,humano
ma13gagan,humano
maanil17,humano
maapteh,humano
maastrich,humano
maazakn,humano
mabadir,humano
mabasic,humano
mabc224,humano
mabdh,humano
mabels,humano
mabouguerra,humano
mac-h95,humano
macabeus,humano
macalinao,humano
maccali,humano
maccman,humano
maccyber,humano
macdigger,humano
macefti276,humano
machester4,humano
machine23,humano
machineghost,humano
machinister,humano
machouz,humano
maciej-ka,humano
maciejadamski89,humano
maciekgrzybek,humano
macienrique,humano
maciesielka,humano
macintacos,humano
mack-ludwin,humano
mackenzienolan,humano
macko911,humano
maclavijo,humano
macmenak,humano
macmillan78,humano
macmoi,humano
macojaune,humano
macorifice,humano
macouella,humano
macrestored,humano
macrozone,humano
macso-hwangoh,humano
macstr1k3r,humano
macutko,humano
mad-briller,humano
madaher-dev,humano
madannaik,humano
madarco,humano
madatbay,humano
maddhruv,humano
maddoxnelson,humano
maddsua,humano
made-by-jonny,humano
madeByIgor,humano
madebyaaron,humano
madebyais,humano
madebycm,humano
madebydor,humano
madebyfabian,humano
madebyherzblut,humano
madebyjulz,humano
madeeha96,humano
madeinfree,humano
madeinspace,humano
madeleineostoja,humano
madfcat,humano
madhavan-sundararaj,humano
madhums,humano
madhurjya-acko,humano
madi-tracksuit,humano
madiknox,humano
madiodio,humano
madisvain,humano
madjam002,humano
madkoding,humano
madmed88,humano
madmous,humano
madroneropaulo,humano
madrosir,humano
madsbuch,humano
madsfaerch,humano
madsgodvinjensen,humano
madson,humano
madyankin,humano
maencharacter,humano
maerzhase,humano
maestroh,humano
maestroyaco,humano
mafshin,humano
magWagner,humano
magalhas,humano
magentaqin,humano
maggiben,humano
maggie-j-liu,humano
maggo,humano
magic-akari,humano
magicDvlp,humano
magiceupho,humano
magicsong,humano
magicspon,humano
magiskboy,humano
magisters-cc,humano
magmagmary,humano
magnattic,humano
magnnus,humano
magnuen2k,humano
magnus-trent,humano
magnusriga,humano
magoz,humano
magratheaner,humano
magsout,humano
magus,humano
mah51,humano
mahadazad,humano
mahadi-init,humano
mahdi22dev,humano
mahdisalehian,humano
mahdisoultana,humano
mahdysp,humano
mahendrimd,humano
mahenoorsalat,humano
mahesh2526,humano
maheshbhatiya73,humano
maheshj01,humano
mahevstark,humano
mahijendra,humano
mahima98,humano
mahish,humano
mahmad97,humano
mahmood601,humano
mahmoud-hadi,humano
mahmoud-moursy,humano
mahmud009,humano
mahowa,humano
mahuudu,humano
mahyarfrd70,humano
maianhania,humano
maickoldxd,humano
maiconcarraro,humano
maiconsanson,humano
maidi29,humano
maierson,humano
maiertech,humano
maintao,humano
maisano-patreon,humano
maitham,humano
maithripagidi3284-coder,humano
maitrungduc1410,humano
maiveasna24,humano
majdi,humano
majelbstoat,humano
majew7,humano
majgaard,humano
majid-amiri,humano
majidkuhail,humano
majidsadr,humano
majidzeno,humano
majkel572,humano
majman,humano
majonga88,humano
makandrr,humano
makarov-foot,humano
makedirectory,humano
makeeno,humano
makeitrein,humano
makepanic,humano
makezi,humano
makis-spy,humano
makkeu,humano
maklavani,humano
makors,humano
makotot,humano
makovez,humano
makowskid,humano
makranelhoucine,humano
makrcat,humano
maks-oleksyuk,humano
maksbotan,humano
maksimf,humano
maksimgorodilov,humano
maksimkoshman,humano
makstr,humano
makstyle119,humano
maksym3d,humano
maksympc,humano
maktouch,humano
maktum827,humano
makyinmars,humano
malaville,humano
malawllaqi,humano
malazaysc,humano
malburo,humano
malekpouri,humano
malewis5,humano
malexdev,humano
maliesa96,humano
malikalimoekhamedov,humano
malikimprowised,humano
malikiz,humano
malimccalla,humano
malindap92,humano
malipetek,humano
malith7597,humano
malithmcr,humano
malitov,humano
malixswoop,humano
malixsys,humano
malkovitc,humano
malkrad,humano
mallendeo,humano
malmgren,humano
malmo-east,humano
malonehedges,humano
malord,humano
maloyuso,humano
malte-wessel,humano
malted,humano
maltejur,humano
maltekuehl,humano
maltesa,humano
malthemilthers,humano
maludwig,humano
malviyaHimanshu,humano
malviyaritesh,humano
malyzkhan,humano
mambucodev,humano
mamlzy,humano
mamuso,humano
manNomi,humano
manacy-keyvalue,humano
manan-desai,humano
manan25386,humano
manarbenkraouda,humano
manaten,humano
manaver,humano
manavm1990,humano
manavsiddharthgupta,humano
mandar1jn,humano
mandarons,humano
mandel59,humano
manderson-now,humano
mandorakannu,humano
mandrillxx,humano
mandriv,humano
mandymichael,humano
manema,humano
manfwh,humano
mangaupdates,humano
mangekyo-user,humano
mango766,humano
manhcuongincusar1,humano
manhthepixta,humano
manhtrv,humano
maniart,humano
maniraj1234,humano
manish-bukuwarung,humano
manishbalyan,humano
manishbhatt94,humano
manishoctal,humano
manishoo,humano
manishprajapatidev,humano
manishprivet,humano
manishrajput2004,humano
manjaycoder,humano
manjunath-nuveb,humano
manjushsh,humano
mankeheaven,humano
mankenconde,humano
mankins,humano
mankybansal,humano
mannahub,humano
manny-p,humano
mannybecerra,humano
mannycolon,humano
mannyreds11,humano
manoadamro,humano
manojadams,humano
manojgetwealthy,humano
manolkalinov,humano
manoraj,humano
manovotny,humano
manowski,humano
mansdahlstrom1,humano
mansisindhu,humano
mansoor292,humano
manspaniel,humano
mantaspatsSurfShark,humano
manthansubhash01,humano
mantoze,humano
mantysalo,humano
manu-gurudath,humano
manu-xmint,humano
manuarora700,humano
manudeli,humano
manuel-mauky,humano
manuel114,humano
manuelMarkDenver,humano
manuelbarzi,humano
manuelbasanta,humano
manuelbieh,humano
manuelro,humano
manuelseisl,humano
manuelseisl-dev,humano
manueltruepill,humano
manuganji,humano
manuschillerdev,humano
manvydas-tbol,humano
manwuyu,humano
manziEric,humano
manzoid,humano
maohui66661,humano
maornissan,humano
maotora,humano
mapache-salvaje,humano
maphe,humano
mapledna,humano
mapringg,humano
maps82,humano
mapsgeek,humano
marafiq,humano
maraisr,humano
maral,humano
maranomynet,humano
maratkhanbekov,humano
marbemac,humano
marc0olo,humano
marcbouchenoire,humano
marcelblijleven,humano
marcelfahle,humano
marcelhageman,humano
marcelherd,humano
marcelino-borges,humano
marceljager9,humano
marcellocurto,humano
marcelltoth,humano
marcelmokos,humano
marcelo-albuquerque,humano
marcelo-earth,humano
marceloadsj,humano
marcelobaez,humano
marcelobitorical,humano
marceloboeira,humano
marcelocarmona,humano
marcelocch,humano
marcelorl,humano
marcelothomaz,humano
marceloverdijk,humano
marcelovicentegc,humano
marcelovue,humano
marcgmbh,humano
marcialca,humano
marcibaumel,humano
marcilioware,humano
marcin-kochanek,humano
marcin-piechaczek,humano
marcin-piekarski,humano
marcin-piela-sf,humano
marcinciarka,humano
marcincodes,humano
marcinczenko,humano
marcinincreo,humano
marcinkrasowski,humano
marcinkurka97,humano
marcio-w-alves,humano
marcioimai,humano
marciomunhoz,humano
marcklingen,humano
marcmaceira,humano
marcmll,humano
marcneander,humano
marco-digennaro,humano
marco-elder,humano
marco-koenen,humano
marco910,humano
marcoacierno,humano
marcobusemann,humano
marcodejongh,humano
marcofranssen,humano
marcogianni,humano
marconms,humano
marcorcau,humano
marcoreni,humano
marcoripa96,humano
marcos-abreu,humano
marcos-jesus,humano
marcos-nunes-dev,humano
marcosantoniotic,humano
marcosbrasil,humano
marcoschicote,humano
marcosdanielr,humano
marcoshernanz,humano
marcosmartini,humano
marcosnataqs,humano
marcosnc08,humano
marcospassos,humano
marcossouzadotdev,humano
marcosvega91,humano
marcoswebmasteroficial,humano
marcotoniut,humano
marcsaga,humano
marcus-jan,humano
marcusengel,humano
marcusfrdk,humano
marcusmichaels,humano
marcusnunes,humano
marcvangend,humano
marcwoozie,humano
marcysutton,humano
mardrof,humano
marduc812,humano
marek-hanzal,humano
marek-miotelka,humano
marek-saji,humano
marek-sed,humano
marekmiotelka,humano
mareksuscak,humano
marekves,humano
marekzan,humano
margalit,humano
margauxflores,humano
margox,humano
marhaupe,humano
mari-sena,humano
maria404,humano
mariagnoriegag,humano
marian-c,humano
marian-oprisan,humano
marianapmonteiro,humano
mariangle,humano
mariannafld,humano
marianocodes,humano
marianocordoba,humano
marianzburlea,humano
mariegodon,humano
marijaduvnjak,humano
marijusar,humano
mario-iliev,humano
mario-jerkovic,humano
mario-ls,humano
mario-mestrovic,humano
mario-petrovic,humano
mario-silva,humano
marioatbahasa,humano
mariohmol,humano
mariomediam,humano
marioolofo,humano
mariorodriguespt,humano
mariosanchez,humano
maritz,humano
marius-mather,humano
mariusc23,humano
mariusch,humano
mariusfriess,humano
mariustoft,humano
marjan-ahmed,humano
marjorg,humano
mark-davenport-fountain,humano
mark-durbin-ucf,humano
mark-liner,humano
mark-pitblado,humano
mark-wff,humano
markanthonyuy,humano
markbecker-work,humano
markbrocato,humano
markbrouch,humano
markcalendario,humano
markcarroll,humano
markcnunes,humano
markdagraca,humano
markdost,humano
markedwards,humano
markerikson,humano
market-south,humano
marketsystems,humano
markflorkowski,humano
markgomez,humano
markgzl,humano
markhaslam,humano
markhc,humano
markhughes,humano
markitics,humano
markitosgv,humano
markjhvonk,humano
markjm,humano
markjoeljimenez,humano
markkaylor,humano
markkkkas,humano
markky21,humano
marklai1998,humano
marklawlor,humano
marklundin,humano
markmcdermid,humano
marknaman05,humano
marknesh,humano
marko-hologram,humano
marko-knoebl,humano
marko-stimac,humano
markobozic346,humano
markok10,humano
markoleavy,humano
markolofsen,humano
markomitranic,humano
markoradojcic,humano
markosoomets1,humano
markotom,humano
markovsvetlin,humano
markozxuu,humano
markphelps,humano
markpinero,humano
markplewis,humano
markplindsay,humano
markschellhas,humano
markspolakovs,humano
marktani,humano
marktellez,humano
markthethomas,humano
marktoman,humano
markus-ethur,humano
markuslewin,humano
markwolff,humano
markxoe,humano
marlass,humano
marlier,humano
marlo22,humano
marlomgirardi,humano
marlon307,humano
marlonicus,humano
marlonjet,humano
marlonmarcello,humano
marlonmleite,humano
marlonschlosshauer,humano
marnauortega,humano
marnep,humano
marnixhoh,humano
maroshvarchola,humano
marozzocom,humano
marpstar,humano
marracheco,humano
marreman,humano
mars,humano
marshallku,humano
marsidev,humano
mart1d4,humano
martaver,humano
marten,humano
martenbjork,humano
martianacademy,humano
martijnhjk,humano
martijnspitter,humano
martijnvanonz,humano
martijnwalraven,humano
martin-coded,humano
martin-eq,humano
martin-fv,humano
martin-wahlberg,humano
martinbavio,humano
martindanielson,humano
martindavid,humano
martindisch,humano
martine-balcaen,humano
martinestigarribiakognitiv,humano
martinez-hugo,humano
martinezguillaume,humano
martinezleoml,humano
martinezpl,humano
martinfrancois,humano
martinharyanto,humano
martinhorsky,humano
martinjlowm,humano
martinkadlec0,humano
martinkr,humano
martinlynge,humano
martinmiglio,humano
martinnabhan,humano
martinowren,humano
martinpetrdev,humano
martinratinaud,humano
martinrojas,humano
martins4duarte,humano
martinsione,humano
martinso95,humano
martinstanicio,humano
martinstepanek,humano
martinvarelaaaa,humano
martinvysnovsky,humano
martitv,humano
martonkaufmann,humano
martonlanga,humano
martpie,humano
martsie,humano
martwana,humano
martyanovandrey,humano
martyer,humano
martyla,humano
martynasmartynas,humano
marufMunshi,humano
marvinhagemeister,humano
marvinjude,humano
marvinkome,humano
marvinscheffold,humano
marviobezerra,humano
marwinhormiz,humano
marwinlewis,humano
marxian,humano
maryam-mokhtari,humano
maryamtalebnejad,humano
marysmech,humano
masad-frost,humano
masakij,humano
masakinihirota,humano
masanori-iwata,humano
masasidan,humano
masbaehr,humano
masbagal,humano
mascanho,humano
masda70,humano
masduo,humano
masenf,humano
mashaal,humano
mashaalmemon,humano
mashanz,humano
mashaole,humano
mashrafdev,humano
masiafrest,humano
masiama,humano
masihjahangiri,humano
masives,humano
masiya255,humano
maslennikov,humano
maslowivan,humano
masnormen,humano
masonbrothers,humano
masonembry,humano
masonmcelvain,humano
masoudfallahi,humano
mass2527,humano
massaynus,humano
massdx,humano
massifcoder,humano
massimokris,humano
massivespace,humano
masstapel,humano
mastdeebater,humano
master4o,humano
masterbater,humano
mastercodercat,humano
masterjanic,humano
masterkain,humano
masterkingmk,humano
masto,humano
mastoj,humano
mastrauckas,humano
masx200,humano
masylum,humano
maszynka,humano
matagaralph,humano
matallui,humano
matamatak,humano
matamatanot,humano
matan00,humano
matannahmani,humano
matanui159,humano
mataspetrikas,humano
matb33,humano
matbeedotcom,humano
matbour,humano
matbrgz,humano
matcha,humano
matchai,humano
matchatype,humano
matchboxhero,humano
mateegojra,humano
mateenkiani,humano
mateja176,humano
matejfalat,humano
matejkonrad,humano
matejtarca,humano
mateopineiroa,humano
mateosilguero,humano
matepaiva,humano
matepapp,humano
mateusfg7,humano
mateusmirandaalmeida,humano
mateusp7,humano
mateusvahl,humano
mateusz-pocwiardowski-wttech,humano
mateuszNadolny,humano
mateuszaliyev,humano
mateuszpigula,humano
matfin,humano
math-u-t,humano
mathcrln,humano
mathdroid,humano
mathesond2,humano
matheusalcuri,humano
matheusazzi,humano
matheusdamiao,humano
matheusgrieger,humano
matheushahnn,humano
matheuskousen,humano
matheusrgarcia,humano
matheuss,humano
matheussampaio,humano
matheusslg,humano
mathewcst,humano
mathewtrivett,humano
mathiasbynens,humano
mathiasha,humano
mathiasrscom,humano
mathieuguyot,humano
mathisonian,humano
maths-bot,humano
mathurmehul001,humano
matias-berger-atlas,humano
matiascaputti,humano
matiasdiezcanseco,humano
matiasfha,humano
matiasmariani,humano
matiastucci,humano
maticrivo,humano
maticzav,humano
matigda,humano
matiishyn,humano
matija2209,humano
matinkaboli,humano
matinzd,humano
mationai,humano
matko031,humano
matmannion,humano
matmill5,humano
matolink,humano
matoous,humano
mators,humano
matowang,humano
matronator,humano
matrv,humano
matsunaga-matzlika,humano
matt-blanchette,humano
matt-dalton,humano
matt-joecoffee,humano
matt-koevort,humano
matt-kruse,humano
matt-pawley,humano
matt-potter,humano
matt-way,humano
matt1as,humano
mattJurz,humano
mattacker,humano
mattalco,humano
mattandre,humano
mattapperson,humano
mattbartley,humano
mattbolt,humano
mattboon,humano
mattbrandlysonos,humano
mattbrandman,humano
mattbrannon,humano
mattbrunetti,humano
mattburman,humano
mattburrell,humano
mattcarlotta,humano
mattcarrollcode,humano
mattcasey,humano
mattcass,humano
mattclough1,humano
mattcoker,humano
mattcullenmeyer,humano
mattddean,humano
mattdell,humano
mattdev-sh,humano
mattduggan,humano
mattdwardle,humano
mattecapu,humano
matteing,humano
matteo-naif,humano
matteo07,humano
matteo2437,humano
matteobruni,humano
matteociasco,humano
matteoferigo,humano
matteopaoli,humano
matteosailogy,humano
mattfc-ct,humano
mattfca,humano
mattfelten,humano
mattferderer,humano
mattfwood,humano
mattfysh,humano
mattgabor,humano
mattgperry,humano
matthanes,humano
matthaywardwebdesign,humano
matthew-heath,humano
matthew-levan,humano
matthew-mcallister,humano
matthew-t3,humano
matthewbae,humano
matthewbean,humano
matthewca,humano
matthewcc,humano
matthewdavi,humano
matthewdavidson,humano
matthewdotexe,humano
matthewhuang-camelot,humano
matthewjamesadam,humano
matthewlilley,humano
matthewmorek,humano
matthewmueller,humano
matthewoates,humano
matthewpflueger,humano
matthewroach,humano
matthewruzzi,humano
matthewvolk,humano
matthewwilson,humano
matthewwolfe,humano
matthewwoop,humano
matthewwyndham,humano
matthieu-gll,humano
matthieu-locussol,humano
matthieudesprez,humano
matthisk,humano
matthoiland,humano
matthooks,humano
matthxc,humano
mattiascibien,humano
mattiasw,humano
mattiaz9,humano
mattiekat,humano
mattiloh,humano
mattinannt,humano
mattirizarry,humano
mattisa,humano
mattisfrommars,humano
mattjburrows,humano
mattjis,humano
mattjonsson,humano
mattjs,humano
mattjstar,humano
mattkrins,humano
mattletw,humano
mattlgroff,humano
mattlovell,humano
mattlubner,humano
mattmc21,humano
mattmcdev,humano
mattmcegg,humano
mattoni,humano
mattphillips,humano
mattpocock,humano
mattpodolak,humano
mattpr,humano
mattqdev,humano
mattrltrent,humano
mattrobenolt,humano
mattrosno,humano
mattrossman,humano
mattruby,humano
mattrunyon,humano
mattsacks,humano
mattslight,humano
matttturnbull,humano
mattvb91,humano
mattwaler,humano
mattwills8,humano
mattyfresh,humano
mattyocode,humano
mattytb,humano
mattywong,humano
matulkum,humano
matusca96,humano
matveychuk,humano
matwii,humano
matwjablonski,humano
matyasjay,humano
matyushen,humano
matzero,humano
matzimowski,humano
matzkoh,humano
mau-fyi,humano
mauerbac,humano
maufarinelli,humano
mauicode26,humano
maulerjan,humano
maulik1729,humano
maulikprajapati,humano
maulobo,humano
maurer2,humano
maurice-ellis,humano
maurice-re,humano
mauricedb,humano
mauricekleine,humano
mauriciabad,humano
mauriciocarnieletto,humano
mauriciomutte,humano
mauriciosoares,humano
mauritsl,humano
mauroaccornero,humano
maurobonfietti,humano
maurobusso,humano
maurocolella,humano
maurodaprotis,humano
maurodesouza,humano
mauron85,humano
mauroreisvieira,humano
maurusrv,humano
mause-01,humano
mausferd,humano
mauvew,humano
mav2287,humano
mavenskylab,humano
maverick-ai,humano
maverickdude,humano
mavr1k,humano
mavvystudio,humano
mavwolverine,humano
mawaisismail,humano
mawiramawira,humano
max,humano
max-baz,humano
max-ch9i,humano
max-degterev,humano
max-frai,humano
max-g,humano
max-ilnytskyi,humano
max-lynn,humano
max-mayorov,humano
max-programming,humano
max-sym,humano
max-widmaier,humano
max8hine,humano
maxam2017,humano
maxbeatty,humano
maxcbc,humano
maxch-aa,humano
maxchehab,humano
maxdeviant,humano
maxdyy,humano
maxence-machu,humano
maxencerb,humano
maxesse,humano
maxeth,humano
maxgenest,humano
maxgfr,humano
maxhannan,humano
maxhaomh,humano
maxhelsel,humano
maxholman,humano
maxiedaniels,humano
maxigimenez,humano
maxigs7,humano
maxijonson,humano
maxikgreat,humano
maximblack,humano
maximdv34,humano
maxime-morlet,humano
maxime4000,humano
maximecolin,humano
maximegheraille,humano
maximelebastard,humano
maximeoger,humano
maximeperrault,humano
maximevast,humano
maximevtush,humano
maximihajlov,humano
maximilianckwok,humano
maximilianschmitt,humano
maximousblk,humano
maximslo,humano
maximumbreak,humano
maximus-lynn,humano
maximusnikulin,humano
maxkabechani,humano
maxmag-soft,humano
maxmccord,humano
maxmdev,humano
maxmeis,humano
maxmeng93,humano
maxmillienjr,humano
maxnewlands,humano
maxnowack,humano
maxobaxo,humano
maxpatiiuk,humano
maxpopovitch,humano
maxpowernz,humano
maxprilutskiy,humano
maxproske,humano
maxquinn,humano
maxratajczak,humano
maxrawlinger,humano
maxs15,humano
maxsalven,humano
maxscn,humano
maxsteenbergen,humano
maxstoyanov,humano
maxsupera,humano
maxswjeon,humano
maxtotheguenther,humano
maxwaiyaki,humano
maxwellpopescu,humano
maxwiseman,humano
maxy4u,humano
maxymapp,humano
maxyzli,humano
mayakarabula,humano
mayanhavoc,humano
mayank-budhiraja,humano
mayank1513,humano
mayank23,humano
mayank99,humano
mayankchhabra,humano
mayankcodes-dev,humano
mayankkamboj47,humano
maybeast,humano
maybephilipp,humano
mayconsilvaa,humano
mayercordeiro,humano
mayerraphael,humano
mayhs19,humano
maylorsan,humano
mayognaise,humano
mayone-du,humano
mayrsascha,humano
maysam,humano
mayur-keswani,humano
mayur9210,humano
mazc28,humano
maze-le,humano
maziarz,humano
mbagsik00,humano
mbahArip,humano
mbaldas,humano
mbaneshi,humano
mbarberry,humano
mbarekTrismegistus,humano
mbathie,humano
mbfisher,humano
mbifulco,humano
mbj36,humano
mblandr,humano
mbogdan0,humano
mbohgard,humano
mbpictures,humano
mbranch,humano
mbret,humano
mbretter,humano
mbrodt,humano
mbrookson,humano
mbrowne,humano
mbuffa,humano
mburakeker,humano
mburumaxwell,humano
mbustosp,humano
mc-petry,humano
mcAnastasiou,humano
mcabs3,humano
mcansh,humano
mcantonbul,humano
mcapodici,humano
mcasters,humano
mcavaliere,humano
mcdeguzman99,humano
mcdougal,humano
mcdyzg,humano
mcer12,humano
mcevskb,humano
mcexit,humano
mcfarlanedev,humano
mcfry,humano
mcgoooo,humano
mcha,humano
mchlbld,humano
mcilroyc,humano
mcintyre94,humano
mckelvey,humano
mckernanin,humano
mcknight89,humano
mclaros,humano
mclement18,humano
mclngl,humano
mcmillion,humano
mcmunder,humano
mcmxcdev,humano
mcnaveen,humano
mcollina,humano
mcorbelli,humano
mcrider,humano
mcrovero,humano
mcsdevv,humano
mctrl,humano
mcunningham,humano
mcwebb,humano
mcyleung,humano
md-coops,humano
md-fahad-ali,humano
md-rejoyan-islam,humano
md0011,humano
md186,humano
md8-habibullah,humano
md97212,humano
mdaffan,humano
mdalifaiad,humano
mdaverde,humano
mdavish,humano
mdcarter,humano
mddanishyusuf,humano
mderazon,humano
mderrick,humano
mdesilva,humano
mdestefani-DQ,humano
mdfahadhossain,humano
mdhridoy505,humano
mdio,humano
mdirolf,humano
mdirshaddev,humano
mdj-uk,humano
mdjfs,humano
mdluo,humano
mdmathewdc,humano
mdo5004,humano
mdoliv,humano
mdolon,humano
mdotk,humano
mdotwills,humano
mdovn,humano
mdpanayotov,humano
mdrayer,humano
mdrideout,humano
mdsalahuddin2001,humano
mdshzb04,humano
mdstaff,humano
mdstroebel,humano
mdtausifiqbal,humano
mdubourg001,humano
mdugue,humano
mduleone,humano
mdwekat,humano
mdzakir,humano
me-harshil,humano
me-saurabhkohli,humano
me1k,humano
meIonusk,humano
meabed,humano
meadow-tulips,humano
meandillar,humano
meathanjay,humano
meazou75,humano
mebrein,humano
mecaota,humano
mech,humano
mechadragon01,humano
meck93,humano
med-Haithem,humano
medatech,humano
medeirosjoaquim,humano
medihack,humano
mediplex,humano
medkrimi,humano
medmin,humano
medonat,humano
meds,humano
meduard-krasniqi,humano
meech-ward,humano
meel-hd,humano
meem-gwynne,humano
meenaFotovvat,humano
meenie,humano
meerajwadhwa15,humano
meerbahadin,humano
meerface,humano
mees-van-wel,humano
meesrutten,humano
meesvandongen,humano
meet4171,humano
meetwithyash,humano
mefengl,humano
megadrive,humano
megastels,humano
megawawa,humano
meglio,humano
meh7an,humano
mehdad-hussain,humano
mehdi-mashayekhi,humano
mehdipourfar,humano
mehdiraized,humano
mehdirussel,humano
mehedi-codes,humano
mehediemon007,humano
mehmetext,humano
mehmetkose,humano
mehmetkursataydin,humano
mehmetnyarar,humano
mehmetozguldev,humano
mehmetpekcan,humano
mehmetuken,humano
mehrabmp,humano
mehrad77,humano
mehran-mm26,humano
mehranmf31,humano
mehrdad-masoumi,humano
mehrdad-shokri,humano
mehrizi,humano
mehtasag,humano
mehulkar,humano
mehulmpt,humano
mei-tate,humano
meikidd,humano
meilechwieder,humano
meirankri,humano
meirbo,humano
meishibiexuejava,humano
meiyingqishi,humano
mekanics,humano
mekavehamichlolay,humano
mekeor,humano
mekhtiari,humano
meko-deng,humano
melanieseltzer,humano
melanievillela,humano
melercs,humano
meleyal,humano
meliborn,humano
melisabok,humano
melisiweb,humano
melkir,humano
melkstam,humano
mellet,humano
mellowjay,humano
mellster2012,humano
melmsie,humano
melnikaite,humano
melnyczuk,humano
melodyarcjason,humano
melodyxpot,humano
melon-husk,humano
melono6,humano
melowllc,humano
melsiir,humano
meltuhamy,humano
melva10,humano
melvin2016,humano
memark,humano
memcaliber,humano
memeteli,humano
memmen,humano
mena234,humano
menadeth,humano
menberg,humano
mend0kuse,humano
mendlero,humano
mendoanjoe,humano
menegat00,humano
meness,humano
mengqing,humano
mengtongun,humano
mengxi-ream,humano
mengxuhui,humano
mengyi-dev,humano
mengyu-zhang-dev,humano
menosprezzi,humano
mensur-durakovic,humano
menushka,humano
meonaze,humano
meotimdihia,humano
meoyawn,humano
mephmanx,humano
mephysto,humano
merceyz,humano
mercteil,humano
mercuriete,humano
mercurio-develop,humano
mercury9181,humano
merelinguist,humano
merfire,humano
mergd,humano
merges,humano
mergoni,humano
merlinaudio,humano
merodiro,humano
meronogbai,humano
merrywhether,humano
mertafor,humano
mertbuilds,humano
mertcan,humano
mertcanaltin,humano
mertthesamael,humano
merwinpoulose,humano
meryemben92,humano
mesaquen,humano
meshackm,humano
messa,humano
message,humano
messan1,humano
meszaros-lajos-gyorgy,humano
metacop,humano
metagrover,humano
metaheap,humano
metalmarker,humano
metaloozee,humano
metamas,humano
metatxn,humano
metawise,humano
metclan,humano
metrue,humano
mettin,humano
mettini,humano
mevanabey,humano
mewcoder,humano
mext,humano
mexysfr,humano
meyer1994,humano
meyer9,humano
meymeynard,humano
meysius,humano
mezhinsky,humano
mezoistvan,humano
mezotv,humano
mfaizan1,humano
mfakhrusy,humano
mfanuzzi,humano
mfaux,humano
mfb-remotesocial,humano
mfbx9da4,humano
mfellner,humano
mfernandez97,humano
mfilipiec,humano
mfix-stripe,humano
mfix22,humano
mfnash,humano
mfrachet,humano
mfv-brian,humano
mfwgenerics,humano
mg-aceik,humano
mg-code,humano
mg-mg-mg,humano
mgamperl,humano
mgarf,humano
mgburns,humano
mgershowitz,humano
mghizzo,humano
mgiraldo,humano
mglagola,humano
mglavall,humano
mglonnro,humano
mgm1313,humano
mgmolisani,humano
mgoebs52,humano
mgoodenough,humano
mgr34,humano
mgrachev,humano
mgranados,humano
mgray-bemyduo,humano
mgreenw,humano
mgrisole,humano
mgrubinger,humano
mguida22,humano
mgustus,humano
mgyarmathy,humano
mh-anwar,humano
mhadikazemian,humano
mhamendes,humano
mhamill2,humano
mhanbl,humano
mhaneef50673,humano
mhanzelka,humano
mhart,humano
mhase,humano
mhashemii,humano
mhauken,humano
mhbarros,humano
mhd-sln,humano
mhdalmajid,humano
mhdsdt,humano
mhemrg,humano
mhesham32,humano
mhfaust,humano
mhhegazy,humano
mhkabir123,humano
mhmadamrii,humano
mhmdrioaf,humano
mhmmd-ysf,humano
mhoff,humano
mhornbacher,humano
mhr1380,humano
mhrisse,humano
mhughdo,humano
mhverbakel,humano
mi-hol,humano
mi3lix9,humano
mia01,humano
miami-man,humano
miazakura01,humano
mibijoy007,humano
micahalcorn,humano
micahbrich,humano
micaww,humano
mich040m,humano
michael,humano
michael-0acf4,humano
michael-ar,humano
michael-bouwer,humano
michael-harley,humano
michael-harvey,humano
michael-kleemann,humano
michael-land,humano
michael-mcgreal,humano
michael-modal,humano
michael-pomelo,humano
michael-stubbs,humano
michael-tugby,humano
michaelGregoire,humano
michaelangeloio,humano
michaelasaaw,humano
michaelbirchler,humano
michaelbulpitt,humano
michaelcamdencommon,humano
michaelclaesson,humano
michaelcohen716,humano
michaelcummingsofficial,humano
michaeldever,humano
michaeldoubek,humano
michaelfester,humano
michaelfriedman,humano
michaelgmiller1,humano
michaelhays,humano
michaelhelvey,humano
michaelignacio,humano
michaeljakob,humano
michaeljblum,humano
michaeljonathanblack,humano
michaelketzer,humano
michaelkostal,humano
michaellopez,humano
michaellukeread,humano
michaelmerrill,humano
michaelmohamed,humano
michaelmorgantalabat,humano
michaelmota,humano
michaelnguyen08,humano
michaelokolo,humano
michaeloliverx,humano
michaelozery,humano
michaelperrin,humano
michaelpeterswa,humano
michaelpomogajko,humano
michaelrazmgah,humano
michaelsbradleyjr,humano
michaelschufi,humano
michaelsoriano,humano
michaeltaranto,humano
michaelteter,humano
michaeltomasik,humano
michaeltroya,humano
michaelvdveer,humano
michaelwindell26,humano
michaelwitk,humano
michaelwschultz,humano
michaelyang,humano
michagonzo77,humano
michal-filip,humano
michal-hans,humano
michal-mad,humano
michal-markiewicz,humano
michal-pokojski-nwt,humano
michal-th,humano
michalbelas,humano
michalbundyra,humano
michalcizek,humano
michaldev,humano
michaldudak,humano
michalhonc,humano
michalmalota,humano
michalpetrov,humano
michalpokojski,humano
michalpulpan,humano
michalstrzelecki,humano
michaltarasiuk,humano
michalvadak,humano
michalvarys,humano
michalwarda,humano
michalwerner,humano
michalzalobny,humano
michel-fresh,humano
michel-kraemer,humano
michel-p,humano
michel-paiva,humano
michelalbers,humano
michelbieleveld,humano
micheleriva,humano
michelhelms-tdg,humano
michellee-wang,humano
michellelky,humano
michellewong793,humano
michelmoretti,humano
michelt,humano
micheltucker,humano
michenly,humano
michieldewilde,humano
michielmetcake,humano
michielvanderros-tomtom,humano
michielvangendt,humano
michrome,humano
michvh-dev,humano
mick-feller,humano
mickaelvillershomeserve,humano
mickbut-ler,humano
mickdewald,humano
mickeldebs,humano
micksabox,humano
mickythompson,humano
micmc422,humano
micooz,humano
micopc,humano
micro-chipset,humano
microdotmatrix,humano
microhobby,humano
micwehrle,humano
midedickson,humano
midgleyc,humano
midhunadarvin,humano
midori0507,humano
midoushitongtong,humano
midudev,humano
mieradi,humano
miestassimon,humano
mieszko4,humano
mifrej,humano
migsdeving,humano
miguderp,humano
miguel-sg-dev,humano
miguel9554,humano
miguelSoldado1,humano
miguelangelrm,humano
miguelapan,humano
miguelcaravantes,humano
miguelcast,humano
migueldamota,humano
miguelgargallo,humano
miguelmoya1,humano
migueloller,humano
miguelski,humano
miguelvictor,humano
mihaben,humano
mihaerzen,humano
mihaiandrei97,humano
mihaiblaga89,humano
mihaic195,humano
mihail-elevenlabs,humano
mihaildono,humano
mihaisavezi,humano
mihaiserban,humano
mihara0320,humano
mihikadutta,humano
mihiron,humano
mihirsam,humano
miinabot,humano
mikaa123,humano
mikael-jarvinen,humano
mikaeladev,humano
mikaelahlinder,humano
mikaelbr,humano
mikaelgson,humano
mikaelh,humano
mikaelmh,humano
mikalai-t,humano
mikan3rd,humano
mikareich,humano
mikayel,humano
mikayelgr,humano
mikayelvertex,humano
mikdatdogru,humano
mike-engel,humano
mike-kareu,humano
mike-plummer,humano
mike-shvets,humano
mike-suggitt,humano
mike-van,humano
mike247,humano
mike667,humano
mikeacre,humano
mikealche,humano
mikeamarkey,humano
mikearnaldi,humano
mikeb1986,humano
mikeboensel,humano
mikeborozdin,humano
mikebuilds,humano
mikebutak,humano
mikebywaters,humano
mikecabana,humano
mikecann,humano
mikecao,humano
mikecardwell,humano
mikecat,humano
mikecebul,humano
mikecentiq,humano
mikechabot,humano
mikechabotcandy,humano
mikeconstable,humano
mikecripps,humano
mikediamanto,humano
mikedidomizio,humano
mikeestonia,humano
mikefrancis,humano
mikeh2,humano
mikehardenize,humano
mikehdt,humano
mikehearn,humano
mikeheddes,humano
mikehedman,humano
mikehern,humano
mikeislearning,humano
mikeldoka1,humano
mikelehen,humano
mikelnrd,humano
mikemadruga,humano
mikemajara,humano
mikematos84,humano
mikemclin,humano
mikemfleming,humano
mikemilla,humano
mikenikles,humano
mikeour,humano
mikepc,humano
mikeplis,humano
mikepuglisi,humano
mikerid94,humano
mikeriley131,humano
mikerudge,humano
mikeschneiderdotme,humano
mikesherov,humano
mikesol,humano
mikesosa,humano
mikestead,humano
mikestoltz,humano
mikestonecodes,humano
mikestopcontinues,humano
mikesurowiec,humano
miketdonahue,humano
miketheman,humano
miketheodorou,humano
miketimmerman,humano
mikevercoelen,humano
mikew,humano
mikey0000,humano
mikeyakymenko,humano
mikeyamato,humano
mikeyfarina,humano
mikeyharris89,humano
mikeyhogarth,humano
mikeyrt16,humano
mikgross,humano
mikhaelesa,humano
mikhail-fedosenko,humano
mikhalev-im,humano
mikhkosvn,humano
miki-tebe,humano
mikiU2022,humano
mikinovation,humano
mikkel-ol,humano
mikkeldamm,humano
mikkelhl,humano
mikkelramlov,humano
mikkelsvartveit,humano
mikkelwf,humano
mikker,humano
mikkmartin,humano
mikknarusk,humano
mikku489,humano
mikl,humano
miklosz,humano
miko866,humano
mikoding9,humano
mikoloism,humano
miktirr,humano
milad-afkhami,humano
miladmeidanshahi,humano
miladnikad,humano
milanbgd011,humano
milanchahar,humano
milap1296,humano
milban,humano
mildfuzz,humano
milenazuccarelli,humano
milesingrams,humano
milesrichardson,humano
milez770,humano
milinddhamu,humano
milindgoel15,humano
milindsoorya,humano
milkbottle0305,humano
milksense,humano
milkyfuckinway,humano
milkyway8,humano
millansingh,humano
miller1199,humano
millertchris,humano
millette,humano
millievn,humano
millsoft,humano
millsp,humano
milmaj,humano
milo-,humano
milo417,humano
miloofcroton,humano
miloshevmitko,humano
miloslavc,humano
milosz-gustawski,humano
miloszwierucki,humano
milovangudelj,humano
miltonrincon,humano
milukukoz,humano
mimamch,humano
mimiqkz,humano
mimshins,humano
mina4gerges,humano
minaelee,humano
minami-minami,humano
minamicode,humano
minardimedia,humano
minazukie,humano
minbelapps,humano
mindaras,humano
mindfocus,humano
mindhivefi,humano
mindmind,humano
minedeljkovic,humano
mineiro,humano
minervabot,humano
mingfang,humano
mingyeungs,humano
minh-tranchi,humano
minhchu,humano
minhnh94,humano
minhoyooDEV,humano
minhtrung0110,humano
minhtule,humano
minimabot,humano
minimit,humano
miningape,humano
minirang,humano
ministerofpanic,humano
minjongbaek,humano
minjunkyeong,humano
minlare,humano
minlost,humano
minminminmmm,humano
minnnn7716,humano
minnyww,humano
minons1,humano
minooo,humano
minsgiman,humano
mintydev789,humano
mintyfloss,humano
minusfive,humano
minusplusmultiply,humano
minzojian,humano
mio-19,humano
mip404,humano
mipyykko,humano
mir-ashiq,humano
mir4ri,humano
mira-hariri,humano
mira-thakkar,humano
miracim,humano
miracle219,humano
miracle2k,humano
mirano-galijasevic,humano
mirasayon,humano
mircoservices,humano
mircostraessle,humano
mirel-v,humano
miridih-dpjo,humano
mirik999,humano
mirismaili,humano
miriyas,humano
mirkonasato,humano
miro-ux,humano
miro-zone,humano
mirolyubovN,humano
mirraman,humano
mirsahebali,humano
mirsahib,humano
mirshko,humano
mirulnasir,humano
mirzap,humano
mirzayevkamal,humano
mirzazohaib,humano
misakamayako,humano
misaks,humano
mischnic,humano
miselin,humano
mishabak,humano
mishamessouu,humano
mishase,humano
mishchief,humano
mishra-prabhakar,humano
mishrsoumitra,humano
mishushakov,humano
misingnoglic,humano
mislavmiocevic,humano
mismosmi,humano
missweizhang,humano
mistakenelf,humano
misterbit-pro,humano
misterjohannesson,humano
misuzu,humano
mit123suki,humano
mitaxe,humano
mitchatdoshii,humano
mitchatinvestin,humano
mitchdowney,humano
mitchell-abbott,humano
mitchell-bu,humano
mitchell-robinson,humano
mitchellabrouwer,humano
mitchellhuang,humano
mitchellrj,humano
mitchheddles,humano
mitchuman,humano
mitesh9991,humano
miteshdhaduk,humano
mitheelgajare,humano
mithleshjs,humano
mitjapotocin,humano
mitramejia,humano
mitre88,humano
mitrey,humano
mitrvlr,humano
mittalpk,humano
mittalyashu,humano
mittnavnermike,humano
mitu217,humano
mitul-s,humano
miup,humano
miwialex,humano
mix0000,humano
mix3d,humano
mixaildudin,humano
mixalbl4-127,humano
mixdev,humano
mixtur,humano
miyabin4113,humano
miyahironari,humano
miyi,humano
mizchi,humano
mizdra,humano
mizhac,humano
mizhousoft,humano
mizlan,humano
mizozobu,humano
mizx,humano
mizzyexists,humano
mjanssen,humano
mjarkk,humano
mjarrettjohnson,humano
mjaynixxz,humano
mjeanbosco19,humano
mjenzen,humano
mjesuele,humano
mjewell,humano
mjey,humano
mjfaga,humano
mjfwebb,humano
mjhalwa,humano
mjm,humano
mjmcgrath2010,humano
mjr,humano
mjsaijem09,humano
mjulstein,humano
mjurincic,humano
mjvalade,humano
mjy9088,humano
mjyaqubi,humano
mjyoung,humano
mjziolko,humano
mjzitek,humano
mk0y,humano
mk48,humano
mkadin,humano
mkalafior,humano
mkamranhamid,humano
mkanakis,humano
mkaradeniz,humano
mkarajohn,humano
mkaramuk,humano
mkaraula,humano
mkarkachov,humano
mkataja,humano
mkatrenik,humano
mkaufmann84,humano
mkayander,humano
mkbctrl,humano
mkbdes,humano
mkcode,humano
mkcy3,humano
mkdeka-eng,humano
mkermani144,humano
mketiku,humano
mkeyhanil,humano
mkf62,humano
mkhavari01,humano
mkhotib20,humano
mkhoussid,humano
mkimbo,humano
mkitsugi,humano
mkitt,humano
mkizka,humano
mkkeems,humano
mklasinc,humano
mklemme,humano
mklnz,humano
mkmlab-v2,humano
mkmrcodes,humano
mkmyhre,humano
mknichel,humano
mknmohit,humano
mknoedel,humano
mkonars,humano
mkondel,humano
mkoreo,humano
mkosir,humano
mkotsollaris,humano
mkozhukharenko,humano
mkraha,humano
mkramek,humano
mkreuzmayr,humano
mkst,humano
mkue,humano
mkultracreative,humano
mkurczewski,humano
mkvlrn-cm42,humano
mkwsra,humano
mkxml,humano
ml-sketch,humano
mlabrum,humano
mlancaster-endpointclosing,humano
mlarcher,humano
mlaursen,humano
mlazuardy,humano
mlbd,humano
mlbiche,humano
mlbonniec,humano
mlchiang,humano
mld1994,humano
mlecoq,humano
mledwards,humano
mleimer,humano
mleiter94,humano
mlekhi,humano
mlev,humano
mlhmz,humano
mliq,humano
mllustosa,humano
mlmetzner,humano
mlnima,humano
mlnor27,humano
mlntr,humano
mlorthiois,humano
mlstubblefield,humano
mltsy,humano
mlvzk,humano
mlynch,humano
mm,humano
mm-xitms,humano
mmaaaaz,humano
mmabraham,humano
mmahalwy,humano
mmajde,humano
mmakarin,humano
mmaksi,humano
mmalomo,humano
mmapl,humano
mmarifat,humano
mmartinsoliv,humano
mmason2-godaddy,humano
mmastrac,humano
mmazzarolo,humano
mmbrtstd,humano
mmcxii,humano
mmdev98,humano
mmdrn,humano
mmehmoodahmed,humano
mmeigs,humano
mmerali96,humano
mmikhan,humano
mmilanovic4,humano
mmintel,humano
mmkal,humano
mmlynarik,humano
mmmeff,humano
mmmprod,humano
mmmulani,humano
mmo80,humano
mmocny,humano
mmojahed93,humano
mmolinari,humano
mmpdrosa,humano
mmpneo,humano
mmrahmad,humano
mmrath,humano
mmswi,humano
mmustafasenoglu,humano
mmvergara,humano
mnaeem99,humano
mnajdova,humano
mnengwa,humano
mnfgul,humano
mngyuan,humano
mnieber,humano
mniesen,humano
mnik01,humano
mnikolaus,humano
mnismi,humano
mnjongerius,humano
mnksingh1996,humano
mnlbox,humano
mnlfischer,humano
mnpqraven,humano
mnsrv,humano
mntnv,humano
mo-cherif,humano
mo-fouad,humano
mo-hawary,humano
mo-hh234,humano
mo-rally-dev,humano
moAlobaidi,humano
moaaz-bhnas,humano
moaazbhnas228,humano
moak,humano
moalazzam,humano
moale,humano
moarief,humano
moarwick,humano
moatorres,humano
moaxaca,humano
moayadterro,humano
moaz178,humano
mobailabs,humano
mobeigi,humano
mobilerajs,humano
mobob,humano
mocantimoteidavid,humano
mocca-dev,humano
mochang2,humano
mocheng,humano
mochiya98,humano
mockee,humano
moclippa,humano
mod7ex,humano
modamodamoda,humano
modbender,humano
modderzabbasi,humano
modelga,humano
modeseven,humano
modten,humano
modulareverything,humano
modulecnw,humano
modulizer-lee,humano
moefingers,humano
moehawamdeh,humano
moekhalil,humano
moeriki,humano
moetazaneta,humano
moeyashi,humano
mofanx,humano
mofeiZ,humano
moflo,humano
mofodox,humano
mogadanez,humano
mogaming217,humano
mogzol,humano
moh12594,humano
mohab-sameh,humano
mohamad-ridwan,humano
mohamadfala,humano
mohamed bel haj youssef,humano
mohamed--abdel-maksoud,humano
mohamed-ali-agourram,humano
mohamed-sultan,humano
mohamedGamalAbuGalala,humano
mohamedbhy,humano
mohamedfasil,humano
mohamedhajr,humano
mohamedmagdy17593,humano
mohamednehad450,humano
mohamedsaiedd,humano
mohamedsalem331,humano
mohamedsgap,humano
mohamedtsx,humano
mohamedvj,humano
mohamedzhioua,humano
mohamenix,humano
mohammad-amin-hesam,humano
mohammad-fahad,humano
mohammad-k13,humano
mohammad-naji7,humano
mohammadaminrez,humano
mohammadou1,humano
mohammadrezagohari,humano
mohammadrz003,humano
mohammed-adil-moughal,humano
mohammed-bahumaish,humano
mohammed-mhmu,humano
mohammed5920,humano
mohammedDhinojwala,humano
mohammedaslawy,humano
mohammednazim007,humano
mohammedsabi,humano
mohammedzamakhan,humano
mohan-murali,humano
mohanas-scg,humano
mohandes-jiri,humano
mohanhari,humano
mohannadzidan,humano
mohanraj-r,humano
mohanrajr1987,humano
mohas,humano
mohbalboul,humano
mohd-akram,humano
mohdadnaanazam,humano
mohdashraf010897,humano
mohdsauood,humano
mohebifar,humano
mohesem,humano
mohinderps,humano
mohit-dayma,humano
mohit-nayak,humano
mohit2872,humano
mohitgarg,humano
mohitgupta1918,humano
mohito12,humano
mohsen-salehi,humano
mohsen1,humano
mohsenari,humano
mohsensaremi,humano
mohsinht,humano
mohsinkhanktk44,humano
mohsinulhaq,humano
mohux,humano
moigithub,humano
moinulmoin,humano
moises-marquez,humano
moisesmissecart,humano
moisnx,humano
moji2002,humano
mojo5000,humano
mojtaba-hajishah,humano
mok419,humano
moka-ayumu,humano
mokabyls,humano
mokahaiku,humano
mokkabonna,humano
mokshsinghji,humano
molebox,humano
molily,humano
molimat,humano
moloch--,humano
moltco,humano
moltoliver-stack,humano
momakes2,humano
momakes3,humano
momargoh,humano
momenqudaih,humano
monae,humano
monarchwadia,humano
mondaychen,humano
mondd-io,humano
mondyzzz-glitch,humano
moneebalalfi,humano
moneyDev1111,humano
moneydance,humano
mongolyy,humano
monicavaldez,humano
monicavis,humano
monim67,humano
monir,humano
monirsaikat,humano
monneyboi,humano
monognuisy,humano
monokaijs,humano
monokrome,humano
monolithed,humano
mononoke-choi,humano
monooso,humano
monotykamary,humano
monowai,humano
monsieurnebo,humano
monsonjeremy,humano
monssef,humano
monstajoe2002,humano
monstermahi982,humano
monsterooo,humano
montanaflynn,humano
montasirm8b,humano
montezume,humano
montmirail,humano
montoias,humano
monzim,humano
moobuilds,humano
moog16,humano
moogblob,humano
mooijtech,humano
moolcoov,humano
moomooberry,humano
moondef,humano
moonlik,humano
moonman239,humano
moonshineBoy,humano
moonthug,humano
mooori,humano
moop-moop,humano
mooyg,humano
moparlakci,humano
mopduan,humano
moradebianchetti81,humano
moraeso,humano
morajabi,humano
morcs,humano
mordantes,humano
mordechaim,humano
morellodev,humano
moreno1123,humano
moreorover,humano
morethanmin,humano
morfarpeter,humano
morganfeeney,humano
morgangallant,humano
morganhiep210,humano
morganhj,humano
morganjng,humano
morganney,humano
morgante,humano
morganwahl,humano
morganwestcoding,humano
morganwu277,humano
morgs32,humano
moriahmaney,humano
morishjs,humano
moritzmyrz,humano
morjanmihail,humano
morkeleb,humano
morley92,humano
mormahr,humano
morokosi,humano
moroshko,humano
morriq,humano
mortimr,humano
mortske,humano
mortyccp,humano
mortz123,humano
mosabalhsseini,humano
mosabalrsaheed,humano
moschan,humano
moseffect21,humano
moseslucas,humano
mosesoak,humano
moshedelivops,humano
moshefortgang,humano
moshest,humano
moshfeu,humano
moshfrid,humano
moshie,humano
mossa-Sammer,humano
mostafa-raafat,humano
mostafa1310,humano
mostafa6813,humano
mostafaegouda,humano
mostafammy,humano
mostakiiiim,humano
mostlycloudysky,humano
motcodes,humano
motdde,humano
motevallian,humano
motiazu,humano
motiejunas,humano
motiko,humano
motleydev,humano
motopods,humano
motrukdmytro-ck,humano
mottox2,humano
mouazvd,humano
mountiny,humano
mousedown,humano
moussaab-moulim,humano
moved0311,humano
movewedoo,humano
movingStars,humano
movrren,humano
mowais-ac,humano
moz-tello-wharton,humano
mozaddedalfeshani,humano
mozart25,humano
mozeryansky,humano
mozisan,humano
mozzius,humano
mp205,humano
mp3por,humano
mpacer,humano
mpandzo,humano
mpanjato-andri,humano
mpareja,humano
mpash,humano
mpelham,humano
mpeltonen,humano
mpereira,humano
mpetricek,humano
mphbo,humano
mpint,humano
mpiorowski,humano
mpirescarvalho,humano
mplachter,humano
mplakhtiy,humano
mpltr,humano
mpn7,humano
mpoetschke,humano
mpoisot,humano
mporkola,humano
mporracindie,humano
mpowell90,humano
mprync,humano
mpsq,humano
mpurdon,humano
mpwsh,humano
mqschwanda,humano
mquandalle,humano
mr-14,humano
mr-dual,humano
mr-greg,humano
mr-ravi26,humano
mr-scrpt,humano
mr-short,humano
mr47,humano
mrabuse,humano
mrafei,humano
mralonsocorona,humano
mramadanahmed,humano
mrasadatik,humano
mrasoahaingo,humano
mrassili,humano
mratlamwala,humano
mraxus,humano
mrayushmehrotra,humano
mrazauskas,humano
mrbadri,humano
mrbeardad,humano
mrbing47,humano
mrbirddev,humano
mrcMesen,humano
mrcaidev,humano
mrchief,humano
mrchrmn,humano
mrclay,humano
mrcoles,humano
mrcrazylee,humano
mrcrg,humano
mrdomino,humano
mrdrogdrog,humano
mrduck30,humano
mrdulin,humano
mredigonda,humano
mrfarstad,humano
mrfzd,humano
mrgoonie,humano
mrgwd,humano
mrhaddad,humano
mrhiccup,humano
mrhrifat,humano
mricharz,humano
mridang,humano
mrienstra,humano
mrisoli,humano
mrispoli24,humano
mritgupta,humano
mritzerfeld,humano
mrivotti,humano
mrjackyliang,humano
mrjaiswal122,humano
mrjasonroy,humano
mrjatinduggal,humano
mrjimenez,humano
mrkarimoff,humano
mrkayy,humano
mrkldshv,humano
mrkpatchaa,humano
mrksph,humano
mrkstwrt,humano
mrlemoos,humano
mrloldev,humano
mrlubos,humano
mrluisfer,humano
mrm007,humano
mrmartineau,humano
mrmarufpro,humano
mrmcc3,humano
mrmckeb,humano
mrmeku,humano
mrmos,humano
mrneverflatz,humano
mrnossiom,humano
mrob11,humano
mrobinson537,humano
mrockana,humano
mrodrigues95,humano
mroobert,humano
mrose,humano
mrozbarry,humano
mrpackethead,humano
mrpatrickpilch,humano
mrpeski,humano
mrr11k,humano
mrrau,humano
mrrfv,humano
mrsekut,humano
mrsiclorena12,humano
mrskiro,humano
mrsteele,humano
mrstork,humano
mrsvt,humano
mrswastik-robot,humano
mrtcntn,humano
mrtkrcm,humano
mrtnbroder,humano
mrtnrs,humano
mrtns,humano
mrtnzlml,humano
mruba,humano
mrusmanali,humano
mrwillis,humano
mrwithersea,humano
mrxbox98,humano
mrxsal,humano
mryechkin,humano
mryraghi,humano
mrzarkovic,humano
mrzmyr,humano
mrzslr,humano
ms0ur1s,humano
ms77grz,humano
msaaddev,humano
msabramo,humano
msafi,humano
msajadpourr,humano
msampsontruecar,humano
msand,humano
msanguineti,humano
msanmaz,humano
msauberPrincipal,humano
mschaul,humano
mschilde,humano
mschinis,humano
mschipperheyn,humano
mscottford,humano
msdit,humano
msdlisper,humano
msdrigg,humano
msegers,humano
msell,humano
msenevir,humano
msereniti,humano
msgadi,humano
mshaaban0,humano
mshahulpm,humano
mshahzaib101,humano
mshd,humano
msheakoski,humano
msherer95,humano
mshiyaf,humano
mshockley-nmg,humano
mshokoya,humano
msidqi,humano
msikma,humano
msjdev,humano
msk134,humano
mskarimi,humano
mskp,humano
mskri,humano
mskutle,humano
msl-kabo,humano
msluther,humano
msmichellegar,humano
msmps,humano
msmx-mnakagawa,humano
msnider,humano
msolimans,humano
msoltan2,humano
msp5382,humano
mspangl5,humano
msphn,humano
mspoerer,humano
msquinn,humano
msquitieri,humano
msrcodes,humano
msreekm,humano
msrks,humano
mssaisandeep,humano
mssxmt,humano
mstachalski,humano
mstade,humano
mstn,humano
mstrchng,humano
mstreng-bhs,humano
mstrluke,humano
mstrokin,humano
mstruckus,humano
mstruebing,humano
mstys,humano
msukmanowsky,humano
msundberg,humano
msutkowski,humano
msy7822-ux,humano
msyahidin,humano
mt-bt,humano
mt-deva,humano
mtaeeeeee,humano
mtahagocer,humano
mtannerfors,humano
mtansk,humano
mtaylor567,humano
mtdewulf,humano
mtford90,humano
mthakur5,humano
mthirumalai2905,humano
mthmcalixto,humano
mthuret,humano
mtimmerm,humano
mtimofiiv,humano
mtirmbenton,humano
mtlehtin,humano
mtngoatgit,humano
mtnhld,humano
mtnowl,humano
mtoso,humano
mtr1990,humano
mtrabelsi,humano
mtranter,humano
mtrueblood,humano
mtschuden,humano
mtsewrs,humano
mtsmfm,humano
mtsymlov,humano
mtt786,humano
mtt87,humano
mturac,humano
mtycholaz,humano
mu7amad,humano
mubarakshow,humano
mubashir-zenkoders,humano
mubshrx,humano
mucahidyazar,humano
muchirijane,humano
muckee,humano
muco-rolle,humano
mud-ali,humano
mudai11,humano
mudasir,humano
mudetroit,humano
mudin,humano
muditjaju,humano
mudrila,humano
mudy,humano
muellerluke,humano
muezz,humano
mufaddal7,humano
mufasacubana8-pixel,humano
mufidat3250,humano
mufteev,humano
muftisamiullah,humano
mughalhsm,humano
mugi-uno,humano
muhaimincs,humano
muhajirdev,humano
muhammad syaddad,humano
muhammad-jawad-92,humano
muhammad-saleh,humano
muhammadAhmed3,humano
muhammadfaizan027915,humano
muhammadjufry,humano
muhammadsammy,humano
muhammadsyaddad,humano
muhammadumair12345,humano
muhammadyusuf-kurbonov,humano
muhammadzarif903,humano
muhammedneswine,humano
muhammedogz,humano
muhammetenes,humano
muhammetsait,humano
muhdamean,humano
muhmushtaha,humano
muhsen-albashaireh,humano
muhzulzidan,humano
mujeebdev3,humano
mukarramali,humano
mukeshkr123,humano
mukham12,humano
mukhlisa96,humano
mukuljauhari17,humano
mulfyx,humano
mulgurul,humano
mulholo,humano
mulib,humano
mulikaminker,humano
mulkymalikuldhrs,humano
multipliedtwice,humano
multiwebinc,humano
mulyoved,humano
mumar0223,humano
mundanecoder,humano
mundume,humano
munezerobagira,humano
muningis,humano
munirmuratovic,humano
munish-thakur-dcx,humano
munjalpatel,humano
munkhjin0223,humano
muntamala,humano
muntasirsyed,humano
mununki,humano
muonplus,humano
muou696,humano
muqshots,humano
muqtarah,humano
muradbu,humano
muradsofi,humano
murajun1978,humano
murat-mehmet,humano
muratGG,humano
muratozgul,humano
muratx10,humano
murderteeth,humano
murieldelvaux,humano
murilo1008,humano
murilozilli,humano
murnifine,humano
murongzi,humano
murphpdx,humano
murrowblue22,humano
murtukov,humano
mus-tard,humano
musa-pro,humano
musab,humano
musabhusaini,humano
musaghauri,humano
musahaidari,humano
musemind,humano
muserref-sefer,humano
mushaidul-islam,humano
mushan0x0,humano
musicbender,humano
musjj,humano
muslax,humano
muslu,humano
musme,humano
mustafa-alfar,humano
mustafa-hanif,humano
mustafaKamal-fe,humano
mustafademiray1,humano
mustafahoda,humano
mustafakareem040,humano
mustafaskyer,humano
mustaphaturhan,humano
mustaphazeezat,humano
mustifanci,humano
mustkem,humano
mutasim77,humano
mutebg,humano
mutewinter,humano
muthaiyanmani,humano
muthukumarsp,humano
mutuadavid93,humano
muvaf,humano
muzaf-dev,humano
muzamilabbas,humano
mv-nborrett,humano
mv29,humano
mv5,humano
mvahedii,humano
mvanderkamp,humano
mvanhorn,humano
mvarendorff,humano
mvarendorff2,humano
mvasilkov,humano
mvcruzata,humano
mvdve,humano
mvfsillva,humano
mvgrimes,humano
mvllow,humano
mvording,humano
mvshmakov,humano
mwanjajoel,humano
mward-sudo,humano
mwarger,humano
mwawrusch,humano
mwcbrent,humano
mweibel,humano
mweststrate,humano
mwildehahn,humano
mwilkins91,humano
mwitty,humano
mwkldeveloper,humano
mwlalata,humano
mwmcode,humano
mwmwmw,humano
mwolfeio,humano
mwong-combo,humano
mwritter,humano
mwskwong,humano
mwx0621,humano
mxa0079,humano
mxck,humano
mxdi9i7,humano
mxfp0,humano
mxgnus,humano
mxgnus-de,humano
mxhryvo,humano
mxkyb,humano
mxmnci,humano
mxmtsk,humano
mxmul,humano
mxmzb,humano
mxro,humano
mxs,humano
mxschmitt,humano
mxseev,humano
mxstbr,humano
mxswat,humano
mxvsh,humano
mxydl2009,humano
mxzinke,humano
my-mini-react,humano
myWsq,humano
myabeaver,humano
myagizmaktav,humano
myatminag,humano
myazarc,humano
mybuddymichael,humano
mycalldev,humano
mycatdoitbetter,humano
mycolaos,humano
mydaogs,humano
mydea,humano
mydearxym,humano
mydickassbusiness,humano
myeongjae-kim,humano
myeongwon,humano
myescapekey,humano
myfocus,humano
mygoalistokillbill,humano
myh110,humano
myhearwillgoon,humano
myhendry,humano
mykhailo-motornyi-improveit,humano
mykhailo-zakharov,humano
mykolat,humano
mykyta-hryn,humano
mykytaggwork,humano
mykytayefrueiv,humano
myl7,humano
mylastore,humano
mylesan,humano
mylesthedev,humano
mynameisankit,humano
mynameisthanhdat,humano
mynavitechtus-tydt,humano
myoneflag,humano
myot233,humano
myriky,humano
myrjola,humano
myronng,humano
mys2kor,humano
mysm1999,humano
mysterious-cod1004,humano
mysterybear,humano
mysticaltech,humano
mysticflute,humano
mytchdot,humano
myteax,humano
mythosil,humano
mythz,humano
mytriptt,humano
myudak,humano
myxoh,humano
myxvisual,humano
myylow,humano
myzsqn,humano
mzaidse,humano
mzaien,humano
mzavattaro,humano
mzdm,humano
mzronek,humano
mztnnrt,humano
mzygmunt,humano
mzzfederico,humano
n-glaz,humano
n-ii-ma,humano
n-vigier,humano
n00dl3s,humano
n00el,humano
n1ckoates,humano
n1developer-ubt,humano
n1kio,humano
n1kolayb,humano
n1ru4l,humano
n1xx1,humano
n2k3,humano
n340r,humano
n3ih7,humano
n3oney,humano
n4an,humano
n8agrin,humano
n8jadams,humano
n8sabes,humano
n9ka,humano
nOji,humano
na-ji,humano
na-trium-144,humano
na-zi-ya,humano
na0495,humano
naazim,humano
nabeards,humano
nabettu,humano
nabi-chan,humano
nabilashbat,humano
nabildroid,humano
nabilfatih,humano
nabilk11,humano
nabilnalakath,humano
nabiltntn,humano
nabinked,humano
nabsul,humano
nabtron,humano
nachaos,humano
nachatra-sharma,humano
nachoaldamav,humano
nachodeh,humano
nachogutierrez,humano
nacholupotti,humano
nachthammer,humano
nadam131,humano
nadeem-golflan,humano
nadeemc,humano
nader-zouaoui,humano
nadiatazi262-tech,humano
nadinetetz,humano
nadir,humano
nadun-malinda,humano
naeem-qv,humano
naeem1098,humano
naeemahmedk,humano
nagaozen,humano
nagarajpandith,humano
nagarro-subham,humano
nagata123,humano
nagayev,humano
nagibmahfuj,humano
nagmak,humano
nagman,humano
nahasco,humano
nahat-code,humano
nahidhasan141400,humano
nahsooyeon,humano
nahtnam,humano
nahue,humano
nahuelDev23,humano
nahushf,humano
naiborhujosua,humano
naijab,humano
naimlatifi5,humano
naimulemon,humano
naingarkar,humano
naingaungphyo,humano
naishe,humano
naissa12,humano
naivecoder8080,humano
najandz,humano
najeebputhiyallam,humano
nakamann,humano
nakanoh,humano
nalejandroveron,humano
nalenb,humano
nalfin,humano
nalnir,humano
nam-aalto,humano
namcoder,humano
nameer,humano
nameofname,humano
namesphill,humano
naminator,humano
namln2k,humano
namlq93,humano
namnm,humano
namy16,humano
namycodes,humano
nana4gonta,humano
nandap4790,humano
nanderLP,humano
nandorojo,humano
nandukalidindi,humano
nanduxdev,humano
nanmon,humano
nanomen,humano
nantaphop,humano
nanto,humano
nanzm,humano
naojamg,humano
naolmelesse,humano
naomiHauret,humano
naorye,humano
naota70,humano
napestershine,humano
nappalm,humano
napter,humano
naptestdev,humano
naquiroz,humano
naquiuddin,humano
narasimhajupally,humano
narasimhamurthi,humano
narciero,humano
naregkhodanian,humano
narek1993x,humano
narender1996,humano
narendra-dl,humano
nareshNishad,humano
nareshbhatia,humano
nareshhingorani,humano
nargesdadashi,humano
narikei,humano
naringst,humano
narkowicz,humano
naruaway,humano
narze,humano
nasatome,humano
naseef0,humano
nash-browns,humano
nashyvan,humano
nasiruddin-saiyed,humano
nasiruddinml,humano
nasserghiasi,humano
nassimbenkirane,humano
nassimessaidi,humano
nassmim,humano
nasso,humano
nassosyian,humano
nassud,humano
nastynaz,humano
nat-gaurav-saini,humano
nataliemarleny,humano
natamox,humano
natapg,humano
natashajaved,humano
natechristen,humano
nategarrow,humano
natelaff,humano
natemoo-re,humano
natew,humano
nath-green,humano
nathan-king,humano
nathan1530,humano
nathan2slime,humano
nathanaelphilip,humano
nathanburgess,humano
nathandallaire,humano
nathandaven,humano
nathanelcorpuz,humano
nathanhammond,humano
nathanhleung,humano
nathanielrich,humano
nathanlambert,humano
nathanmarks,humano
nathannewyen,humano
nathanqueija,humano
nathanredblur,humano
nathanrogers6551-web,humano
nathansearles,humano
nathansom,humano
nathantqn,humano
nathsimpson,humano
nativ3-io,humano
nativedone,humano
nativenotifydev,humano
natkaratkova,humano
natrixofficial,humano
natromankevich,humano
natsukacard,humano
natterstefan,humano
nattstack,humano
naufalHaidar12342,humano
naugtur,humano
nauman590,humano
naupaw,humano
naut305,humano
nauvalazhar,humano
navFooh,humano
navandstokes,humano
navanshu,humano
navaru,humano
navata,humano
naveen-bharathi,humano
naveen-polasa,humano
naveen8801,humano
naveendmd,humano
naveenkarmegam,humano
naveenkash,humano
naveennsit,humano
navemos,humano
navidevongit2,humano
navin-moorthy,humano
navinrangar,humano
navivanuva,humano
navossoc,humano
navyasreekokkonda,humano
naward-cs,humano
nawok,humano
naxmefy,humano
nayaabkhan,humano
nayacirdan,humano
nayan2823,humano
nayarahilton,humano
nayeem-klikit,humano
nayounsang,humano
naz,humano
naz3eh,humano
nazaninroozbahani,humano
nazar-pal,humano
nazarepiedady,humano
nazmifeeroz,humano
nazmulfahim,humano
nazmulsisil,humano
nazywamsiepawel,humano
nbarthelemy,humano
nbayat,humano
nbhargava,humano
nblthree,humano
nbolton,humano
nbottarini,humano
nbouvrette,humano
nbsharath,humano
nbxNTC,humano
nc1z,humano
ncarchedi,humano
ncesar,humano
nchaintrade,humano
ncinme,humano
ncls-alien,humano
nclsjstnn,humano
nclsndr,humano
ncn-ends,humano
ncostaramos,humano
ncphi,humano
ncphillips,humano
ncrmro,humano
nctay,humano
nd0ut,humano
ndanvers,humano
ndao,humano
ndavidson-manticore,humano
ndcunningham,humano
ndegealbert,humano
ndejoma,humano
ndekross,humano
ndelangen,humano
ndigirigijohn,humano
ndimatteo,humano
ndizazzo,humano
ndn-rishbh123,humano
ndom91,humano
ndpa,humano
ndrakett,humano
ndreckshage,humano
ndrsllwngr,humano
ndrubyyan,humano
ndt080,humano
ndungtse,humano
nealalpert,humano
nealoke,humano
neanex,humano
neardark,humano
neatonk,humano
neaucode,humano
neb,humano
neb-b,humano
nebnes,humano
nebrekab,humano
nebrius,humano
necccc,humano
necimye,humano
neckaros,humano
necm1,humano
necmettindev,humano
necolas,humano
nectoscorp,humano
ned-kelly,humano
nedcerneckis,humano
nedkelly,humano
needcaffeine,humano
needfulthing,humano
needlesslygrim,humano
neefrehman,humano
neeharv,humano
neekey,humano
neel-gaywala,humano
neelbrahmakshatriya,humano
neenhouse,humano
neeraj022,humano
neeraj3029,humano
neerajkumar61,humano
neerax,humano
neevannv,humano
neg4n,humano
negamaxi,humano
negar-75,humano
negati-ve,humano
negrudev,humano
nehaaprasad,humano
nehanegi7,humano
nehaprasad-dev,humano
neighborhood999,humano
neilDuToit133,humano
neila-a,humano
neilenns,humano
neilff,humano
neilgandhi95,humano
neilhem,humano
neilnahid,humano
neilpalima,humano
neilpoulin,humano
neilzhang618,humano
nejcet,humano
nekinie,humano
nekmart,humano
nekode-dev,humano
nekofar,humano
nekomeowww,humano
nekruza,humano
nelak,humano
nelix,humano
nellysbr,humano
nelopuchades,humano
nelsera,humano
nelsieborja,humano
nelsonfrank,humano
nelsonlaidev,humano
nelsonomuto,humano
nelsudev,humano
neltevreeke,humano
nemanja-tosic,humano
nemanjam,humano
nemmtor,humano
nemwark,humano
nenadVes,humano
nenadfilipovic,humano
nenorrell,humano
nenorrellHound,humano
neo,humano
neo87cs,humano
neoFinch,humano
neochief,humano
neocybereth,humano
neodon,humano
neojpk,humano
neoliao,humano
neomad1337,humano
neon98,humano
neone35,humano
neongreen,humano
neoroma,humano
neoromantic,humano
neos04,humano
neosavvy,humano
neotan,humano
neotrow,humano
nephix,humano
nephlin7,humano
neptunus,humano
nerdogram,humano
nerissa666,humano
nerkn,humano
nero2009,humano
nersoh,humano
nervetattoo,humano
nes123,humano
nesbtesh,humano
nescheytt,humano
nestarz,humano
nestorbfgo,humano
net,humano
netatall,humano
netdown,humano
netergart,humano
netfishx,humano
netmet12,humano
netpedro-com,humano
netrolite,humano
nettum,humano
neu5,humano
neupauer,humano
neuralmanacle,humano
neurolag,humano
nevace,humano
nevenduranec,humano
nevenhsu,humano
neverether,humano
neverfox,humano
nevestuan,humano
nevnein,humano
nevnet,humano
nevolgograd,humano
nevsky118,humano
newbcit,humano
newbeea,humano
newdoo,humano
newerton,humano
newmanga,humano
newme616,humano
newminkyung,humano
newportandy,humano
newpouy,humano
newsiberian,humano
newsroomdev,humano
newswim,humano
newtmex,humano
newtondotcom,humano
newtoniumx3,humano
newtronahmed,humano
newyoung21,humano
nexdrew,humano
nexensys,humano
next-js-bot,bot
next-js-bot[bot],bot
nextjs-bot,bot
nextor2k,humano
nexus6nexus6,humano
nexxss-dev,humano
nezdemkovski,humano
nezzard,humano
nfaltir,humano
nfantone,humano
nfdenuzzo,humano
nfiacco,humano
nfmshow,humano
nford88,humano
nfriedly,humano
nfroidure,humano
nfts2me,humano
ng-hai,humano
ng9000,humano
ngarry,humano
ngauthier,humano
ngdnghia28,humano
nghiepdev,humano
nghiepnguyen520,humano
nghuynh97,humano
nghyane,humano
ngimdock,humano
ngittlen,humano
ngocdd,humano
ngochieuvnu,humano
ngocketit,humano
ngocmobilefolk,humano
ngocnv-0940,humano
ngocphuongnb,humano
ngodacthien,humano
ngolin,humano
ngoov,humano
ngphuc2808,humano
ngprnk,humano
ngroenewold95,humano
ngschaider,humano
nguaman,humano
nguye3hg,humano
nguyen-michael,humano
nguyenbry,humano
nguyenchauhuyen,humano
nguyend91,humano
nguyendangkhanh,humano
nguyenkhois,humano
nguyenphu123,humano
nguyenvanhieu1996,humano
nguyenvanhoang26041994,humano
nguyenvanphuc2203,humano
nguyenvuhoang,humano
nguyenyou,humano
ngwallace,humano
nhanco,humano
nhannah,humano
nhat-em-wick,humano
nhatncb,humano
nhc,humano
nhdong1505,humano
nhducit,humano
nhevia,humano
nhhockeyplayer,humano
nhim175,humano
nhonx,humano
nhooyr,humano
nhronju,humano
nhuethmayr,humano
nhulongctk35,humano
nhutron,humano
nialexsan,humano
niallobrien,humano
nialloc9,humano
niamleeson,humano
nianiam,humano
nianod,humano
nianqing99,humano
nibblesnbits,humano
nibtime,humano
nic,humano
nic-vo,humano
nicbytes,humano
niccai,humano
nicdillon,humano
nice-hang,humano
nicer00ster,humano
nicerr,humano
nicevlhjfihtqngkldl,humano
nicholas-c,humano
nicholas-codecov,humano
nicholas-johnson-techxcel,humano
nicholas-yo,humano
nicholas5538,humano
nicholasalanbrown,humano
nicholasbraun,humano
nicholaschiang,humano
nicholasdgoodman,humano
nicholasdickey,humano
nicholasgriffintn,humano
nicholasio,humano
nicholasitnikov,humano
nicholasmordecai,humano
nicholasruggeri,humano
nicholatian,humano
nicitaacom,humano
nick-barth,humano
nick-cheatwood7,humano
nick-haiar-home,humano
nick-instant,humano
nick-myers-dt,humano
nick-siheti,humano
nick-skriabin,humano
nick-thompson,humano
nick20name17,humano
nick4fake,humano
nick964,humano
nickLeidman,humano
nickadamson,humano
nickali2,humano
nickatrokit,humano
nickbabcock,humano
nickbender,humano
nickbuckham,humano
nickcanarelli,humano
nickdandakis,humano
nickderobertis-ch,humano
nickdima,humano
nickelghost,humano
nickerlan,humano
nickfreemandesign,humano
nickgieschen,humano
nickhac,humano
nickhow83,humano
nickjackson,humano
nickkosmides,humano
nickland03,humano
nicklaunches,humano
nicklouloudakis,humano
nickluger,humano
nickmarca,humano
nickmarlou,humano
nickmflorin,humano
nickmurr,humano
nickngqs,humano
nicknotfun,humano
nicko-ai,humano
nicko84,humano
nickoh-821,humano
nickolaj-jepsen,humano
nickorsk2017,humano
nickpassarella,humano
nickredmark,humano
nickretallack,humano
nickroberts,humano
nickrttn,humano
nicksan222,humano
nicksergeant,humano
nickserv,humano
nicksiscoe,humano
nicksrandall,humano
nicktaras,humano
nicktate,humano
nickthegroot,humano
nickverstocken,humano
nickwesselman,humano
nickwild-999,humano
nickwinger,humano
nicky2473,humano
nickythorne,humano
nicnocquee,humano
nico-abram,humano
nico-bachner,humano
nicoalbanese,humano
nicoasdd,humano
nicobarray,humano
nicobertolucci,humano
nicobohne,humano
nicoflojo,humano
nicogulo,humano
nicoknoll,humano
nicolaeser,humano
nicolaniro,humano
nicolas-98,humano
nicolas-angelo,humano
nicolas-cusan,humano
nicolas-vivot,humano
nicolascavallin,humano
nicolaserny,humano
nicolasflorth,humano
nicolasgarfinkiel,humano
nicolasguasca1,humano
nicolaslima321,humano
nicolasmn,humano
nicolaspita,humano
nicolasrouanne,humano
nicolassanmar,humano
nicolasthy,humano
nicolastoulemont,humano
nicolaturcato,humano
nicole0707,humano
nicolemachado,humano
nicollecastrog,humano
nicolo-ribaudo,humano
nicolo-tito,humano
nicoloboschi,humano
nicomatsmart,humano
nicopadu,humano
nicoqh,humano
nicosh,humano
nicosommi,humano
nicospoke,humano
nicotsx,humano
nicreaskdjasd,humano
nicu-chiciuc,humano
nicvazquez,humano
nidegen,humano
nidheeshdas,humano
nidhipawar5,humano
nidhishgajjar,humano
niecnasowa,humano
niedfelj,humano
nielpal99,humano
niels-bosman,humano
niels-k-86,humano
nielsreijnders,humano
nielswijers,humano
niemal,humano
niemiaszek,humano
nietkov,humano
nifklas,humano
nigelwtf,humano
nightspite,humano
nihaddev,humano
nihakue,humano
nihgwu,humano
niicode,humano
niicojs,humano
niimurank,humano
nik-john,humano
nik-rev,humano
nik0145,humano
nik32,humano
nika-guladishvili,humano
nikarc,humano
nikcio,humano
nikdev15,humano
nike1v,humano
nikeblaze,humano
nikechanhk,humano
nikelborm,humano
niketchandivade,humano
nikfadnis,humano
nikhcevov,humano
nikhil-cw,humano
nikhil-nibhoria,humano
nikhil-patel-whatnot,humano
nikhilambre,humano
nikhiledmingle,humano
nikhilgoswami,humano
nikhilgupta16,humano
nikhils4,humano
nikhilsnayak,humano
nikhiltech,humano
nikifutaki,humano
nikita-ks,humano
nikita-s-sauce,humano
nikita2090,humano
nikitafloy,humano
nikitanagar08,humano
nikitauskas,humano
nikitindiz,humano
nikitowsky,humano
nikivdev,humano
nikkiselev,humano
nikkizol,humano
nikkufans,humano
niklasbec,humano
niklasgrewe,humano
niklash99,humano
niklasravnsborg,humano
niklauslee,humano
nikmatswace,humano
niko-achilles,humano
niko-la-petrovic,humano
niko20,humano
nikodunk,humano
nikoferro,humano
nikogenix,humano
nikoladev,humano
nikolaf994,humano
nikolai-tatianenko,humano
nikolailehbrink,humano
nikolajordanovski,humano
nikolajvonholck,humano
nikolakanacki,humano
nikolay,humano
nikolay-gipp-sibe,humano
nikolay-sinenko,humano
nikolay59088,humano
nikolayemrikh,humano
nikolaykrashnikov,humano
nikolovlazar,humano
nikonakoneko,humano
nikosantis,humano
nikp29,humano
nikravi,humano
niksajanjic,humano
niksbanna,humano
nikshepsvn,humano
niksurff,humano
nikushx,humano
nikxsol,humano
nil1511,humano
nilanjansiromani,humano
nilankar19,humano
nilbuild,humano
nileriver2323,humano
nileshparwan,humano
nileshtrivedi,humano
nileshzala005,humano
nillpoe,humano
niloofarmzr,humano
nilportugues,humano
nilscox,humano
nilsgehlin,humano
nilshartmann,humano
nilskaspersson,humano
nilsmehlhorn,humano
nilsnh,humano
nim442,humano
nima-ca,humano
nimaa77,humano
nimabrownlee,humano
nimeshakya,humano
nimit95,humano
nimitwalia89,humano
nimobeeren,humano
nina-alin,humano
ninesalt,humano
ningo-agilityio,humano
ninja-,humano
ninjapayofficial,humano
ninjarogue,humano
ninjasort,humano
ninjawhocodes,humano
ninohx96,humano
ninsau,humano
nip10,humano
nipoo8,humano
nipunahh,humano
nipunaror,humano
nir099,humano
niraj-khatiwada,humano
niralivasoya,humano
niranjan94,humano
niravGV,humano
nirbenya,humano
nirh1989,humano
nirnejak,humano
nirtamir2,humano
nirupam-06,humano
nirus,humano
nirvanka,humano
nirvikpurkait,humano
nisabmohd,humano
nisan1337,humano
nisargrthakkar,humano
nishant-10,humano
nishant-dani,humano
nishant-k1,humano
nishant2253,humano
nishitaniyuki,humano
nishtacular,humano
nisithaD,humano
nissy-dev,humano
nisuJaiswal,humano
nitaking,humano
nitayStain,humano
nitesh-000,humano
nitesh-chowdhary,humano
niteshbalusu11,humano
niteshseram,humano
niteshsrivats,humano
nithin-murali-arch,humano
nithiwatter,humano
nitin-malhotra,humano
nitin1kum,humano
nitinTJ,humano
nitindhar7,humano
nitipat009,humano
nitlix,humano
nitlott,humano
nitz-iron,humano
nitzel,humano
nivak-monarch,humano
nivapo95,humano
niveditn,humano
niveshdandyan,humano
niwaa,humano
niwsa,humano
nix6839,humano
nixjs,humano
niz11,humano
nizioleque,humano
njarraud,humano
njbarrett,humano
njbrown,humano
njdowdy,humano
njdullea,humano
njfdev,humano
njfix6,humano
njh7799,humano
njj,humano
njmh,humano
njoshi22,humano
njungenjenga,humano
njustice4all,humano
nk1tz,humano
nk980113,humano
nkalinov,humano
nklswbr,humano
nkovacic,humano
nkpgardose,humano
nkrivous,humano
nktnet1,humano
nkzawa,humano
nlaitan,humano
nlaky1,humano
nlevchuk,humano
nlimpag07,humano
nlindema,humano
nlopin,humano
nlwillia,humano
nlynzaad,humano
nm2501,humano
nmaddp1995,humano
nmalyarsky,humano
nmastroianni,humano
nmcc1212,humano
nmcdaines,humano
nmengual,humano
nmenic01,humano
nmgix,humano
nmhieu1896,humano
nmiddendorff,humano
nmilcoff,humano
nmilenkovic,humano
nmitic,humano
nmn,humano
nmokkenstorm,humano
nmoreaud,humano
nmpatzios,humano
nmspatox,humano
nnamua,humano
nnecec,humano
nnennajohn,humano
nnenoix,humano
nnmax,humano
nnnnoel,humano
nns2009,humano
nnt25251325,humano
nnurmano,humano
no-yan,humano
noah-rss,humano
noahebrooks,humano
noahfschr,humano
noahgels,humano
noahpollocktech,humano
noahsilas,humano
noahsmartin,humano
noahtallen,humano
noahweingand,humano
noaione,humano
noam-honig,humano
noamtal21,humano
nobletom123,humano
noblica,humano
nobu-sh,humano
nobu222,humano
noc2spam,humano
nocategory,humano
noccer,humano
nocell,humano
noclat,humano
nocodehummel,humano
nodabladam,humano
nodegin,humano
nodeworks,humano
nodkz,humano
noehoro,humano
noejon,humano
noeljackson,humano
noelzubin,humano
noetix,humano
nofalx,humano
nohorbee,humano
nohr,humano
noidar,humano
nol13,humano
nolafs,humano
nolannbiron,humano
nolostra,humano
nomandhoni-cs,humano
nomtats,humano
none23,humano
nonnontrivial,humano
nonoakij,humano
nononcrust,humano
nonoumasy,humano
nontachaiwebdev,humano
nooblyf,humano
noobnoobdc137,humano
noobyogi0010,humano
noodlemind,humano
nooobcoder,humano
noor-codes,humano
nooraldarraji,humano
noori-codes,humano
nopelluhh,humano
nopol10,humano
nora,humano
nora-soderlund,humano
norayr93,humano
norbertbiro,humano
norbertkovacs95,humano
norbusonam,humano
nordowl,humano
noreiller,humano
noreplydev,humano
norfish,humano
norio-club,humano
normanaranez,humano
normanr,humano
normdoow,humano
normenster,humano
norrisjeremy,humano
norvinteo,humano
noslouch,humano
nosovandrew,humano
nosovandriy,humano
nostalgiaz,humano
not,humano
not-vainglorious,humano
notEpsilon,humano
notacouch,humano
notatestuser,humano
notdotscott,humano
notflip,humano
nothumbee,humano
notiles,humano
notlikethiss,humano
notomo,humano
notrab,humano
notsu,humano
notthatnathan,humano
nottnt,humano
notwatermango,humano
noughts,humano
novascreen,humano
novazembla,humano
novellito,humano
noveogroup-amorgunov,humano
noviceGuru,humano
novikdev,humano
noway,humano
nowaythatworked,humano
nowlena,humano
nowseemee,humano
noxan,humano
noxd3v,humano
noxecane,humano
noxzym,humano
noyandey88,humano
noyobo,humano
nozreh,humano
npa-axelor,humano
nparoski,humano
npearson72,humano
nperez0111,humano
nphmuller,humano
npostulart,humano
npyl,humano
nqhd3v,humano
nqsjd178559344,humano
nrako,humano
nrakochy,humano
nramkissoon,humano
nratter,humano
nrempel,humano
nring,humano
nrjdalal,humano
nroland013,humano
nrowan,humano
ns-ylmz,humano
ns1000,humano
nsaicharan,humano
nsajdok,humano
nsams,humano
nsantini,humano
nsaunders,humano
nsmith7989,humano
nsreekum,humano
nstfkc,humano
nsturdivant,humano
nsylke,humano
nt,humano
nt-tuan,humano
ntaranov,humano
ntatov,humano
ntd,humano
ntduyfit,humano
ntgussoni,humano
ntharim,humano
nthieu1332002,humano
nthock,humano
ntkoopman,humano
ntltd,humano
ntm-source,humano
ntnbst,humano
ntnzzv,humano
ntotten,humano
ntsim,humano
nttminh,humano
ntuckertriplet,humano
ntwcklng,humano
ntwoss,humano
nu-dmm,humano
nuanyang233,humano
nubpro,humano
nucleartux,humano
nuclei272,humano
nuflowx,humano
nuintun,humano
nukisman,humano
nukkamoto,humano
nul800sebastiaan,humano
nullCode666,humano
nullablebool,humano
nullhook,humano
nullish-dev,humano
numbofathma,humano
numito,humano
numman-ali,humano
nummi,humano
nunesmatheus,humano
nunesunil,humano
nunocasteleira,humano
nunoferna,humano
nunoplima,humano
nunsie,humano
nuntax,humano
nuotsu,humano
nurakhmetk,humano
nuriun,humano
nursahketene,humano
nurullah,humano
nusr,humano
nuta,humano
nuuou,humano
nvaken,humano
nvartolomei,humano
nvegater,humano
nvh3011,humano
nvh95,humano
nvhai245,humano
nvme0,humano
nvqchau,humano
nvsang2000,humano
nvsd,humano
nvtestflt03-hash,humano
nvuhung,humano
nvzoll,humano
nwalters512,humano
nwang92,humano
nwankwo-ikemefuna,humano
nwesthoff,humano
nwleedev,humano
nwongx,humano
nwshane,humano
nx-dariomunoz,humano
nx-giap,humano
nx-jan-fischer,humano
nx23,humano
nxl3477,humano
nxtvoid,humano
nxxkap,humano
nyablonskyi360,humano
nyambura00,humano
nyarthan,humano
nyck33,humano
nyedidikeke,humano
nyfever007,humano
nyg,humano
nyinyithann,humano
nykula,humano
nylla8444,humano
nynevi,humano
nyura123,humano
nyuta01,humano
nyxb,humano
nyxkrage,humano
nzjoel1234,humano
nzkdevsaider,humano
o-faro,humano
o-su,humano
o-t-w,humano
o-v-t,humano
o-yermolenko,humano
o1Suleyman,humano
o2sevruk,humano
o92,humano
oBusk,humano
oMatej,humano
oSethoum,humano
oaa97181,humano
oagix,humano
oahehc,humano
oak93,humano
oamjadi,humano
oarthursilva,humano
oayoub84,humano
oba-m-gnavi,humano
obada-jaras,humano
obanec,humano
obedm503,humano
obedparla,humano
obendev,humano
obetoferreira,humano
obfuscatedgeek,humano
obfuscatedgenerated,humano
obibring,humano
obiwac,humano
obolland,humano
observerkei,humano
obtusei,humano
obu90210,humano
obzva,humano
ocasiom,humano
ocavue,humano
oceandrama,humano
oceanvievv,humano
ocetnik,humano
ocgames2021,humano
ochamekan,humano
ocleo1,humano
ocodista,humano
octal-laurence,humano
octane96,humano
octavian-regatun,humano
octavio-kakashi,humano
octavioamu,humano
octet-stream,humano
octodhruv,humano
octogonz,humano
octovolt,humano
ocunex,humano
odannyc,humano
odaysec,humano
odaytelbany,humano
odc-john,humano
oddcitizenape,humano
oddnavy,humano
oddsund,humano
ode96-dev,humano
odelmarcelle,humano
odemian,humano
odensc,humano
odinahka,humano
odincov,humano
odincreek,humano
odinuge,humano
odinugel,humano
oduntane,humano
odysseaspapadimas,humano
oeduardoal,humano
oeken,humano
oelbaga,humano
oeyoews,humano
oezi,humano
ofarukcaki,humano
ofersadgat,humano
ofershap,humano
offero,humano
offfffz,humano
offgriddev,humano
official-MKV,humano
officialrajdeepsingh,humano
offminded,humano
offsechq,humano
offwork,humano
ofhouse,humano
ofirelarat,humano
og2t,humano
ogabasseyy,humano
ogelami,humano
ogi-joo,humano
ogmzh,humano
ognitio-technologies,humano
ogostos,humano
ograycode,humano
ogrodev,humano
ogsholzy,humano
oguemon,humano
oguzhanmeteozturk,humano
oguzzkilic,humano
ohabash,humano
ohad6k,humano
ohana54,humano
ohcedar,humano
ohecker,humano
ohjeyong,humano
ohkimur,humano
ohueter,humano
oidacra,humano
oidualc,humano
oil666oil,humano
oioki,humano
oitan,humano
oiva,humano
ojj1123,humano
okadan,humano
okadriu,humano
okaforcj,humano
okanbarlas,humano
okandship,humano
okanji,humano
okankayhan,humano
okassabi,humano
okaysuper,humano
okbel,humano
okbeng03,humano
okbrown,humano
okcoker,humano
okeeffed,humano
okeegan,humano
okerx,humano
okeybond,humano
okhomenko,humano
okinawaa,humano
okisdev,humano
okmttdhr,humano
"okmttdhr, okp",humano
okngnr,humano
oknoorap,humano
okonet,humano
okose-me,humano
okoyecharles,humano
okumaru,humano
okunamayanad,humano
okuryu,humano
okxint,humano
okyping,humano
olabrahmi,humano
olafur164,humano
olafurns7,humano
olaitan6201,humano
olaj,humano
olalekanteeblaze,humano
olalonde,humano
olarra,humano
olastor,humano
olasundell,humano
olavfosse,humano
olavocarvalho,humano
olci34,humano
oldium,humano
oldo,humano
oldsokkett,humano
ole-treichel,humano
olee,humano
olegKusov,humano
olegakbarov,humano
oleggrishechkin,humano
olegkshlkv,humano
olegshilov,humano
olegyablokov,humano
oleh-kolinko,humano
olehakon,humano
olehhnat,humano
oleics,humano
olejbl,humano
olek-es,humano
oleksify,humano
oleksii-dibrova-dnc,humano
oleksii-lukin,humano
oleksiimazurenko,humano
olekszij,humano
oleshkooo,humano
olgn,humano
olifante,humano
olikami,humano
olingern,humano
olistic,humano
olivarity,humano
olivebay,humano
oliveflow,humano
oliveirabruno01,humano
oliveiracaue,humano
oliver-oloughlin,humano
oliver021,humano
oliverbenns,humano
olivererdmann,humano
oliverjam,humano
oliverjohns,humano
oliverkidd,humano
oliverlaz,humano
olivermontalbano,humano
oliverpaulsen,humano
oliversoar,humano
olivier-voutat,humano
olivierbrcknr,humano
olivierlesnicki,humano
olivierpascal,humano
olivierr91,humano
oliviertassinari,humano
oliviupis,humano
olizilla,humano
oljimenez,humano
olko404,humano
ollebergkvist,humano
ollieedgeley,humano
olliejm,humano
olliethedev,humano
ollyw,humano
olowoseun,humano
olpeh,humano
olros,humano
olrtg,humano
olsavmic,humano
olsio,humano
olso,humano
olsonpm,humano
oluan,humano
olup,humano
olynexweb,humano
omAtDV,humano
omBratteng,humano
omadihyphen,humano
omahs,humano
omaksi,humano
omar-bz,humano
omar-dulaimi,humano
omar2205,humano
omarabid,humano
omarciovsena,humano
omardieh,humano
omareg94,humano
omareltomy,humano
omaressaouaf,humano
omarestrella,humano
omarhoumz,humano
omariosouto,humano
omarish,humano
omarkhatibgg,humano
omarkilani,humano
omarmciver,humano
omarqra,humano
omarryhan,humano
omarshehab221,humano
omasher,humano
omateusanjos,humano
omatheusant,humano
omburj,humano
omdmhd,humano
omeersari,humano
omegadeep10,humano
omendez85,humano
omer-ayhan,humano
omer-mizrahi,humano
omer-os,humano
omeraplak,humano
omerchn,humano
omerdn1,humano
omerfaran,humano
omergencoglu,humano
omerman,humano
omermecitoglu,humano
omermizr,humano
omerp-explorium,humano
omgMath,humano
omgcyrilic,humano
omgovich,humano
omgpointless,humano
omidantilong,humano
omkarkhallar,humano
omnibusinc,humano
omonk,humano
omozokelvin,humano
omprakash970,humano
omriattiya-il,humano
omryshap,humano
on3dd,humano
onFire(Abhi),humano
onahmed,humano
onchainguy-btc,humano
onderonur,humano
ondery,humano
ondrej-langr,humano
ondrejsika,humano
ondrejvelisek,humano
one-pieces,humano
onehitdragon,humano
onethread,humano
oneyoung19,humano
onfirelee-design,humano
onggunhao,humano
onigoetz,humano
onike14,humano
onmax,humano
onnao,humano
onomated,humano
onomatopoetry,humano
onopko81,humano
onryldrm025,humano
onsombal,humano
onufriievkyrylo,humano
onukwilip,humano
onurcagan,humano
onurcipe,humano
onurravli,humano
onurtemiz,humano
onvlt,humano
ony3000,humano
onyxdevs,humano
ooHmartY,humano
ooVictorFranco,humano
ooade,humano
oof2win2,humano
oolokioo7,humano
oooo12-git,humano
oop39391-bot,humano
oopsio,humano
oosawy,humano
ootkin,humano
oowldev,humano
ooyarce,humano
ooyay,humano
op2rules,humano
opapa88,humano
opefyre,humano
opendeluxe,humano
opeologist,humano
ophilbinbriscoe,humano
ophirbucai,humano
opiation,humano
opnay,humano
opolo,humano
opqpop,humano
opr-inzn,humano
ops-gaurav,humano
opswiz,humano
optanwar,humano
optimalstrategy,humano
optimisticupdate,humano
optimistiks,humano
optimizfx,humano
optimusprime619,humano
optojack,humano
opudalo,humano
oquirozm,humano
orYoffe,humano
oracularhades,humano
orafaelfragoso,humano
orajiaku,humano
oran1248,humano
orangecoloured,humano
oranoran,humano
orassayag,humano
orbiteleven,humano
orcunbalcilar,humano
orcwarrior,humano
orelhochenboym,humano
orels1,humano
orenlande,humano
orenmizr,humano
orenyomtov,humano
oreqizer,humano
organdonor47,humano
orhanmaden,humano
ori-kim,humano
orian,humano
oridori2705,humano
orifmilod,humano
origamium,humano
orinokai,humano
oriolcollell,humano
oriolcp,humano
oriolgm,humano
orionmiz,humano
oritwoen,humano
oriverk,humano
orjerby,humano
orlandina,humano
orlandozeta,humano
orlin,humano
ormanlis,humano
ormulari,humano
ornakash,humano
orneryd,humano
ornous,humano
orpheus,humano
orrymr,humano
orszaczky,humano
orta,humano
ortonomy,humano
orvn,humano
orxanaliyev,humano
orzarchi,humano
orzechdev,humano
orzklv,humano
osadchiynikita,humano
osama554,humano
osamasayed,humano
osanchezestoko,humano
osartun,humano
osasido,humano
osbyrne,humano
oscar-b,humano
oscar-gallog,humano
oscaralderete,humano
oscardabbles,humano
oscargws,humano
oscarmairey,humano
oscarsson444,humano
oscartbeaumont,humano
oscarthroedsson,humano
oscarvaldezg,humano
oschleic,humano
oscr,humano
osddeitf,humano
osdevisnot,humano
osdiab,humano
osehmathias,humano
oseisaac,humano
osequi,humano
oshdev,humano
osheaoshea,humano
oshosh,humano
osj2507,humano
oskari,humano
oskarscholander,humano
oskkos,humano
osmandvc,humano
ospira,humano
ossaidqadri,humano
ossan-engineer,humano
ossterv,humano
ost-ing,humano
oste,humano
osterbaer,humano
ostrichegret,humano
ostseb,humano
osulli,humano
osvaldovega,humano
oswaldoacauan,humano
osym,humano
otabekoff,humano
otakutyrant,humano
otavioalmeidatc,humano
otaviosoares,humano
otienowillys,humano
otospector,humano
otoxiep95,humano
otoyo,humano
otrebu,humano
ottetz,humano
ottob,humano
ottoinfo,humano
ottomated,humano
ottovw,humano
ouedyan,humano
oufeng,humano
oussamaelhajoui,humano
outdooricon,humano
outdoteth,humano
outerlook,humano
outslept,humano
ouxu,humano
ovasylenko,humano
overide,humano
overkazaf,humano
overlookmotel,humano
overtune,humano
ovflowd,humano
ovidb,humano
ovidiuch,humano
oviirup,humano
ovionlogis,humano
ovogmap,humano
ovy9086,humano
owaishanif786,humano
owen26,humano
owenallenaz,humano
owenfarrell,humano
owenniblock,humano
owennicoljlp,humano
owenpearson,humano
owjs3901,humano
owlpro,humano
owonwo,humano
oxc,humano
oxedom,humano
oxilor,humano
oxuk85,humano
oxxd,humano
oyatek,humano
oyeanuj,humano
oyi77,humano
oyzhen,humano
ozamorowski,humano
ozanservet,humano
ozansevkin,humano
ozanusug,humano
ozanyusufoglu,humano
ozavodny,humano
ozcancelik,humano
ozd3v,humano
ozergul,humano
ozgur-shape,humano
ozguruysal,humano
ozluy,humano
ozthekoder,humano
ozzy1136,humano
ozzyfromspace,humano
ozzyonfire,humano
p-chan,humano
p-chief,humano
p-iknow,humano
p-j,humano
p-janik,humano
p00000001,humano
p0zi,humano
p11yalex,humano
p11yovidiu,humano
p13lgst,humano
p4rtridge,humano
p6l-richard,humano
p810,humano
pAditya198,humano
pBread,humano
pPanda-beta,humano
pa-rang,humano
pa4080,humano
paOol,humano
paaauldev,humano
paaggeli,humano
paales,humano
paambaati,humano
paarthmadan,humano
paataD,humano
paavole,humano
pabl-o-ce,humano
pabloat81,humano
pablobiosca,humano
pablobvch,humano
pablocdev,humano
pablodavila95,humano
pablodecm,humano
pablodelfante,humano
pablofdezr,humano
pablohpsilva,humano
pablohpsilva-forjnetwork,humano
pabloimrik17,humano
pabloiocampo,humano
pablojsx,humano
pablolizardo,humano
pablolucio97,humano
pablopunk,humano
pablorm296,humano
paboulos,humano
pabx12,humano
pacexy,humano
pachoclo,humano
packetstracer,humano
pacocoursey,humano
pacoorozco,humano
pacorroX,humano
pacoyang,humano
pacxiu,humano
padmaia,humano
padmakr,humano
padmapriyar04,humano
padupuy,humano
paescuj,humano
paesvitor,humano
pago,humano
pahan35,humano
pahaz,humano
paigecwilley,humano
paigekim29,humano
paintedbicycle,humano
pajecawav,humano
pak-ferry,humano
pak11273,humano
pakaponk,humano
pakeerathanchandrabalael,humano
pakerhoi,humano
palafoxernesto,humano
palaklive,humano
palamago,humano
palatinga,humano
palbrecht1,humano
paleite,humano
palerdot,humano
pallabcodes,humano
palmamartin,humano
palmer-cl,humano
palmiak,humano
palminha,humano
palmithor,humano
palockocz,humano
paluchi,humano
pames,humano
pan100,humano
pan93412,humano
panbanda,humano
pand-app,humano
panda-geant,humano
pandaman64,humano
pandanoir,humano
panddr,humano
panghaoyuan,humano
panghongye,humano
pangolingo,humano
pangxiaolong,humano
panieldark,humano
pankaj1433,humano
panoskouff,humano
panoslympe,humano
panta82,humano
pantajoe,humano
pantchox,humano
panteliselef,humano
pantharshit00,humano
panthony,humano
pantoninho,humano
panukettu,humano
panva,humano
panzacoder,humano
paolomainardi,humano
paolomangiadev,humano
paolommj,humano
paoloricciuti,humano
paolotiu,humano
papadavis47,humano
paperclover,humano
paperdota,humano
paperpluto,humano
papertiger12,humano
papertokyo,humano
pappricot,humano
paprikka,humano
papsavas,humano
paqstd-dev,humano
para27rsh,humano
paraboom,humano
parabuzzle,humano
paradite,humano
paradoxloop,humano
paragkatoch,humano
paralin,humano
paramaggarwal,humano
paramoshkinandrew,humano
paranoidjk,humano
parceldetect,humano
parcelgraph,humano
parhammmm,humano
parikkap,humano
parirox,humano
paritosh-34,humano
parixscm,humano
parkeragee,humano
parkerhutchinson,humano
parkerproject,humano
parkgang,humano
parkhojeong,humano
parkjoon,humano
parlato-vooma,humano
parlay96,humano
parondeau,humano
parrisvarney,humano
parrotft01,humano
parsadotsh,humano
parsakhosravani,humano
parsasabetz,humano
parthak-cognifin,humano
parthikjadav,humano
parthlogicwind,humano
parthy007,humano
partykyoung,humano
parvathi-xflowpay,humano
parvit,humano
parweb,humano
pascalhoenemann,humano
pascalroget,humano
pascalstr,humano
pascavi,humano
paschaldev,humano
paschalidi,humano
paschun,humano
pascual-cano-allhuman,humano
pashazel,humano
pasicopan,humano
pasindu-pr,humano
passariello,humano
pastarita,humano
pat-mw,humano
pat1379,humano
pat22292,humano
patateskafa,humano
pateketu,humano
pateljoel,humano
patelvivekdev,humano
patheticGeek,humano
pathikdevani,humano
pathliving,humano
patientplatypus,humano
patik,humano
patilanz,humano
patjakubik,humano
patlillis,humano
patotoma,humano
patrbeck,humano
patricebeutler,humano
patricijo,humano
patriciomase,humano
patrick-mcdougle,humano
patrick-moore,humano
patrick-samy,humano
patrick91,humano
patrickbense,humano
patrickdundas,humano
patrickedqvist,humano
patrickgwsmith,humano
patrickhulce,humano
patricklafrance,humano
patricklucas,humano
patrickmccallum,humano
patrickry07,humano
patricksolka,humano
patrickswedish,humano
patricktansg,humano
patricktyndall,humano
patriksimms,humano
patroza,humano
patryk-janik,humano
patrykluba,humano
patrykmaron,humano
patrykszwed,humano
pats,humano
patshologram,humano
patte,humano
pattiereaves,humano
patwritescode,humano
pauIostrovckij,humano
pauek,humano
pauksztello,humano
paul-brumder,humano
paul-creates,humano
paul-leathwood,humano
paul-pro,humano
paul-sachs,humano
paul-vd,humano
paul-veevers,humano
paulbjensen,humano
paulboony,humano
paulbrie,humano
paulbrimicombe,humano
paulcnichols,humano
paulcoyle,humano
paulcushing,humano
pauledwards241,humano
paulgaumer,humano
paulgreg,humano
paulgrieselhuber,humano
paulhchoi,humano
paulhmurray,humano
paulina-grunwald,humano
paulinavita,humano
paulislava,humano
paulius-ruminas-nfq,humano
paulius1990,humano
pauliusef,humano
pauliusuza,humano
paulkre,humano
paulm17,humano
paulmbw,humano
paulmelnikow,humano
paulmillr,humano
paulmolluzzo,humano
paulmuenzner,humano
paulnbrd,humano
paulobarcelos,humano
paulogaspar7,humano
paulogdm,humano
paulohp,humano
paulomfr,humano
paulomunoz,humano
paulovictor237,humano
paulpopus,humano
paulschneider,humano
paulshorey,humano
paulsouche,humano
paulsp94,humano
paultnylund,humano
paulvanbrenk,humano
paulwehner,humano
paulwongx,humano
paulxuca,humano
paulyi,humano
paulyoung5,humano
paulzakin,humano
pav-w,humano
pavan-sagar,humano
pavan-sh,humano
pavanetti,humano
pavankjadda,humano
pavanpodila,humano
pavantekal,humano
pavel-krasnov,humano
pavel-pargachev,humano
pavel06081991,humano
pavelbe,humano
pavelbelyaev98,humano
pavelee,humano
pavelglac,humano
pavelkornev,humano
pavelsavva,humano
pavelspichonak,humano
pavelzubov,humano
paviln,humano
pavinduLakshan,humano
pavittarx,humano
pavlos256,humano
pavlosantoniou13,humano
pavlovoloshchukbeetroot,humano
pavnesh-c,humano
pawan-soni,humano
pawanbana,humano
pawanrana1992,humano
pawelbajgrowicz,humano
pawelblaszczyk5,humano
pawelhoros,humano
pawelkaliniakit,humano
pawelmidur,humano
pawelphilipczyk,humano
pawix135,humano
pawlarius,humano
pawpaw2022,humano
paxelpixel,humano
paxmalipetek,humano
payamtrack,humano
payapula,humano
payns75,humano
pbartkowiak-fandom,humano
pbell23,humano
pborreli,humano
pboyer,humano
pbredenberg,humano
pbright,humano
pbrissaud,humano
pbs-jmo,humano
pbteja1998,humano
pbuda,humano
pburrows,humano
pbzona,humano
pc-erin,humano
pcardune,humano
pcaversaccio,humano
pcdesignstx,humano
pcfields,humano
pcgeek86,humano
pchab,humano
pcho,humano
pchunky,humano
pcjmfranken,humano
pckilgore,humano
pcmaffey,humano
pconcurrently,humano
pcreehan,humano
pcwa-ahendricks,humano
pd-smith,humano
pd2xts,humano
pdcarroll,humano
pddigital,humano
pdelfan,humano
pdevito3,humano
pdhoward,humano
pdini,humano
pdkn,humano
pdll,humano
pdlug,humano
pdong,humano
pdoreau,humano
pdparchitect,humano
pdrbrnd,humano
pdugan20,humano
pdusen,humano
pdw207,humano
pe-s,humano
peabnuts123,humano
peakercope,humano
pealmeid,humano
pearcircuitmike,humano
pebcakerror,humano
pecoram,humano
peculiarity,humano
pederklev,humano
pedoch,humano
pedro-surf,humano
pedro757,humano
pedroSoaresll,humano
pedroalmeida415,humano
pedroapfilho,humano
pedrobando,humano
pedroct92,humano
pedroeckel,humano
pedrofrxncx,humano
pedrogmbh,humano
pedrohenriquebraga,humano
pedrohmelo,humano
pedrolucas167,humano
pedrolvr,humano
pedromagalhaes,humano
pedronastasi,humano
pedronauck,humano
pedroota,humano
pedropbazzo,humano
pedrorebelocosta,humano
pedroresende,humano
pedroromeiro,humano
pedrorosaes,humano
pedrosodre,humano
pedrosorrentino,humano
pedrouzcategui,humano
pedrowase,humano
peduarte,humano
peec,humano
peerjollux,humano
peetjvv,humano
pegiadise,humano
peguerosdc,humano
pehtoorismies,humano
pei-tinybird,humano
peibolsang,humano
peiris,humano
peka2,humano
pekac,humano
pekarja5,humano
pelachile,humano
pelhage,humano
pelicanch1k,humano
pellejacobs,humano
pemrouz,humano
penberg,humano
pencilcheck,humano
pengshaosu,humano
pengsy94,humano
penguyen72,humano
penicillin0,humano
pennwu1,humano
penspinner,humano
penx,humano
peon-root,humano
pepegc,humano
pepelele,humano
pepew-le-boss,humano
pepf,humano
pepijn-vanvlaanderen,humano
pepoeverton,humano
pepper11com,humano
peppermint-juli,humano
peppymon,humano
peps,humano
pepsdeveloper,humano
pepsivontwist,humano
peraknezevic,humano
peraltafederico,humano
percy507,humano
perevernihata,humano
performautodev,humano
perhp,humano
periface,humano
perjansson,humano
perjg,humano
perkinsjr,humano
perkrlsn,humano
perosa100,humano
perosb,humano
perryhong,humano
perryraskin,humano
persocon,humano
perumaltcs,humano
pesakitan22,humano
pesho,humano
pessato,humano
pessjr,humano
petamoriken,humano
pete-willard,humano
petec-ge,humano
petecorreia,humano
petedavisdev,humano
petehl,humano
petehunt,humano
petejodo,humano
peteluffman,humano
peter,humano
peter-955,humano
peter-adam-dy,humano
peter-bilt,humano
peter-iglaev,humano
peter-jozsa,humano
peter-knips,humano
peter-stuart-turner,humano
peter-tudosa,humano
peterDuot-stationfive,humano
peterbe,humano
peterblazejewicz,humano
peterchibunna,humano
petercpwong,humano
petercrackthecode,humano
peterdresslar,humano
peterfritz,humano
peterhalasz,humano
peterhpchen,humano
peterhung101,humano
peteristhegreat,humano
peterjcaulfield,humano
peterjohansson92,humano
peterjuras,humano
peterkracik,humano
peterlee123hi,humano
peterlidee,humano
peterma,humano
petermarks12,humano
petermekhaeil,humano
petermlaan,humano
peterochieng,humano
peterolson,humano
peterparker2005,humano
peterpeterparker,humano
peterpjs,humano
peterpme,humano
peterpoe,humano
petersng,humano
peterstuart,humano
petertenhoor,humano
petertflem,humano
petertoth-dev,humano
peterwiebe,humano
petetnt,humano
petewarman,humano
petewins,humano
peti446,humano
petmarsh,humano
petr-hajek,humano
petrbela,humano
petrch87,humano
petrikoj,humano
petrnovikov,humano
petrogad,humano
petrosbeyene,humano
petrosmm,humano
petrovalex,humano
petrovmiroslav,humano
petrvlcek,humano
petter,humano
petvas,humano
petya0927,humano
petyosi,humano
petyosv,humano
pewallin,humano
pex,humano
peymanath,humano
peyronoscar,humano
pf1gura,humano
pfcodes,humano
pferreirafabricio,humano
pffigueiredo,humano
pfftdammitchris,humano
pfigiel,humano
pfilipak,humano
pfilipsson,humano
pfista,humano
pfmartins-zartis,humano
pfrang,humano
pfried,humano
pfurini,humano
pfyod,humano
pgarciacamou,humano
pghalliday,humano
pgibler,humano
pgmanutd,humano
pgr86,humano
pgrippi,humano
pgrodrigues,humano
pgsandstrom,humano
pguardiario,humano
ph1lb4,humano
phacks,humano
phaistonian,humano
phakphumi,humano
phallguy,humano
phamhieu,humano
phamqthanh,humano
phamquocbuu,humano
phanect,humano
phant0m2290,humano
phanvanluan94,humano
phara0hcom,humano
pharauj,humano
pharmarin,humano
phatify,humano
phatlast96,humano
phattranky,humano
phbetbeze,humano
phc5,humano
phcoliveira,humano
phdduarte,humano
pheart,humano
pheew,humano
phegman,humano
phelanma,humano
pheonix5,humano
pheuberger,humano
phev8,humano
phh235,humano
phiberber,humano
phibersoft,humano
phibr0,humano
phidol,humano
phifa,humano
phikes,humano
phil-andrews,humano
phil-bl,humano
phil-lgr,humano
phil-loops,humano
phil-sola,humano
phil-the-dev,humano
phil-tutti,humano
phil-xl8,humano
phil221,humano
phil3903,humano
philatcd,humano
philcockfield,humano
phildeschaine0,humano
philgruneich,humano
philhawksworth,humano
philihp,humano
philipbushnell-valtech,humano
philipcroxup,humano
philipgher,humano
philipheinser,humano
philipithomas,humano
philipkobernik,humano
philiplindberg,humano
philipp-serfling,humano
philipp-spiess,humano
philippbosch,humano
philippbruhin,humano
philippe-desplats,humano
philippe-git,humano
philippeauriach,humano
philippmossier,humano
philipstanislaus,humano
philipwalton,humano
phillip055,humano
philliplakis,humano
phillyoon,humano
philmcm,humano
philmetzger,humano
philparzer,humano
philsherry,humano
philwolstenholme,humano
phips28,humano
phiresky,humano
phishy,humano
pho3nixf1re,humano
phobal,humano
phocks,humano
phoenisx,humano
phoenixbox,humano
phoique,humano
phongitus,humano
phongmh307,humano
phongtattuan,humano
phoshenwen,humano
phosmium,humano
photo-art-melanie-frei,humano
phottoo,humano
phpepe,humano
phqnta,humano
phryneas,humano
phs1919,humano
phstc,humano
phu-viet-dang,humano
phuctm97,humano
phucvo0709,humano
phunanon,humano
phuoccss,humano
phuocng,humano
phuocv76,humano
phuongnq,humano
phuson,humano
phuwin,humano
phxgg,humano
pi0,humano
pi43r,humano
piavgh,humano
picardplaisimond,humano
piccinnigius,humano
piclez,humano
picozzimichele,humano
picspirit,humano
pidogc,humano
pie6k,humano
piecemakerz,humano
piedrahitapablo,humano
pieh,humano
piekczyk,humano
pier-verdu,humano
pier7529,humano
pierluigi-giancola-blink,humano
pierorolando1,humano
pierratdev,humano
pierratono,humano
pierre-b,humano
pierre-isb,humano
pierre-lgb,humano
pierrebiver,humano
pierreburel,humano
pierrechevaliercf,humano
pierrelouisdelx,humano
pierrenel,humano
pierroo,humano
pieterdd,humano
pieterjanscheir,humano
pietro-tavares,humano
pietro909,humano
pietrofxq,humano
pigeon2gugu,humano
piglovesyou,humano
pigmanbear,humano
pihish,humano
pikeas,humano
pikriawan,humano
pikselinweb,humano
pilcrowonpaper,humano
pimmee,humano
pimterry,humano
pimvh,humano
pincman,humano
pindjur,humano
pinecodex,humano
pingpongdoctor,humano
pingustar,humano
pini85,humano
pinikeizman,humano
pinkeyAT,humano
pinkiebala,humano
pinoniq,humano
pinpointcoder,humano
piofinn,humano
piotr-czerwik,humano
piotr-glownia-wrx,humano
piotr-oles,humano
piotr-wieruszewski,humano
piotrbienias-dna,humano
piotrcichosz,humano
piotrekwitkowski,humano
piotrkulpinski,humano
piotrrussw,humano
piotrski,humano
piotryordanov,humano
piotrzaborow,humano
piotrzarycki,humano
pioula,humano
pioz,humano
pip8786,humano
pipboy3000,humano
pipe1os,humano
pipech,humano
piperubio,humano
pipja,humano
pippinmole,humano
pipsyrs,humano
pirate329,humano
piratetaco,humano
pirtlj,humano
piscodev,humano
pistachiomatt,humano
pitamash,humano
pitasi,humano
pitops,humano
pittouch,humano
piuccio,humano
piupiupiu,humano
pivot-dennis,humano
piworkacc,humano
pix2D,humano
pix303,humano
pixcai,humano
pixel-hawk,humano
pixel-toys-chris-evans,humano
pixelass,humano
pixelasticity,humano
pixelchutes,humano
pixelhijack,humano
pixelmultiplo,humano
pixelomo,humano
pixelpax,humano
piyu-sh,humano
piyush-zensar,humano
piyushacko,humano
piyushchauhan2011,humano
piyushrajyadav,humano
piyushsi,humano
pjaws,humano
pjborowiecki,humano
pjc0247,humano
pjchender,humano
pjholmes,humano
pji2918,humano
pjindal91,humano
pjlee11,humano
pk936,humano
pkafei,humano
pkail,humano
pkalisiewicz,humano
pkasidit,humano
pkawula,humano
pke,humano
pkellner,humano
pkhodaveissi,humano
pkit,humano
pkiv,humano
pklada,humano
pklawansky,humano
pkral78,humano
pkrawc,humano
pksorensen,humano
pkuczynski,humano
pkudinov,humano
pkuphy,humano
pkyeck,humano
pla2aroi,humano
plaa,humano
plag,humano
planadecu,humano
plasmadice,humano
plastic041,humano
platocrat,humano
playerro,humano
pldrake26,humano
plevamatus,humano
plevik,humano
plimeor,humano
plmrry,humano
plourenco,humano
ploxx95,humano
plrthink,humano
plsdev89,humano
plt-rob,humano
plug-n-play,humano
plugin94,humano
pluma,humano
plumdog,humano
pluppplupp,humano
plushexe351,humano
plvnkv,humano
plxel,humano
pm0u,humano
pma9,humano
pmabres,humano
pmaier983,humano
pmarsceill,humano
pmazumder3927,humano
pmb0,humano
pmbanugo,humano
pmc-a,humano
pmcflepage,humano
pmdpaula,humano
pmdy,humano
pmerolle,humano
pmespresso,humano
pmg1989,humano
pmi,humano
pmillspaugh,humano
pmingkr,humano
pmjhonwang,humano
pmk1c,humano
pmo022,humano
pmoskvin,humano
pmualaba,humano
pmuens,humano
pn-code,humano
pnadj,humano
pnaika,humano
pnalepa-bishopfox,humano
pnd280,humano
pnemi,humano
pnettto,humano
pnicolli,humano
pnkapadia64,humano
pnkjbee2,humano
pnodet,humano
pnutmath,humano
pnwatin,humano
po2son,humano
poacher2k,humano
poad,humano
poberbeck,humano
poc7667,humano
pochi-sato,humano
pocorschi,humano
podrivo,humano
poeticninja,humano
pogasanov,humano
pogkat,humano
pogran,humano
pohkit,humano
pojntfx,humano
pokatomnik,humano
pokey,humano
pokhrelanmol,humano
poksme,humano
pokuwagata,humano
polRk,humano
polamjag,humano
polarathene,humano
polarisdigitech,humano
polarizing96,humano
polaroidkidd,humano
polesapart,humano
polisen,humano
polly3d,humano
polnikale,humano
polo13999,humano
poloboc,humano
polovi,humano
polvallverdu,humano
polygon,humano
polymorfiq,humano
pom421,humano
pomathieu,humano
pomber,humano
pompep,humano
pomy4,humano
pondorasti,humano
pongbao,humano
ponikar,humano
ponpoko04,humano
pontasan,humano
pontusab,humano
poohia,humano
poohitan,humano
poojadosad,humano
pookmish,humano
pooladkhay,humano
poonai,humano
poorel,humano
pooriamo,humano
poorscousertommy8,humano
poorvasingh04,humano
poovarasanvasudevan,humano
pooyarm,humano
popenkomaksim,humano
pophero110,humano
popmanhe,humano
popmatik,humano
poppyseedDev,humano
popuguytheparrot,humano
por,humano
por14571-jochoa,humano
porada,humano
porkopek,humano
portenez,humano
posrix,humano
possibilities,humano
postgetme,humano
postinternetsyndrome,humano
postnd,humano
postor,humano
postoronnii,humano
potapovnikita,humano
poteboy,humano
poteto,humano
potop,humano
poulet42,humano
poupas97,humano
poupryc,humano
pouryaPKGit,humano
povilasv,humano
povniko,humano
powderham,humano
power-f-GOD,humano
powerfulyang,humano
poy4eg,humano
poyiding,humano
poying,humano
pozii,humano
poznianski,humano
pozylon,humano
pozymasika,humano
ppalmeida,humano
ppatel221,humano
ppbl,humano
ppedziwiatr,humano
ppipada,humano
ppiwo,humano
ppjaisri,humano
ppot,humano
ppozniak,humano
pppdns,humano
pprg1996,humano
ppuzio,humano
pqminh,humano
pqt,humano
pr0xr,humano
pr1ntr,humano
pr4xx,humano
pra2107tham,humano
prabal-goyal,humano
prabusah,humano
pradeep-getagent,humano
pradeepcep,humano
pradel,humano
pradyuman,humano
pragatheeswarancse,humano
pragmaticivan,humano
praizjosh,humano
prajaptiasheesh,humano
prakashk-mallow,humano
prakashn91,humano
prakashtsx,humano
prakhar-ap,humano
prakhardubey2002,humano
prakharrke,humano
pramendra,humano
pramodkumar-dcpl,humano
prananta,humano
pranathip,humano
pranav2844,humano
pranavburnwal,humano
pranavks,humano
pranavmalvawala,humano
pranavmshinde,humano
pranavp10,humano
pranavpandey1998official,humano
pranavwani,humano
pranay101,humano
pranaygp,humano
pranayjaulkar,humano
pranayk2610,humano
pranaypratyush,humano
pranjal2410719,humano
pranjanai,humano
pranshu05,humano
pranshu1995,humano
prantu,humano
prarabdhb,humano
prasad-pul,humano
prasanna1211,humano
prasannamestha,humano
prashant523580,humano
prashantbhudwal,humano
prashantchothani,humano
prateek0412,humano
prateekbh,humano
prateekbisht23,humano
prateekkarki,humano
prateekkish,humano
prateekrastogi,humano
pratham-ak2004,humano
prathamesh-gharat,humano
prathameshkoshti,humano
prathameshnetake,humano
pratheekhegde,humano
prathu9,humano
pratik-codes,humano
prave01,humano
praveen7557,humano
praveenkumarkrishnan,humano
praveenkumarsaravanan,humano
praveenweb,humano
pravinweb,humano
pravnyk,humano
pravosleva,humano
pravtz,humano
prdai,humano
precious-akpan,humano
preco21,humano
predaytor,humano
preeteshjain,humano
preitinger,humano
premedios,humano
premier213,humano
premlogic,humano
prempareesh,humano
prenaissance,humano
prescottprue,humano
present-g,humano
pressogh,humano
prettyboyweiwei,humano
prevostc,humano
priard,humano
prichey,humano
prichodko,humano
prieston,humano
priley86,humano
prince3339,humano
princeeze,humano
princej02,humano
princemuel,humano
pringshia,humano
prinzdezibel,humano
priosshrsth,humano
pristas-peter,humano
pritamgudekar,humano
pritishraj04,humano
priya-jain-dingg,humano
priyaanshusoni,humano
priyankoctal,humano
priyankpat,humano
priyansh32,humano
priyanshuraj24,humano
priyxansh,humano
prkagrawal,humano
prm-dan,humano
prmichaelsen,humano
prncss-xyz,humano
process-pca,humano
prodkt,humano
prof-awais,humano
professor-oats,humano
professorhaseeb,humano
prog-z-99,humano
prog83,humano
progfay,humano
program247365,humano
programateus,humano
programm-ingovals,humano
programmarchy,humano
programming-with-ia,humano
progrmoiz,humano
projectaki,humano
prokopsimek,humano
promer94,humano
prometheonderrius-afk,humano
prometixX,humano
promise96319,humano
promotion-xu,humano
pronevich,humano
proninyaroslav,humano
pronovaso,humano
proof-llc,humano
proply-jp,humano
prothomsoft,humano
protoEvangelion,humano
protometa,humano
protoxianyx,humano
prounder,humano
proustibat,humano
proweb,humano
prowebat,humano
proxima-b-alpha,humano
prrrcl,humano
prscoelho,humano
pruales,humano
pruhstal,humano
prunusnira,humano
prurph,humano
prvnsmpth,humano
przemekga,humano
przemyslawzalewski,humano
przpl,humano
psaren,humano
pschaub,humano
psd-coder,humano
psdev0,humano
psdewar,humano
pseudotsuga-fir,humano
pseudozach,humano
pshemek,humano
psidofuturodev,humano
psiho,humano
psiie,humano
psikoi,humano
psimk,humano
psirenny,humano
psmpm,humano
psoaresbj,humano
pspeter3,humano
pstachula-dev,humano
pstevovski,humano
pstoica,humano
pstuerner,humano
psudocode,humano
psugihara,humano
pswoodworth,humano
psycho0sis,humano
psychobolt,humano
psychopathh,humano
psycle-dblakemore,humano
psycura,humano
psyduk,humano
psylone,humano
psylum,humano
psyrenpark,humano
psytrxops,humano
psztoch,humano
ptbpa,humano
ptcampbell,humano
ptdede,humano
ptedu3,humano
pthieu,humano
pthneo,humano
pthomas931,humano
pthphap,humano
pthsarmah,humano
pthurmond-vmlyr,humano
ptomasroos,humano
ptrtorain,humano
pttsky,humano
ptudan,humano
ptvty,humano
publictest0,humano
publictheta,humano
pudgereyem,humano
pudo,humano
pueyo5,humano
pukapukan,humano
pulgaroja,humano
pulgueta,humano
pulkitnandan,humano
pulkitvyas08,humano
pultik,humano
pumanitro,humano
pumkindev,humano
punarinta,humano
puneetdixit200,humano
puneetkathar1,humano
puneetv05,humano
pungggi,humano
punu13,humano
puopg,humano
purboindra,humano
purecopy,humano
pureliumy,humano
purplecandy,humano
purplecones,humano
purpletortoise-choi,humano
pururaj1908,humano
pushkarsingh32,humano
pushkine,humano
putterson,humano
puxiao,humano
pvaladez,humano
pvdlg,humano
pvdz,humano
pveyes,humano
pvijeh,humano
pvs-hf,humano
pvtri96,humano
pw620s7t,humano
pwalker,humano
pwan-a,humano
pwbriggs,humano
pweisensee,humano
pwestern,humano
pwfisher,humano
pxwee5,humano
pyankoff,humano
pyb,humano
pycraft114,humano
pycxxx,humano
pyfisssh,humano
pygaurav,humano
pyj-pd,humano
pyjun01,humano
pyk,humano
pyrexfm,humano
pyriceti,humano
pyroblue,humano
pyrytakala,humano
pythagoras-yamamoto,humano
pythonicode,humano
pythonwood,humano
pzi,humano
pzoli,humano
pzubar,humano
q-luisnesi,humano
q-nishimura,humano
q-ohnuma,humano
q1998763,humano
q1b,humano
q3e,humano
q404365631,humano
q986171791,humano
qStentyq,humano
qWici,humano
qafoori,humano
qaiser110,humano
qalqi,humano
qasimgit,humano
qaws7791,humano
qb-rivkyb,humano
qbf75196,humano
qdozaq,humano
qety4,humano
qhanw,humano
qhxin,humano
qiangfoo,humano
qichengri,humano
qifengleSummer,humano
qihong1983,humano
qin-guan,humano
qingyggg,humano
qingzhoufeihu,humano
qisaw,humano
qiushiyan,humano
qiweiii,humano
qjoner,humano
qjstuart,humano
qkrwogns9703,humano
qlaffont,humano
qlerebours,humano
qlereboursBS,humano
qmeteor,humano
qmmr,humano
qndrey,humano
qnrjs42,humano
qnten,humano
qnxdev,humano
qoala-github,humano
qoobes,humano
qpavy,humano
qpre,humano
qq99,humano
qqharry21,humano
qqpann,humano
qqqqqz,humano
qqww08,humano
qrg,humano
qrohlf,humano
qskane,humano
qtaghdi,humano
qtisan,humano
qtv100291,humano
quadrifolia,humano
quaintrelle7,humano
quanglam2807,humano
quangtho2910,humano
quant-daddy,humano
quantafire,humano
quantizor,humano
quantumcxai-ship-it,humano
quantuminformation,humano
quarhodron,humano
quarterpound,humano
qublaidev,humano
queckezz,humano
queicherius,humano
quentin-sommer,humano
quentingrchr,humano
quentinjeanningros,humano
quentinlagache,humano
queq1890,humano
queso,humano
qufei1993,humano
quick007,humano
quickhand,humano
quickshiftin,humano
quicksilversel,humano
quiet-node,humano
quiet-ocean,humano
quietCoder500,humano
quietbits,humano
quiloos39,humano
quinm0,humano
quinn,humano
quinnliu,humano
quinnturner,humano
quintal-william,humano
quisi.do,humano
quisido,humano
quoc2401,humano
quocthangit247,humano
qutek,humano
quuu,humano
quy-devbase,humano
quyctd,humano
quyenhuynh-agilityio,humano
quyentonndbs,humano
quynhchau-b,humano
quyphan97,humano
quyse,humano
qw-in,humano
qwang06,humano
qwerdee,humano
qwerqy,humano
qwerty2944,humano
qwerty678908,humano
qwertyforce,humano
qwikag,humano
r-4bb1t,humano
r-frolov,humano
r-h36,humano
r-kozu,humano
r-martins,humano
r-ohan,humano
r-walsh,humano
r007,humano
r00dY,humano
r0b-,humano
r0bdiabl0,humano
r0binxp,humano
r0ld3x,humano
r13v,humano
r1si,humano
r1tsuu,humano
r2d4,humano
r34son,humano
r3Fuze,humano
r3cursiv3ly,humano
r3na,humano
r3wt,humano
r4F705,humano
r4sheed,humano
r6203,humano
r6m,humano
r742davis,humano
r7kamura,humano
rRakarare,humano
rZinnatov,humano
ra-lfaro,humano
raRaRa,humano
raajeshmani,humano
raajnadar,humano
raashish1601,humano
raaymax,humano
rabbititus,humano
rabitarochan,humano
racer161,humano
rachel-bernard,humano
rachelgould,humano
rachellcarroll,humano
rachelslurs,humano
rachnac-emeritus,humano
racinmat,humano
ractive,humano
radaalinmihai,humano
raddeus,humano
rade-ilijev,humano
radekaz,humano
radekmikeska,humano
radenkovic,humano
radeno,humano
radio-miskovice,humano
radjivF,humano
radosek,humano
radoslawgrochowski,humano
radosvet93,humano
raduGaspar,humano
radubrehar,humano
raduchiriac,humano
radum,humano
radunemerenco,humano
radzionc,humano
raed667,humano
raeinlee,humano
raeyoung-kim,humano
raeyoung.kim,humano
raf-os,humano
rafa-br34,humano
rafadlis,humano
rafae2k,humano
rafael-14,humano
rafael-cineis,humano
rafael-fecha,humano
rafael-tanaka,humano
rafaelalmeidatk,humano
rafaelbvc,humano
rafaelcalpena,humano
rafaelcg,humano
rafaelderolez,humano
rafaeleyng,humano
rafaelguedes,humano
rafaellaurindo,humano
rafaelsales,humano
rafaelsorto,humano
rafal-r,humano
rafalkrupinski,humano
rafalmaciejewski,humano
rafalwawrzyk,humano
rafalyovson,humano
rafalzawadzki,humano
rafant97,humano
rafaumeu,humano
rafde,humano
rafeautie,humano
raferdev,humano
raff-s,humano
raffidahmad,humano
raffij,humano
rafhaelbarabas,humano
rafheros,humano
rafi-fisker,humano
rafinkarki,humano
rafinskipg,humano
rafipiccolo,humano
raflymln,humano
rafma0,humano
rafrsr,humano
raftario,humano
rafzan,humano
ragavendra,humano
ragavveer,humano
raghav0622,humano
raghav1086,humano
raghavan-s-d,humano
raghavendracs,humano
raghavmac,humano
ragingwind,humano
ragini-pandey,humano
ragnaroks,humano
ragnsan,humano
ragrag,humano
raguiar2,humano
rahXephonz,humano
rahadkc,humano
rahbee,humano
rahimimo3,humano
rahmanqureshi,humano
rahmatagungj,humano
rahu-I,humano
rahul-ghimire-au6,humano
rahul3103,humano
rahul3v,humano
rahul799,humano
rahul803213,humano
rahulbaruah,humano
rahulbhooteshwar,humano
rahulborayesmadam,humano
rahulcodepython,humano
rahuld109,humano
rahuldkjain,humano
rahulgi,humano
rahulknagori,humano
rahulkumarsingh73690,humano
rahulmore01,humano
rahulnag,humano
rahulnk04,humano
rahulpatel,humano
rahulpatel596,humano
rahulps1000,humano
rahulsingh3526,humano
rahulsiphone85-creator,humano
rahulsuresh-git,humano
rahunak,humano
raibima,humano
raidalt,humano
raihan-ibiraeva,humano
raihanmd,humano
raihannismara,humano
railaru,humano
raimohanska,humano
rainboxx,humano
raindecastro,humano
raine,humano
rainer-friederich,humano
rainice,humano
rainstormza,humano
rainwashed,humano
raisedadead,humano
raith-hamzah,humano
raitucarp,humano
rajBopche,humano
rajansolanki,humano
rajanvalencia,humano
rajaraodv,humano
rajasekarm,humano
rajat1saxena,humano
rajatdhoot123,humano
rajavemuri,humano
rajavijayach,humano
rajeev-k-tomy,humano
rajeevgovindan1,humano
rajendraarora16,humano
rajesh-aj,humano
rajesh40,humano
rajeshkumarrajasekaran,humano
rajington,humano
rajneesh3923,humano
rajnish-ti,humano
rajnish93,humano
rajorpratyush,humano
rajput-hemant,humano
rajraawatt,humano
rajravat,humano
rajrupdasofficial,humano
rajtersimon,humano
rajtslegr,humano
rajuht,humano
rajusrkr23,humano
rakaaditya,humano
rakannimer,humano
rakesh456,humano
rakeshneelarapu,humano
rakeshtembhurne,humano
rakhaviantoni,humano
rakhmonovbekzod,humano
rakibatomnixima,humano
rakibulinux,humano
rakleed,humano
rakoort,humano
raky291,humano
raldred,humano
raleighslack,humano
ralfscheffler,humano
ralphievolt,humano
ralphilius,humano
ralppppy,humano
ram-manthry,humano
ramankarki,humano
ramasilveyra,humano
ramazansancar,humano
ramblehead,humano
rameardo,humano
ramene,humano
ramenski,humano
rameshanandakrishnan,humano
rametta,humano
ramiel,humano
ramigg,humano
ramijarrar,humano
raminrez,humano
ramirezsandin,humano
ramirorinaldi,humano
ramiyahya,humano
ramon-villain,humano
ramonfritsch,humano
ramonmalcolm10,humano
ramonortigosa,humano
ramosbugs,humano
rampatra,humano
ramphy,humano
ramram1048,humano
ramraphael,humano
ramsunvtech,humano
ramzanh,humano
ranchodeluxe,humano
randallagordon,humano
randallb,humano
randallmlough,humano
randalmaia,humano
randalpinto,humano
rande,humano
randidumaguet,humano
randomprogramming,humano
randomtoni,humano
randr44,humano
randybloxham5-arch,humano
randyyates,humano
ranegray,humano
ranger-ross,humano
rangerscience,humano
rangshuman,humano
ranierimarques,humano
ranisalt,humano
ranjan-purbey,humano
ranjanrajiv00,humano
ranjeetk3,humano
ranjeetthorat,humano
ranjith-devop,humano
ranjith-s,humano
ranjithkumar8352,humano
ranka23,humano
ranleung,humano
ranno-lauri,humano
ranyehushua,humano
ranyitz,humano
raoenhui,humano
raon0211,humano
raotaohub,humano
raoufswe,humano
raoulguillermo,humano
rap2hpoutre,humano
rapaccinim,humano
rapgodnpm,humano
raph90,humano
raphael1807,humano
raphael2G,humano
raphaelHuerzeler,humano
raphaelbadia,humano
raphaelbs,humano
raphaelcamar,humano
raphaelchalicarne,humano
raphaelchaula,humano
raphaelcosta,humano
raphaeljoer,humano
raphaeljoie,humano
raphaelpc,humano
raphaelsaunier,humano
raphaeltm,humano
raphaelvdossantos,humano
raphi,humano
raphi011,humano
raphjatteau,humano
rapidfixer,humano
rapritchard,humano
raptoria,humano
rapzo,humano
raqibnur,humano
raquelpn1979-tech,humano
rardoz,humano
raremedia,humano
rares-lupascu,humano
rarkins,humano
rart,humano
rasco,humano
rase-,humano
raselldev,humano
rasfa98,humano
rashgaroth,humano
rashidul0405,humano
rasmuserik,humano
rasmushjulskov,humano
rasmusjp,humano
rasoulm777,humano
raspy8766,humano
rassi0429,humano
rastislavelias,humano
rasvanjaya21,humano
rathangeorge,humano
ratheo,humano
rathoddeepak,humano
rathpanha,humano
ratigumashvili,humano
ratijas,humano
ratiotile,humano
ratz6,humano
rauchg,humano
raudinm,humano
raufdean,humano
raul-rtl,humano
raul-saez,humano
raulbarriga,humano
raulfdm,humano
raulk,humano
raullarosa,humano
raulmarindev,humano
raulmontejo,humano
raulrene,humano
raulrpearson,humano
raulsanchez1024,humano
raunakdoesdev,humano
rauno,humano
raunofreiberg,humano
rauull07,humano
raven-wills,humano
ravener,humano
ravenet,humano
ravgeetdhillon,humano
ravi3222,humano
ravibhanawat,humano
ravid7000,humano
ravikiran438,humano
ravindermahajan890,humano
ravinggenius,humano
ravipula,humano
raviraj016-innovator,humano
raviships,humano
ravisv73,humano
rawan249,humano
rawand121,humano
rawbinary,humano
rawestmoreland,humano
rawgroundbeef,humano
rawi96,humano
rawic,humano
rawnly,humano
rawrmaan,humano
rawsh,humano
raxityo,humano
ray-1337,humano
rayan1810,humano
rayanht,humano
rayboschbr,humano
raycent,humano
raychuah,humano
raychunghk,humano
raydot,humano
raye-deng,humano
raygesualdo,humano
rayhanadev,humano
rayhk6,humano
rayhooker,humano
rayli09,humano
raymclee,humano
raymond-cat,humano
raymondsze,humano
raymsa41,humano
rayokamoto,humano
rayrapetyan,humano
rayriffy,humano
rayronvictor,humano
rayrw,humano
raytawil-masterfulai,humano
rayterrill,humano
raytj0114,humano
raywat,humano
razb-viola,humano
razier,humano
razlani,humano
razorman8669,humano
razvan-soare,humano
razvanMiu,humano
razvanbretoiu,humano
razvangherghina,humano
razzeee,humano
rbalicki2,humano
rbenvenuto,humano
rbgoncalves,humano
rbgpt,humano
rbkayz,humano
rbknight73,humano
rblackman,humano
rblakejohnson,humano
rbntimes,humano
rbox-risk,humano
rbrcsk,humano
rbruggem,humano
rburgt,humano
rbutera,humano
rcabre95,humano
rchandu,humano
rchtgpt,humano
rchubatov,humano
rckm,humano
rclai,humano
rclmenezes,humano
rcmenezes,humano
rcocco,humano
rcohen-unext,humano
rcolepeterson,humano
rconard,humano
rcronin,humano
rcsapien,humano
rcssdy,humano
rdadoune,humano
rdalfonso,humano
rddesmond,humano
rdev,humano
rdev32,humano
rdewolff,humano
rdgifford,humano
rdimaio,humano
rdimascio,humano
rdoetjes,humano
rdsedmundo,humano
rdumouchelle,humano
rdyar,humano
rdylina,humano
re-taro,humano
re-thc,humano
reachjalil,humano
readeral,humano
reaganmac,humano
reaktivo,humano
reaktor-yigu,humano
real-marty,humano
realalexhomer,humano
realamirhe,humano
realazy,humano
realdiego16,humano
realdocweird,humano
realestninja,humano
realfresh,humano
realfunkyusername,humano
realing29,humano
realjoshuau,humano
realmers,humano
realnikitimi,humano
realrufans,humano
realshovanshah,humano
realtebo,humano
realvishalrana,humano
realw5,humano
realzam,humano
reanimatedmanx,humano
reasv,humano
rebasecase,humano
rebeccapeltz,humano
rebelliard,humano
rebotak,humano
reboxer,humano
rebzden-baracoda,humano
recallwei,humano
rechenberger,humano
reck1ess,humano
reckson,humano
reckter,humano
reckziegelwilliam,humano
reconbot,humano
reconcrete,humano
recopv,humano
recurrence,humano
recurser,humano
red-real-neck,humano
red1,humano
red2678,humano
redaben,humano
redallen,humano
redaxle,humano
redbar0n,humano
redblue9771,humano
redbmk,humano
redeyes2015,humano
redfoometal,humano
redgoldlace,humano
redguard1,humano
redhouse877,humano
redimongo,humano
redish101,humano
redmatrice,humano
redmonkez12,humano
redochka,humano
redonkulus,humano
reducio,humano
reductio,humano
redundantautomata,humano
redveronika,humano
redwan-cse,humano
reebalazs,humano
reel,humano
reelinfinity,humano
reesmanp,humano
reetbatra,humano
reeversedev2,humano
reevesPAC,humano
reezon,humano
ref-thomasledoux1,humano
refactorized,humano
refex,humano
refirst11,humano
reflash,humano
regalstreak,humano
regan-karlewicz,humano
reggi,humano
reggie3,humano
reghuramk,humano
reginpv,humano
regisrex,humano
regunakyle,humano
reh2ur,humano
rehaldinho64,humano
rehan-sattar,humano
rehanpunjwani,humano
rehanvdm,humano
rehatch-yoshimori-otsuka,humano
rei-shaholli,humano
reicheltp,humano
reinaldosimoes,humano
reinhardholl,humano
reinhardt1053,humano
reinierkaper-carewell,humano
reinink,humano
reinisdy,humano
reinvanhaaren,humano
reiss-d,humano
reissbaker,humano
reiv,humano
rejusdl,humano
rekomat,humano
rektdeckard,humano
rektide,humano
relativityboy,humano
relaxslow,humano
releasestudio,humano
relense,humano
reliver17,humano
relkrahs,humano
relm923,humano
relsunkaev,humano
remainstheday,humano
remarcable,humano
remarkablejames,humano
remcode-remco,humano
remcohaszing,humano
remi-k-work,humano
remib18,humano
remidej,humano
remiroyc,humano
remisture,humano
remitone,humano
remjx,humano
remkl,humano
remnantdotdev,humano
remorses,humano
remove158,humano
remvn,humano
remy,humano
remyb-dev,humano
remysavard,humano
remziatay,humano
ren4ndev,humano
renanbandeira,humano
renancaraujo,humano
renancouto,humano
renanfeluck,humano
renanleonel,humano
renanlido,humano
renanlimaleite,humano
renanrodrigueszup,humano
renanss,humano
renato,humano
renato-viasoft,humano
renatoam,humano
renatoandre1175,humano
renatoastra,humano
renatodex,humano
renatomserra,humano
renatorib,humano
renatoruk,humano
renatovitor01,humano
renbaoshuo,humano
renchris,humano
rendaardy,humano
rendivs925,humano
rendoh,humano
rene-demonsters,humano
renedaniel,humano
renehauck,humano
renekahr,humano
renellc,humano
renemundt,humano
renenadorp,humano
renenielsendk,humano
reneruiz,humano
renet,humano
renetchi,humano
renielsalvador,humano
renjithgr,humano
renoiser,humano
renomureza,humano
renovatt,humano
renriquen,humano
rentalhost,humano
renvieir,humano
renzified,humano
renzit,humano
renzo4web,humano
reod,humano
reorx,humano
repcolding,humano
repomaa,humano
repository,humano
requestmethod,humano
resdevd,humano
residentcode,humano
resir014,humano
resthedev,humano
resting,humano
restoker,humano
resulgg,humano
retallicka,humano
retr00exe,humano
retrixe,humano
retrospct,humano
retsi101,humano
returnednull,humano
returnvoid,humano
reubenayres,humano
reubendrummond,humano
reubn,humano
reuixiy,humano
reupen,humano
reutenkoivan,humano
revan-zhang,humano
revelt,humano
rever96,humano
reveurguy,humano
revmischa,humano
revnelson,humano
revolunet,humano
revolutionxk,humano
revskill10,humano
rewandy,humano
rexblade58,humano
rexedge,humano
rexfordessilfie,humano
rexjrs,humano
rexleimo,humano
rexwangcc,humano
rexxars,humano
reyamir,humano
reyangurjar,humano
reybok,humano
reydoblas,humano
reymondar,humano
reynaldichernando,humano
reynaldomarchell,humano
reynanvalencia,humano
reyrodrigez,humano
reza-akbari,humano
reza-attar,humano
reza-baiat,humano
reza-ebrahimi,humano
rezaHashemi8139,humano
rezamauliadi,humano
rezamoosavidweb,humano
rezashirazi98,humano
rezathematic,humano
reznord,humano
rezof,humano
rfackroyd,humano
rfdomingues98,humano
rfearing,humano
rfieve,humano
rfinkley,humano
rflament,humano
rforzani,humano
rfviolato,humano
rg-lahcene,humano
rgabs,humano
rgalite,humano
rgbjoy,humano
rgbkrk,humano
rgbskills,humano
rgembalik,humano
rgmvisser,humano
rgoldfinger-quizlet,humano
rgomezcasas,humano
rgreinho,humano
rhadamez,humano
rhapsodyn,humano
rharkor,humano
rharrisuk,humano
rhavenz,humano
rhayes2,humano
rhd-developers,humano
rheaditi,humano
rheng001,humano
rhennessey3,humano
rhigdon,humano
rhkdgns95,humano
rhoboat,humano
rhyck-m,humano
rhythmbhiwani,humano
riacoding,humano
riad-azz,humano
riazXrazor,humano
riazus,humano
ribeaud,humano
riboher,humano
ricamgar,humano
ricardasjak,humano
ricardixbr,humano
ricardo-cantu,humano
ricardo-fnd,humano
ricardo-rp,humano
ricardoGlobant,humano
ricardobrandao,humano
ricardocasares,humano
ricardoerl,humano
ricardofiorani,humano
ricardogarim,humano
ricardomarsanc,humano
ricardomatias,humano
ricardomurillo,humano
ricardonunez-io,humano
ricardosc12,humano
riccardogiorato,humano
riccardolardi,humano
riccardolinares,humano
riccardoubermorgen,humano
riceboyler,humano
riceeeee,humano
richard-better,humano
richard-ejem,humano
richard-thai,humano
richardHaggioGwati,humano
richardantao,humano
richardasymmetric,humano
richardaum,humano
richardblondet,humano
richarddzk,humano
richardgill,humano
richardhenry,humano
richardhomewood,humano
richardingwe,humano
richardkall,humano
richardmarquet,humano
richardnguyen99,humano
richardokonicha,humano
richardpickett,humano
richardscarrott,humano
richardtaylordawson,humano
richardthombs,humano
richardvanbergen,humano
richardwei195,humano
richardwillars,humano
richbai90,humano
richg0ld,humano
richgieg,humano
richie-south,humano
richiemcilroy,humano
richinrix,humano
richlawson,humano
richleach,humano
richsilv,humano
richstokes,humano
richtera,humano
richthornton,humano
richyrb00,humano
rick-liruixin,humano
rick-schultz,humano
rickardliljeberg,humano
rickbyington,humano
rickchristie,humano
rickgbw,humano
rickgm,humano
ricklabanca,humano
ricklove,humano
rickn0024,humano
ricksmit3000,humano
rickycheuk,humano
rickyclegg,humano
rickyfang,humano
rickyplouis,humano
rickyrauch,humano
rickysahu,humano
ricohumme,humano
ricokahler,humano
ricoli,humano
ricomuh,humano
ricsands2801,humano
rictic,humano
ridays2001,humano
riddla,humano
ridemountainpig,humano
ridhwaans,humano
riefer02,humano
rifaidev,humano
riffbyte,humano
rifkyr203,humano
righteousgambit,humano
rightson1,humano
rigobauer,humano
rihards-simanovics,humano
rihardsgrislis,humano
rijk,humano
rik-iso,humano
rikani,humano
rikbrown,humano
rike422,humano
rikers,humano
rikimbili,humano
rikkit,humano
rikr2sanchez,humano
riley-worthington,humano
rileybracken,humano
rileysparsons,humano
rileytomasek,humano
riltonfranzonee,humano
rimoslav,humano
rimzzlabs,humano
rinajhinjhina,humano
rinald,humano
rinald-ta,humano
rinarakaki,humano
rindev0901,humano
rineesh-p,humano
rinilkunhiraman,humano
rinkusam12,humano
rino92xxl,humano
rinorzek,humano
rintala,humano
rinvii,humano
rioaguspermana,humano
riobits,humano
ripuser,humano
ripvannwinkler,humano
riquen,humano
riqwan,humano
rirh,humano
ririlli,humano
rish-hub,humano
rishab85,humano
rishabh0504,humano
rishabh2712,humano
rishabh3112,humano
rishabhnehra,humano
rishabhpoddar,humano
rishabhriyal112,humano
rishabhsaxena,humano
rishabhtatia1,humano
rishabyd,humano
rishav887,humano
rishi-jat,humano
rishi-raj-jain,humano
rishi003,humano
rishi23root,humano
rishikesh-negi,humano
rishimohan,humano
rishishanbhag,humano
rishitshivesh,humano
rista404,humano
ristomatti,humano
risuvoo,humano
ritchieanesco,humano
ritesh-cyble,humano
rithulkamesh,humano
ritingliudd01,humano
ritujain1000,humano
ritvij14,humano
ritz078,humano
riuann23,humano
riungemaina,humano
rivajunior,humano
riverscode,humano
rivertam,humano
riyaadh-abrahams,humano
riyasat-ali,humano
rizTaak,humano
rizaldirnm,humano
rizaldywirawan,humano
rizki5411,humano
rizkiandrianto,humano
rizkisunaryo,humano
rizkyhaksono,humano
rizrmd,humano
rjerue,humano
rjnls,humano
rjoaopereira,humano
rjoonas,humano
rjoydip-zz,humano
rjray,humano
rjruizes,humano
rjsdnql123,humano
rjumatov,humano
rjvelazco,humano
rjvim,humano
rjwignar,humano
rjyo,humano
rkanani108,humano
rkdmen,humano
rkgcode,humano
rklos,humano
rkrisztian,humano
rkrueger11,humano
rkrv,humano
rksahu2610,humano
rkt2spc,humano
rkterungwa16,humano
rkzofficial,humano
rlamba89,humano
rlarner-quizlet,humano
rlau1115,humano
rlfrahm,humano
rlgerma,humano
rliang,humano
rlukawski,humano
rluncasu,humano
rlvk-tc,humano
rm-rf-etc,humano
rmachado-studocu,humano
rmadsen,humano
rmagon,humano
rmanium,humano
rmartins0,humano
rmasonh18,humano
rmathew8-gh,humano
rmertens,humano
rmhowe,humano
rmilejcz,humano
rmkanda,humano
rmkasendwa,humano
rmmason,humano
rmoedt,humano
rmolinamir,humano
rmonnier9,humano
rmoralp,humano
rmorey,humano
rmorse,humano
rmsheppard,humano
rmstsd,humano
rmunch,humano
rmuratov,humano
rnacken,humano
rnantes,humano
rnbrady,humano
rnik12,humano
rnnyrk,humano
rntvicente,humano
rnwonder,humano
rnwood,humano
ro-savage,humano
ro0sterjam,humano
ro11ingbutler,humano
roamn,humano
roars04,humano
roastlechon,humano
rob-johansen,humano
rob-mcgrail,humano
rob-myers,humano
rob-steele-active,humano
robMolloy,humano
robahtou,humano
robalaban,humano
robbchar,humano
robbert229,humano
robbertstevens,humano
robbertvancaem,humano
robbie-c,humano
robbieaverill,humano
robbiemccorkell,humano
robbienohra,humano
robcaldecott,humano
robclancy,humano
robdmoore,humano
robdodson,humano
robdvr,humano
robearlam,humano
roberrrt-s,humano
robert-barcelona,humano
robert-j-webb,humano
robert-orlinski,humano
robert-yates,humano
robert7git,humano
robert8888,humano
robertPKO,humano
roberta-racco,humano
robertazzopardi,humano
robertcasanova,humano
robertclarkson,humano
robertcoopercode,humano
roberte777,humano
robertfrontend,humano
robertgonzales,humano
robertistok,humano
robertkibet,humano
robertmalicke,humano
roberto-duran,humano
robertoachar,humano
robertoaikode,humano
robertolemesp,humano
robertotcestari,humano
robertovg,humano
roberts-pumpurs,humano
robertsamarji,humano
robertsiipola,humano
robertu7,humano
robertvansteen,humano
robertveloso,humano
robertwbradford,humano
robertwhittaker,humano
robertwritescode,humano
robertwt7,humano
robertying,humano
robfarb,humano
robgraeber,humano
robhowell,humano
robhrt7,humano
robi-van-kenobi,humano
robianmcd,humano
robin-a-meade,humano
robin-anil,humano
robin-gustafsson,humano
robin-ln,humano
robinComa,humano
robincarlo84,humano
robinduckett,humano
robinganstudio,humano
robinglen,humano
robinheij-abn,humano
robinjoh,humano
robink,humano
robinmetral,humano
robinpiets,humano
robinsingh-bw,humano
robintom,humano
robinvandenb,humano
robinvandiesen,humano
robinvdvleuten,humano
robinweser,humano
robiot,humano
robipop22,humano
robiuzzaman4,humano
robjohnstone2,humano
robknight,humano
robko23,humano
robksawyer,humano
roblen45,humano
roblourens,humano
robmarshall,humano
robophil,humano
robpc,humano
robpetty,humano
robreinhard,humano
robrichardson13,humano
robschwitzer,humano
robsimmons,humano
robskinney,humano
robsoncloud,humano
robstolarz,humano
robwebdev,humano
robyhuzwandar,humano
rocelyblooming,humano
rocerchen,humano
roch-numbered,humano
rochaalexandre,humano
rochdev,humano
rocinante42,humano
rockchalkwushock,humano
rocketana,humano
rocketman,humano
rocketman-21,humano
rockgabi,humano
rodbs,humano
roderickhodgson,humano
roderickhsiao,humano
rodeyseijkens,humano
rodhis,humano
rodilo,humano
rodlac,humano
rodnye,humano
rodogir,humano
rodolfoag,humano
rodolfostark,humano
rodolphoasb,humano
rodolphonetto,humano
rodrgds,humano
rodrigo,humano
rodrigo-arias,humano
rodrigoAdones,humano
rodrigoKulb,humano
rodrigocastromartinez,humano
rodrigoehlers,humano
rodrigoeidelvein,humano
rodrigof1307,humano
rodrigofeijao,humano
rodrigogonn,humano
rodrigomf24,humano
rodrigomoyano11,humano
rodrigonzalz,humano
rodrigooler,humano
rodrigoreeis,humano
rodrigotv,humano
rodrimaia,humano
rodsfreitas,humano
rodsotdia,humano
roeean,humano
roelvan,humano
rogeliorv,humano
roger-ngx,humano
roger067,humano
rogerbandera,humano
rogerbramon,humano
rogerhutchings,humano
rogeriojlle,humano
rogermori,humano
rogermparent,humano
rogersnm,humano
rogerweb,humano
rogerwillis,humano
roggc,humano
roglol,humano
rogor,humano
roguesherlock,humano
rogvold,humano
rohan-deshpande,humano
rohan-kulkarni-25,humano
rohan9024,humano
rohanarihant,humano
rohanbhangui,humano
rohann06,humano
rohanprasadofficial,humano
rohanray,humano
rohanreddy888,humano
rohansen856,humano
rohansx,humano
rohanvachheta,humano
rohanx96,humano
rohit267,humano
rohitcelestial,humano
rohitgxrg,humano
rohitninawe,humano
rohitpotato,humano
rohitvipin,humano
rohjs,humano
rohmanhm,humano
roicahana,humano
roigecode,humano
roim,humano
rojcyk,humano
roji-tech,humano
rojvv,humano
rokasblekaitis,humano
roker16,humano
rokinsky,humano
rokob,humano
rokoroku,humano
roksui,humano
roland-reed,humano
rolanday,humano
rolandjohann,humano
rolandreads,humano
rolandtoth,humano
rolf-quadra,humano
rolfnl,humano
rolivegab,humano
rolloerro,humano
rollokd,humano
rollsrobby,humano
romaannaeem,humano
romainbenard,humano
romainbriand,humano
romaincointepas,humano
romainhe,humano
romainmenke,humano
romainquellec,humano
romajstar,humano
romakov,humano
roman-kirsanov,humano
roman-may,humano
roman-psc,humano
roman-veryovkin,humano
romancortes,humano
romanianni,humano
romanonatacha,humano
romanonthego,humano
romanrokon,humano
romanwbruce,humano
rombie18,humano
rombiee,humano
romeerez,humano
romelgomez,humano
romellogoodman,humano
romelperez,humano
romeobravo,humano
romeovs,humano
romerodiesan,humano
romgrk,humano
romidane,humano
romiem,humano
romka-best,humano
rommyarb,humano
romuloalves,humano
romulovalez,humano
ron-liu,humano
ron23,humano
ron766-CS,humano
ronakkaria01,humano
ronaldruzicka,humano
ronaldstevanus,humano
ronaldsutantio-acn,humano
roncodingenthusiast,humano
roneymaia,humano
ronfogel,humano
rongsen-kaligo,humano
roniaxe,humano
roniceyemeli,humano
roniemeque,humano
ronihcohen,humano
ronijaat,humano
ronilsonalves,humano
ronniechoyy,humano
ronnyhaase,humano
ronsj,humano
ronvlar,humano
ronyeh,humano
ronyperez,humano
roo12312,humano
rookasrudzianskas,humano
roonie007,humano
roopakv,humano
roopemerikukka,humano
root-io,humano
rootedsoftware,humano
rootisenabled,humano
rootkowsky,humano
rootlinux2,humano
rootman,humano
roottool,humano
ropmansk,humano
roryf,humano
roryhen,humano
roryok,humano
rosbitskyy,humano
rosborn92,humano
rosenbergdev,humano
rosgoo,humano
roshaninet,humano
rosmanhashimy,humano
rosnovsky,humano
rossamurphy,humano
rossanmol,humano
rossanodr,humano
rosscooperman,humano
rossdakin,humano
rossignolli,humano
rossipedia,humano
rossjrw,humano
rosskevin,humano
rosskhanas,humano
rossng,humano
rosso007,humano
rosszurowski,humano
rostislav-simonik,humano
rostyslav-melnychuk-official,humano
rothomas,humano
rotoql-linda-bot,humano
rottabonus,humano
rottitime,humano
rousan,humano
roux1max,humano
rouzbeh84,humano
rovo89,humano
rowlandekemezie,humano
roxeteer,humano
roxizhauk,humano
roxworks,humano
royal,humano
royalbhati,humano
royalcala,humano
royalfig,humano
royalknight56,humano
roycanani,humano
royderks,humano
royhadad,humano
royjosefsson,humano
roylan34,humano
royletron,humano
roylleh,humano
roymhmok,humano
roysabenecio,humano
roytan883,humano
roytsang,humano
royvou,humano
rozenmd,humano
rozomod,humano
rozsazoltan,humano
rozsival,humano
rparet,humano
rpavlovs,humano
rpedroni,humano
rpellerin,humano
rperozin,humano
rperrote,humano
rpie3,humano
rplotkin,humano
rporrasluc,humano
rprinsen,humano
rpunjwnaixcute,humano
rpxs,humano
rpyn,humano
rquanx,humano
rquigley,humano
rr-justin-hanselman,humano
rrcobb,humano
rrdelaney,humano
rreeves8,humano
rreo,humano
rrigoni,humano
rrih,humano
rroslaniec,humano
rrroyal,humano
rrubiorr81,humano
rryyqn,humano
rs-8,humano
rsanchez,humano
rsandsrealtor-bot,humano
rsantoshreddy,humano
rscharfer,humano
rschick,humano
rschlaefli,humano
rschristian,humano
rscotten,humano
rsdimatulac,humano
rselimi,humano
rserafim,humano
rshackleton,humano
rshaul,humano
rsheppard-dev,humano
rshetty-99,humano
rshtj,humano
rsiebertdev,humano
rsignavong,humano
rsilvamanayalle,humano
rsipakov,humano
rsmelo92,humano
rsms,humano
rsolomon,humano
rsslldnphy,humano
rsylvian,humano
rszemplinski,humano
rt2zz,humano
rtabacaru,humano
rtatarinov,humano
rtaylor205,humano
rthaut,humano
rtivital,humano
rtm619,humano
rtman,humano
rtolzo,humano
rtpa25,humano
rtrembecky,humano
rtritto,humano
rtroncoso,humano
rtrvrtg,humano
rtx9,humano
ru-van-urk,humano
ru4ert,humano
ru88s,humano
rubanooo,humano
rubben-ruiz,humano
rubby-c,humano
rubelux,humano
ruben-martin-lozano,humano
rubencodes,humano
rubenferreira97,humano
rubenglam,humano
rubenkristian,humano
rubenmamo,humano
rubenpoppe,humano
rubens-lopes,humano
rubenscorrea20,humano
rubensdemelo,humano
rubenskj,humano
rubenzup,humano
rubiagatra,humano
ruby0888,humano
rubyisrust,humano
rubytree33,humano
ruchernchong,humano
rudden,humano
rudeayelo,humano
rudiwawa,humano
rudolph9,humano
rudra496,humano
rudza,humano
rufataliy,humano
ruffac,humano
ruhaim,humano
ruhaise,humano
ruicsh,humano
ruisaraiva19,humano
ruisilva450,humano
rulim34,humano
rumeshudash,humano
rumon5h,humano
rumrum28,humano
rumsky,humano
rumtraubenuss,humano
run4w4y,humano
runabol,humano
runderworld,humano
rune-hansen,humano
runephilosof-abtion,humano
runia1,humano
runjak,humano
runjuu,humano
runofthemill,humano
runofthemillgeek,humano
runoncedev,humano
runotr13,humano
ruock,humano
ruohki,humano
ruohola,humano
ruoru,humano
rupert648,humano
rupertred,humano
rupertrutland,humano
rupeshdeotale97,humano
rupin27,humano
rupurt,humano
rupyb,humano
ruru-m07,humano
rus-yurchenko,humano
rusakovic,humano
ruscandino,humano
rush86999,humano
rushabhAlmma,humano
rushi3691,humano
rushidshinde,humano
rushilpatel0,humano
ruskid,humano
ruskyvisky,humano
ruslanguns,humano
ruslansavenok,humano
ruslanyar,humano
russbot,humano
russeg,humano
russelh15,humano
russellwheatley,humano
russll,humano
rustairov,humano
rustanacexd,humano
rustyx,humano
rutaboo,humano
rutenisrailanfq,humano
ruthvikkonda,humano
rutkowskib,humano
ruucm,humano
ruudk,humano
ruvaz,humano
ruwaku,humano
ruwatana,humano
ruymon,humano
rv-dswanson,humano
rvanbaalen,humano
rvanderfeer,humano
rvanlaarhoven,humano
rvcas,humano
rvermootenct,humano
rverton,humano
rvetere,humano
rvirani1,humano
rvnewolf,humano
rwacarter,humano
rwalisa,humano
rwe,humano
rwecho,humano
rwieruch,humano
rwnbrx,humano
rworkduo,humano
rws-github,humano
rwschmitz,humano
rwu823,humano
rxdelta,humano
rxrdev,humano
ryall,humano
ryami333,humano
ryan-at-onward,humano
ryan-codingintrigue,humano
ryan-dahlia,humano
ryan-gray-db,humano
ryan-lustre,humano
ryan-nauman,humano
ryan-reach,humano
ryan-stately,humano
ryan-walsh-forte,humano
ryan-williams,humano
ryan-zayne,humano
ryanadhi,humano
ryanagillie,humano
ryanbas21,humano
ryanbliss,humano
ryanburns23,humano
ryancole,humano
ryancwalsh,humano
ryandagg,humano
ryandcsg,humano
ryandegruyter,humano
ryanditjia,humano
ryandotelliott,humano
ryandrewjohnson,humano
ryands17,humano
ryanelian,humano
ryanfavour4,humano
ryanfitzer,humano
ryanflowers,humano
ryanhalliday,humano
ryanhaticus,humano
ryanhornberger,humano
ryanhs,humano
ryaninvents,humano
ryanirilli,humano
ryanjames1729,humano
ryanjbonnell,humano
ryanjduffy,humano
ryanmalesic,humano
ryanmeisters,humano
ryanmr,humano
ryann-g,humano
ryannealmes,humano
ryanolee,humano
ryanolson-aumni,humano
ryanovas,humano
ryanponce,humano
ryanpwaldon,humano
ryanrouleau,humano
ryantando,humano
ryantang333,humano
ryantbrown,humano
ryantiptop,humano
ryanto,humano
ryanwalters,humano
ryanwolhuter,humano
ryanyu104,humano
ryardley,humano
ryarturogi,humano
ryb73,humano
rychlis,humano
rydonahue1,humano
ryhinchey,humano
ryhuz,humano
rylew1,humano
ryne2010,humano
rynmgdlno,humano
ryo-manba,humano
ryo8000,humano
ryohidaka,humano
ryohlan,humano
ryohpops,humano
ryok90,humano
ryosuke-hujisawa,humano
ryota-murakami,humano
ryozm,humano
ryparker,humano
rypete,humano
ryrybeal13,humano
ryscheng,humano
rythmn1111,humano
ryu,humano
ryu1013-job,humano
ryuapp,humano
ryudice,humano
ryuji-orca,humano
ryuken,humano
ryuoryuo,humano
ryuurock,humano
ryuushihou,humano
rywils21,humano
ryym,humano
ryyppy,humano
ryzencool,humano
ryzokuken,humano
rzalibul,humano
rzimmerdev,humano
rzinnatullin,humano
rzru,humano
rzschoch,humano
rzseattle,humano
rzssh,humano
rzubrycki,humano
rzzapp,humano
s,humano
s-a-d-a-t,humano
s-ekai,humano
s-fletcher,humano
s-h-a-d-o-w,humano
s-ileris,humano
s-iliyas,humano
s-kennedy,humano
s-kris,humano
s-nakagaki,humano
s-nakk,humano
s-panferov,humano
s-tkachenko,humano
s0h311,humano
s1973,humano
s1gr1d,humano
s3jerico,humano
s3ntricall,humano
s4kh,humano
s4l1h,humano
s4pp1,humano
s875515,humano
sFritsch09,humano
sKopheK,humano
sLatzko,humano
sLeeNguyen,humano
sMteX,humano
sQVe,humano
sYsguard,humano
sa-abdullah,humano
sa3dany,humano
saadaouad,humano
saadbinsaeed,humano
saaddaali,humano
saadeghi,humano
saadh393,humano
saadsme,humano
saalimzafar,humano
saamauro92,humano
saarnav890,humano
saarw,humano
saasmeld-holdco,humano
sab91,humano
sabaMohamadii,humano
sabbir073,humano
sabbircste,humano
sabbiu,humano
sabeerbikba,humano
sabertaz,humano
sabigara,humano
sabinbaniya,humano
sabit990928,humano
sably,humano
sabovyan,humano
sabres207,humano
sabreu-teknorix,humano
sabrinaluo,humano
sabrinaluohk01,humano
sachanritik1,humano
sachaos,humano
sachaw,humano
sachinbhatnagar,humano
sachinkr7368,humano
sachinraja,humano
sachit092pratap,humano
sacmii,humano
sacru2red,humano
sadaffathali,humano
sadam1807,humano
sadam21x,humano
saddambaialiev,humano
sadeghhosseiny,humano
sadeghmohebbi,humano
sadekujjaman,humano
sadhik-mehraj-shaik,humano
sadik-malik,humano
sadikekin,humano
sadiki-o,humano
sadikkuzu,humano
sadkebab,humano
saeed-jalilian,humano
saeedghasemi72,humano
saeedhemmati,humano
saeta-eth,humano
saevarb,humano
safareli,humano
safeamiiir,humano
safeimuslim,humano
safethecode,humano
safinn,humano
safiya2610,humano
saftsoppa,humano
safwanmasarik,humano
safwen-kyo,humano
sagan,humano
sagar talla,humano
sagar-gavhane,humano
sagar285,humano
sagarchoudhary96,humano
sagardewani,humano
sagardhamani-acko,humano
sagargjasani,humano
sagarithm,humano
sagarpreet-chadha,humano
sagarpreet-xflowpay,humano
sagars01,humano
sagartalla,humano
sagarteja9666,humano
saginadir,humano
sagirk,humano
sagish,humano
sagrawal-code,humano
sahalsajjad,humano
sahanatroam,humano
sahandmohammadrehzaii,humano
sahandsn,humano
sahanxdissanayake,humano
sahaviev,humano
sahebmohammadi,humano
saheljalal,humano
sahilatahar,humano
sahilrajput03,humano
sahils0,humano
sahilsarpalguru,humano
sahilshahane,humano
sahinme,humano
sahlouls,humano
saibayadon,humano
saibs,humano
saicharan-gevme,humano
saidMounaim,humano
saideep1011,humano
saif-netixsol,humano
saifbechan,humano
saifsilver,humano
saihaj,humano
saiichihashimoto,humano
saikarthikp9,humano
saikatmitra91,humano
sailchou,humano
sailor,humano
sailxjx,humano
saimeunt,humano
saintade,humano
saintego,humano
saintjcob,humano
saintmalik,humano
saiqulhaq,humano
sairajchouhan,humano
sairion,humano
saisantosh,humano
saitejabandaru-in,humano
saitharunsai,humano
saito-kosuke,humano
saitolume,humano
saitonakamura,humano
sajadZmani,humano
sajadghawami,humano
sajadtorkamani,humano
sajan018,humano
sajibarafatsiddiqui,humano
sajidsalman75,humano
sajin4dev,humano
sajjadghasemi,humano
sakenalimbayev,humano
saketh-kowtha,humano
sakgoyal,humano
sakhmedbayev,humano
sakhro,humano
sakib412,humano
sakibhasandev,humano
sakibrahmanchy,humano
sakibsecondary,humano
sakilanwar12,humano
sakit0,humano
sakkelaaksonen-siili,humano
sakolesnikov,humano
saksham2410,humano
sakshambakshi,humano
sakulstra,humano
saladhenchmen,humano
salahbm,humano
salahhazaea,humano
salamAbba,humano
salamaashoush,humano
salazarm,humano
saldomik,humano
saleebm,humano
salehhamadeh,humano
salehkaddoura-folio,humano
salembaira,humano
salhotra,humano
salieflewis,humano
salihgungormez,humano
salikn,humano
salil0001,humano
salimabsi,humano
salincakli,humano
sallomendo,humano
salman-mazhar,humano
salman0ansari,humano
salmanansari14,humano
salmanorak,humano
salmazov,humano
salokod,humano
salos1982,humano
saltcod,humano
saltovo,humano
saltycrane,humano
saltz,humano
salvadorbs,humano
salvinoto,humano
salyadav,humano
salzhrani,humano
sam,humano
sam-btrt,humano
sam-hieken,humano
sam-hsbu,humano
sam-masscreations,humano
sam-shervin,humano
sam-skydio,humano
sam9191,humano
samakintunde,humano
samandar-boymurodov,humano
samanmohamadi,humano
samanthabretous,humano
samao,humano
samarth-keskar-au1,humano
samasri,humano
samatar26,humano
sambacha,humano
sambarrowclough,humano
sambatlim,humano
sambauers,humano
sambecker,humano
sambencivengo,humano
samberic,humano
sambhav-gore,humano
sambirsb,humano
sambokai,humano
samburgers,humano
samc,humano
samcarton,humano
samchouse,humano
samcorcos,humano
samcx,humano
samdawit,humano
samdenty,humano
sameer55chauhan,humano
sameerxanand,humano
samennis1,humano
samerset-rmn,humano
sametcn99,humano
sameterkanboz,humano
samevision,humano
samfortunato,humano
samfromaway,humano
samhenderson511,humano
samhenri,humano
samhithaquoqo,humano
samholmes,humano
sami-tin,humano
sami616,humano
samialitop3,humano
samijaber,humano
samik3k,humano
samilyak,humano
samipshah100,humano
samir-araujo,humano
samir9saeedi,humano
samislam,humano
samithaf,humano
samivagyok-web,humano
samjusaitis,humano
samkelleher,humano
samknp,humano
sammdec,humano
sammy-jeff,humano
sammyZi,humano
samohovets,humano
samos123,humano
samosaboy,humano
samovertonjr,humano
samoyedisco,humano
samparmenter,humano
samplep182,humano
sampoder,humano
sampotts,humano
sampsonjoliver,humano
samrobbins85,humano
samsan1212,humano
samsch,humano
samschooler,humano
samselikoff,humano
samsends,humano
samsepi0ldev,humano
samshelley,humano
samsisle,humano
samson501,humano
samstr,humano
samsullivan,humano
samswen,humano
samtbg,humano
samtgarson,humano
samthomson,humano
samtuckerdavis,humano
samuanv,humano
samudrajovanka,humano
samuel-adekunle,humano
samuel-morrissey,humano
samuel-ping,humano
samuela,humano
samuelbailey123,humano
samuelcastro,humano
samuelcole,humano
samuelcotterall,humano
samueldelaporte,humano
samueldusek,humano
samuelg123,humano
samuelgoddard,humano
samuelgoff,humano
samuelgoldenbaum,humano
samuelhnrq,humano
samuelhorn,humano
samuelhulla,humano
samueljd,humano
samuelkraft,humano
samuellembke,humano
samuelmartineau,humano
samuelsalter,humano
samuelscheit,humano
samuelstroschein,humano
samuliasmala,humano
samulisuomi,humano
samundra,humano
samura,humano
samurodriguez,humano
samvel1024,humano
samvv,humano
samw3,humano
samwightt,humano
samwinslow,humano
samwiskow,humano
samyilias,humano
samymedia,humano
san-pblr-gct,humano
sanalpanicker,humano
sanathusk,humano
sanbornhilland,humano
sanchezedgar,humano
sand4rt,humano
sandcastle,humano
sandeepbojan,humano
sandeepkumar03,humano
sandercoffee,humano
sanderkoenders,humano
sanderkooger,humano
sandermaas,humano
sanders-vag,humano
sanders54,humano
sandervspl,humano
sandgraham,humano
sandiiarov,humano
sandipbhambre,humano
sandra-goag,humano
sandric,humano
sandrina-p,humano
sandrinjoy,humano
sandrinodm,humano
sandrodesouza,humano
sandrotanner,humano
sandruky85,humano
sandys,humano
sandyvb,humano
sandywk,humano
saneruby,humano
sang-onbpad,humano
sangauit,humano
sangdth,humano
sangeethkumarsg,humano
sanghin,humano
sangotaro,humano
sangwook,humano
sania1801,humano
sanicode,humano
saniko,humano
sanity-io,humano
sanjaikumarv,humano
sanjaiyan-dev,humano
sanjayjb,humano
sanjaykrishnan-Tech,humano
sanjaytwisk,humano
sanjeethboddi,humano
sanjeeviraj,humano
sanjibani,humano
sanjipun,humano
sankabuilds,humano
sankarmanoj,humano
sanketssc,humano
sankpan,humano
sannajammeh,humano
sannamar,humano
sanneh2,humano
sanniassin,humano
sanny-io,humano
sanojsilva,humano
sanpezlo,humano
sanriqing,humano
sanruiz,humano
sans-byte,humano
sansculotte,humano
sanskar-19,humano
sant3001,humano
santanuyogi,humano
santhoshsathish94,humano
santi020k,humano
santiagoMeloMedina,humano
santiagoRebella,humano
santiagoesteva,humano
santiagosemhan,humano
santialbo,humano
santidalmasso,humano
santigimeno,humano
santimc,humano
santokhan,humano
santosh100000,humano
santoshge-nirva,humano
santoshkpandaio,humano
santoshyadavdev,humano
santsys,humano
santutu,humano
santyas,humano
sanukjoseph,humano
sanwalsulehri,humano
sanzhardanybayev,humano
saostad,humano
saoudi-h,humano
sapandiwakar,humano
sapegin,humano
sapiensmysior,humano
sapjax,humano
sapn1s,humano
sapomaro,humano
sapphire-haeward,humano
sapphireJena,humano
saqbach,humano
sara31120,humano
saraahso,humano
saraelsa,humano
sarahBuisson,humano
sarahkirby,humano
sarang-naico,humano
sarangkartikey50,humano
saranshbarua,humano
sarapowers,humano
sarathjasrin,humano
sarathkumarsasi,humano
saravanakumargn,humano
sarazeaiter1,humano
saresh-krish,humano
sarfrazarshad,humano
sarhanm,humano
sarioglu,humano
sarkarovmurad,humano
sarkistlt,humano
sarmad1995,humano
sarmadgardezi,humano
sarovin,humano
sarowarhosen03,humano
sarriaroman,humano
sarthaksaklecha,humano
sarthaksavvy,humano
sarukuku,humano
sarupbanskota,humano
sarushili0430,humano
sasamon0827,humano
saschajullmann,humano
saseungmin,humano
sash9696,humano
sashaMarkovna,humano
sashakrauzer,humano
sashasushko,humano
sashberd,humano
sasicodes,humano
sasindroid,humano
sasivarnan,humano
saswatamcode,humano
sasweb,humano
satazor,humano
satelllte,humano
sathishkannan162,humano
sathovsepyan,humano
satispunk,humano
sato-kazuma-kun,humano
satoshinakamoto501,humano
satoyan,humano
satpalsr,humano
sattarrasouli,humano
satu-jovanhartono,humano
saturn118,humano
satvik-1203,humano
satyambnsal,humano
satyavamsi,humano
saubhagya23,humano
saucesteals,humano
sauhard98,humano
saul-atomrigs,humano
sauldeleon,humano
saulflores95,humano
saulloalmeida,humano
sauloquirino,humano
saulve,humano
saurabh-sol,humano
saurabhSiddhu,humano
saurabhburade,humano
saurabhck12,humano
saurabhgupta050890,humano
saurabhguptarock,humano
saurabhmehta1601,humano
saurabhsri108,humano
sauravazad,humano
savager,humano
savalanpour,humano
savely-krasovsky,humano
saver711,humano
savethepolarbears,humano
savnik,humano
sawa-ko,humano
sawa-zen,humano
sawaYch,humano
sawich,humano
sawik-code,humano
sawyerh,humano
saxxi,humano
sayantank,humano
sayeedkhalshi,humano
sayem314,humano
sayhicoelho,humano
sayjeyhi,humano
sayshark75,humano
sayusufa,humano
sb-saksham,humano
sbatir,humano
sbboli,humano
sbbu,humano
sbdchd,humano
sbehrends,humano
sbekrin,humano
sbfkcel,humano
sbfs-co,humano
sbh96,humano
sbinlondon,humano
sbjovanovski,humano
sbking,humano
sbkobaidze,humano
sboerrigter,humano
sboh1214,humano
sboudrias-aa,humano
sbougerel,humano
sbrichardson,humano
sbstnjvf,humano
sc0rebreaker,humano
sc0ttdav3y,humano
scabbiaza,humano
scajal,humano
scally-betterup,humano
scarab-systems,humano
scarlson1109,humano
scastiel,humano
scefali,humano
scemii,humano
sceppi,humano
scerelli,humano
scf4,humano
schabluk,humano
schaier-io,humano
schaki,humano
schalterDev,humano
schapka,humano
schardev,humano
scheatkode,humano
schemburkar,humano
schhunheng,humano
schickling,humano
schinkentanz,humano
schizek,humano
schlegz,humano
schlosser,humano
schmelto,humano
schmidsi,humano
schmod,humano
schneckentempo,humano
schneedotdev,humano
schnerd,humano
schnubor,humano
schoenwaldnils,humano
schoettler,humano
schopra-ces,humano
schorfES,humano
schriker,humano
schrodienieur,humano
schtiewen,humano
schultzp2020,humano
schuma7,humano
schwamic,humano
schwigri,humano
schwwwan,humano
sciarrilli,humano
sciencebased,humano
scienmanas,humano
sciensito,humano
scinfu,humano
scinscinscin,humano
scissorhands26,humano
sckimynwa,humano
sckschouten,humano
sclebal,humano
sclm,humano
scmx,humano
sco,humano
scombat,humano
scook12,humano
scott-coates,humano
scott-thrillist,humano
scott82anderson,humano
scottalguire,humano
scottbartell,humano
scottcinatl,humano
scottckr,humano
scottdevito,humano
scottdj92,humano
scottie-schneider,humano
scottjason,humano
scottlet,humano
scottmacdonnell,humano
scottmas,humano
scottmay2020,humano
scottpaulin,humano
scottquested,humano
scottrepreneur,humano
scottroot,humano
scottyob,humano
scpaye506,humano
scplay,humano
scrabase,humano
screid123,humano
scriptedcity,humano
scripter-co,humano
scriptex,humano
scriptify,humano
scrumptiousdev,humano
scs0209,humano
scsper,humano
sct,humano
sctgraham,humano
scttcper,humano
scull7,humano
sculli-net,humano
scurrilus,humano
scurrilus-funke,humano
scw1021,humano
scythargon,humano
scyv,humano
sdaigo,humano
sdalonzo,humano
sdaves,humano
sdb1228,humano
sdbeng,humano
sdbxsdb,humano
sdcooke,humano
sdeagh,humano
sdelvalle57,humano
sdfjfsdj,humano
sdgluck,humano
sdhani,humano
sdimitris,humano
sdjnes,humano
sdkdeepa,humano
sdli,humano
sdn90,humano
sdoironkcdus,humano
sdoomz,humano
sdornan,humano
sdorra,humano
se-omar,humano
sea-witch,humano
sea129,humano
seagyn,humano
seainhand,humano
sealzrt,humano
seamuslowry,humano
sean-ahn,humano
sean-clarke,humano
sean-colatour,humano
sean-hale-dev,humano
sean-hill,humano
sean-nicholas,humano
sean-rallycry,humano
sean256,humano
sean6bucks,humano
seanbailey28,humano
seanbeirnes,humano
seanblonien,humano
seanbruce,humano
seancheung,humano
seanconnollydev,humano
seanfilimon,humano
seangray-dev,humano
seanho96,humano
seanippolito,humano
seanislegend,humano
seanjb,humano
seanlail,humano
seanli,humano
seanmcquaid,humano
seanparmelee,humano
seanpaulharsevoort,humano
seantimm,humano
seanxwzhang,humano
searchstefano,humano
searleb,humano
seastian,humano
seawatts,humano
seb-saletes,humano
sebadiaz-arg,humano
sebadom,humano
sebalaini,humano
sebald,humano
sebas-deedee,humano
sebas5384,humano
sebascomeau,humano
sebasgarcep,humano
sebasmrl,humano
sebastian-nowak,humano
sebastian-worcay,humano
sebastianarena,humano
sebastianbenz,humano
sebastiancarlos,humano
sebastiancrossa,humano
sebastiandedeyne,humano
sebastianfdz,humano
sebastiangralikowski,humano
sebastiangrebe,humano
sebastianhaiss,humano
sebastianhenneberg,humano
sebastianmacias,humano
sebastianpalmgrebban,humano
sebastianpikand,humano
sebastianroming,humano
sebastiansson,humano
sebastianturbiarz,humano
sebastianupr,humano
sebastianvitterso,humano
sebastien-comeau,humano
sebastien-prudhomme,humano
sebastienbarre,humano
sebastienlabine,humano
sebaveg,humano
sebavuye,humano
sebazelonka,humano
sebe324,humano
sebfie,humano
sebhorin,humano
sebin-simon,humano
sebinsua,humano
sebiweise,humano
sebmarkbage,humano
sebmellen,humano
sebnyberg,humano
sebpalluel,humano
sebpettersson,humano
sebpowell,humano
sebqq,humano
sebsonjura,humano
sebtrif,humano
sebws,humano
sebzapata,humano
sechibueze,humano
secmanish,humano
secmohammed,humano
secretlifeof,humano
secretmtgdev,humano
secundant,humano
secure12,humano
sedegah,humano
sedhha,humano
sedlukha,humano
sedubois,humano
sedx,humano
see-stack,humano
seeARMS,humano
seeekr,humano
seejamescode,humano
seeplusplus,humano
sefakeles,humano
segabrielcarvalho,humano
segersniels,humano
segfaultmedaddy,humano
segheysens,humano
segmentationfaulter,humano
segunadebayo,humano
seheon99,humano
seho0808,humano
sehrish30,humano
sehyunc,humano
seidior,humano
seidtgeist,humano
seiflotfy,humano
seiler-emerson,humano
seiry,humano
seivad,humano
seiyab,humano
sejoalfaro,humano
sekai,humano
sekmet,humano
sekyungk,humano
selbekk,humano
selcukcihan,humano
selcukguler0,humano
seldo,humano
selenecodes,humano
selfagency,humano
selfire1,humano
selimeneserd,humano
selimsezr,humano
sellold,humano
sellrock-de,humano
seloElo,humano
selodev,humano
selrond,humano
selvaganapathi5995,humano
selvakumardhivakar,humano
selvamk-js,humano
selven,humano
selvesandev,humano
semionvn,humano
semklim,humano
semkolol,humano
semmywong,humano
semoal,humano
semy,humano
sendmenas,humano
sendy34,humano
senfish,humano
sengirab,humano
senorsenorjunior,humano
senritsu,humano
sensecodevalue,humano
sensedrive,humano
sensitivetube0,humano
senthil-sprint1,humano
sentience,humano
senutpal,humano
seob717,humano
seogki,humano
seognil,humano
seohyeon1578,humano
seokju-na,humano
seonghyeonkimm,humano
seongry,humano
seongsoo96,humano
seonwoong1,humano
seosmmbusiness,humano
sepiropht,humano
seplee,humano
septem1997,humano
septiandrd,humano
sequencerr,humano
ser-veresta,humano
serGlazkov,humano
seradotflac,humano
serban4,humano
serchserch,humano
serendipity1004,humano
serg-and,humano
serge20,humano
sergei-aivazian,humano
sergei-kh,humano
sergejreznik,humano
sergev-magnetsusa,humano
sergey-hippo,humano
sergeyshaykhullin,humano
sergeyzwezdin,humano
sergical,humano
sergii-bo,humano
sergio-milu,humano
sergioalvz,humano
sergiodxa,humano
sergiofilhowz,humano
sergiofra98,humano
sergiohgz,humano
sergiokopplin,humano
sergiolamorda,humano
sergioloporto,humano
sergiolozav2,humano
sergiop,humano
sergioramirez-dev,humano
sergioviniciuss,humano
sergitejada,humano
sergiuchuckmisha,humano
sergiupris,humano
sergiycheck,humano
sergodeeva,humano
sergonius,humano
sergous,humano
serhalp,humano
serhii-baraniuk,humano
serhii-kucherenko,humano
serhiihaniuk,humano
serhiiminin,humano
serhiipalash,humano
serhiislobodian,humano
serhiizx,humano
serifold,humano
seriouscatsoserious,humano
serjdrn,humano
serkan-bayram,humano
serkanbektas,humano
serkandyck,humano
serkanz,humano
serle,humano
serranoarevalo,humano
serrynaimo,humano
serv,humano
service-paradis,humano
seryl,humano
serzmerz,humano
sesigl,humano
sespinosa,humano
sessionboy,humano
sesteva,humano
seta-hainguyen,humano
setamyDG,humano
seth146,humano
sethbattin,humano
sethbergman,humano
sethbro,humano
sethburtonhall,humano
sethetter,humano
sethgw,humano
sethjdev,humano
sethlarkin,humano
sethmcleod,humano
sethreidnz,humano
sethsamuel,humano
sethsnel,humano
sethtippetts,humano
setodeve,humano
setoelkahfi,humano
seung-juv,humano
seungdols,humano
seungjulee,humano
sev3e3e,humano
seve,humano
seveibar,humano
seven-deuce,humano
severjason,humano
sevillal,humano
sevtdy,humano
seyhak,humano
seymoe,humano
seyoon20087,humano
sezze,humano
sfarthin,humano
sfatali,humano
sfcjs,humano
sfeir-pach,humano
sferdeveloper,humano
sfgrdsgdsfdrfyg-code,humano
sfhardman,humano
sfhemstreet,humano
sfiquet,humano
sfkiwi,humano
sfmskywalker,humano
sfonua10,humano
sfounder,humano
sfrieson-tm,humano
sfwnisme,humano
sgalanb,humano
sgallese,humano
sgammon,humano
sgandolfo,humano
sgarnotel,humano
sgarrity,humano
sgb-io,humano
sgehrman,humano
sgfanega,humano
sgharms,humano
sgibler-droid,humano
sglza,humano
sgmheyhey,humano
sgmonda,humano
sgoodrow-zymergen,humano
sgrobert,humano
sgrund14,humano
sgtpenguin,humano
sgtpsibin,humano
sguillia,humano
sgup,humano
sgwrangler,humano
sh471,humano
shYkiSto,humano
shaaandi,humano
shaadcode,humano
shabailiu,humano
shabak,humano
shabalinski,humano
shabanhr,humano
shabetya,humano
shabith,humano
shabnamoz88,humano
shadcn,humano
shadiramadan,humano
shadmankhan,humano
shadone,humano
shadow173,humano
shadowgroundz,humano
shadowmelds,humano
shadowtime2000,humano
shadowwalker,humano
shady00999,humano
shaedmorgan,humano
shafqatalix,humano
shahargl,humano
shahbazshueb,humano
shahharis98,humano
shahin-bayat,humano
shahkeyur,humano
shahradelahi,humano
shahram0102,humano
shahriarpshuvo,humano
shahruz,humano
shahryarjb,humano
shahzeb1,humano
shahzoab,humano
shaianest,humano
shaikahmadnawaz,humano
shaileshvit,humano
shainegordon,humano
shaked-frame,humano
shakedlokits,humano
shakesBeardZ,humano
shakib609,humano
shakuisitive,humano
shalabi,humano
shalomsam,humano
shalzz,humano
shambu2k,humano
shammlo,humano
shams-in,humano
shanbady,humano
shane-arthur,humano
shaneafsar,humano
shanecav,humano
shanedaugherty,humano
shanedroid32,humano
shaneheyworth,humano
shanehoban,humano
shanejonas,humano
shanekunz,humano
shanemacbride,humano
shaneosullivan,humano
shanewmurphy,humano
shankao,humano
shankar-vanapalli,humano
shanly-suepaul,humano
shantanu2307,humano
shanu-user,humano
shanvl,humano
shaodahong,humano
shaoxianbilly,humano
sharadcodes,humano
sharadregoti,humano
sharanya5,humano
sharanyam123,humano
sharif9876,humano
sharifhh,humano
sharifmrahat,humano
sharils,humano
sharique-asghar,humano
sharkey11,humano
sharma0611,humano
sharokhkiumarsi,humano
sharozraees802,humano
sharpcoder77,humano
shartte,humano
shashank-jaiswal-cn,humano
shashank-u03,humano
shashidhar100,humano
shashkovdanil,humano
shashwat46,humano
shaswatsaxena,humano
shatran,humano
shaun-scale,humano
shaunchander,humano
shaunchurch,humano
shaunforage,humano
shaungrady,humano
shaungt1,humano
shauns,humano
shaunwarman,humano
shauravg,humano
shaver-bigwx,humano
shavidze,humano
shawnbot,humano
shawncal,humano
shawnchan99,humano
shawner18,humano
shawnesquivel,humano
shawngustaw,humano
shawninder,humano
shawnlknight,humano
shawnmclean,humano
shawnsparks,humano
shawnthwei,humano
shawshankkumar,humano
shaxutang,humano
shaykyasin,humano
shazamshakeel,humano
shbov,humano
shebbys,humano
sheelah,humano
sheepsteak,humano
sheeraz1022,humano
sheerun,humano
sheetalsindhu,humano
shefaligoel136,humano
shehi,humano
shehroze-1122,humano
sheik-mostafizur,humano
sheikalthaf,humano
sheikhkitabb,humano
sheisacreative,humano
shel404,humano
sheldon-welinga,humano
sheldonj,humano
sheleoni,humano
shelldandy,humano
shellen,humano
shellking4,humano
shellord,humano
shem8,humano
shenburak,humano
shenger9,humano
shenghanqin,humano
shenlu89,humano
shephgar,humano
sherifawad,humano
shertu,humano
sheshtiwari,humano
shestakov-vladyslav,humano
shfshanyue,humano
shh8te,humano
shhivv,humano
shhmon,humano
shiam-technext,humano
shianqi,humano
shibe23,humano
shibukawa,humano
shidel-dev,humano
shieldarchives,humano
shifengdiy,humano
shifenhutu,humano
shiftrtech,humano
shigurenimo,humano
shihabus,humano
shihfu,humano
shikev,humano
shilman,humano
shimamooo,humano
shimika,humano
shimizu-izumi,humano
shindi-renuo,humano
shinebayar-g,humano
shinitakunai,humano
shinkj11,humano
shinobijs,humano
shinwonse,humano
shiny,humano
shinyruo-nmsl,humano
shinyuna,humano
shipcake,humano
shipleyc-zen,humano
ships,humano
shiqocred,humano
shirakaba,humano
shirazz,humano
shiroyasha9,humano
shiruco,humano
shishantbiswas,humano
shivakantshukla55,humano
shivaluma,humano
shivamCode0,humano
shivampycharm,humano
shivamragnar,humano
shivangg,humano
shivank44,humano
shivanshguleria,humano
shivanshubisht,humano
shivaping,humano
shivaprasadks,humano
shivarajsb,humano
shivarm,humano
shivayan-bora,humano
shivdon,humano
shivgarg5676,humano
shivgodi7,humano
shivmann,humano
shivom007,humano
shivwork,humano
shixian-HFUT,humano
shixin-guo,humano
shiyuhang0,humano
shkarupa-alex,humano
shkreios,humano
shkrmkr,humano
shlaikov,humano
shlajin,humano
shlomie-ornelix,humano
shlroland,humano
shmdhussain,humano
shmeleva,humano
shmidt-i,humano
shn2016,humano
shnoru1,humano
sho-xizz,humano
shoaibarif668,humano
shoaibmerchant,humano
shoaibshaikh07,humano
shobhit-bhatt-14,humano
shobhit-jain,humano
shobhitsharma,humano
shockw4ver,humano
shoemoney,humano
shogunsea,humano
shohinrahmonov,humano
sholladay,humano
sholzmayer,humano
shongs27,humano
shonsukee,humano
shootingsupplies,humano
shorkyw,humano
shorn,humano
shorthander,humano
shotah,humano
shotanue,humano
shouze,humano
shovelend,humano
shoveller,humano
showduhtung,humano
showell215,humano
showmeyourhits,humano
showonne,humano
shozibabbas,humano
shpeedle,humano
shqear93,humano
shra1-gzp,humano
shrads12,humano
shrapnelnet,humano
shravan2x,humano
shreecodes,humano
shreedharhegde99,humano
shreks7,humano
shrekuu,humano
shreya121212,humano
shreyank4444,humano
shreyas-jadhav,humano
shreyashpatel5506,humano
shriekdj,humano
shriharip,humano
shrinidhi4u,humano
shrink,humano
shriq011,humano
shrmaky,humano
shrugs,humano
shsxnk,humano
shtefcs,humano
shtepcell,humano
shtse8,humano
shu1007,humano
shuakami,humano
shubasishdas,humano
shubh140601,humano
shubh73,humano
shubham-2710,humano
shubham-available,humano
shubham-pandey12,humano
shubhamkushwahsk,humano
shubhamtak007,humano
shubhankartrivedi,humano
shubhxho,humano
shubhzade,humano
shuding,humano
shuffgy,humano
shuhad,humano
shuhei-tagawa,humano
shulinnn,humano
shumakmanohar,humano
shumbo,humano
shun-shobon,humano
shunfeng8421,humano
shunkakinoki,humano
shunsusa,humano
shurvirmori,humano
shuta13,humano
shutallbridge,humano
shuuji3,humano
shuvamk-dev,humano
shuzipai,humano
shuzootani,humano
shvamabps,humano
shvetsovart,humano
shyamamtiya,humano
shyamenk,humano
shyampathade,humano
shyamsukhamit,humano
shynome,humano
shyuuuuni,humano
siail,humano
siakaramalegos,humano
siamahnaf,humano
siamekanto19,humano
siansell,humano
siarhei-klimuts,humano
siarheipashkevich,humano
siawyoung,humano
siba19785,humano
sibasishm,humano
sibbng,humano
sibelius,humano
sibouras,humano
sic!kh,humano
sicarius97,humano
sicikh,humano
sid-bplx,humano
sid-tmbill,humano
sidati,humano
sidd1707,humano
siddarthkot,humano
sidddev7,humano
siddharth-joshi-e2156,humano
siddharthborderwala,humano
siddharthd0,humano
siddharthkp,humano
siddharthsharma94,humano
siddharthsogani,humano
siddtheone,humano
siddu-nc,humano
sideroad,humano
sidewaiise,humano
sidgaikwad,humano
sidhuko,humano
sidinei-silva,humano
sidletski,humano
sidmclaughlin,humano
sidorares,humano
sidreddyinsider,humano
sidthesloth92,humano
siduck,humano
sidujjain,humano
sidwebworks,humano
sidyes,humano
sievan,humano
siexp,humano
sifanjoraboris,humano
siffogh,humano
sigginjals,humano
siggy17,humano
sigma54-ca,humano
sigmachirality,humano
sigrundis,humano
siimsams,humano
siinghd,humano
sikhote,humano
silas,humano
silas-v1,humano
silash35,humano
sildeman,humano
silence48,humano
silent-cipher,humano
silent-sixth-cargo,humano
silent1mezzo,humano
silentim,humano
silentlight,humano
silesky,humano
silkcoder,humano
sillvva,humano
sillyas2010,humano
siloor,humano
silte,humano
silvenon,humano
silverWolf818,humano
silverbirder,humano
silvertech-daniel,humano
silvestrinidev,humano
silveur,humano
silvioprog,humano
sim391calado,humano
sim51,humano
simPod,humano
simakwm,humano
simalicrum,humano
simandebvu,humano
simenbrekken,humano
simeon-smith,humano
simicoder,humano
simmbiote,humano
simmondsty,humano
simmzl,humano
simnalamburt,humano
simoami,humano
simobuilds,humano
simon-abbott,humano
simon-baehler,humano
simon-holm,humano
simon-id,humano
simon-olsen,humano
simon-v-swyftx,humano
simon360,humano
simon998yang,humano
simoncave,humano
simonecervini,humano
simonecorsi,humano
simonerlandsen,humano
simonespa,humano
simonflk,humano
simongavelin,humano
simongowing1,humano
simonguo,humano
simonhaenisch,humano
simonhermann,humano
simonhrogers,humano
simonhudson,humano
simonireilly,humano
simonjoom,humano
simonkberg,humano
simonknittel,humano
simonkubica,humano
simonmares,humano
simonorzel26,humano
simonpeters,humano
simonpkerr,humano
simonri,humano
simonriple,humano
simonsankar,humano
simonsmadsen,humano
simonsmith,humano
simonstaton,humano
simonstudios,humano
simonswiss,humano
simontaisne,humano
simontong,humano
simonwalsh,humano
simonxdev,humano
simony,humano
simpel,humano
simplenotezy,humano
simpleprogrammer2,humano
simplequality,humano
simplynutty,humano
simpros,humano
simpson,humano
simrin3308,humano
simsketch,humano
simtuitive-v3,humano
simunic-cz,humano
sin-ack,humano
sin-ko,humano
sina-byn,humano
sina-ko,humano
sina-salahshour,humano
sinabdollahi,humano
sinafath,humano
sinan2000,humano
sinanptm,humano
sinanyalcinkaya,humano
sinapcs,humano
sinapirani,humano
sinaprgm1376,humano
sinar93,humano
sinasab,humano
sinchang,humano
sinclairnick,humano
sincovschi,humano
sincu,humano
sindremb,humano
sindresorhus,humano
singh-inder,humano
singhkaram,humano
singhofmarco,humano
singhs020,humano
singhvishalrajput,humano
singingwolfboy,humano
singleseeker,humano
sinhapaurush,humano
sinnrrr,humano
sinoon,humano
sinosoidal,humano
sinssz,humano
sintijab,humano
sinwar,humano
sinzek,humano
siobh9,humano
siolfyr,humano
sioquim,humano
siosphere,humano
siowzhenhan,humano
siquick,humano
sirTangale,humano
siraben,humano
siraisisatoru,humano
sirajtahra,humano
sirajtechy,humano
sirctseb,humano
sircuri,humano
sirdeggen,humano
sireesha-siri,humano
sirgagahandino9-design,humano
siriscmv,humano
siriwatknp,humano
sirlisko,humano
sirmyron,humano
sirrodgepodge,humano
sirshurak,humano
sirtrade,humano
sisp,humano
sistrall,humano
sitharthan,humano
sithmel,humano
sitoftonic,humano
sitole,humano
siulca,humano
siva-kannan3,humano
sivabalan02,humano
sivadinesh1,humano
sivani-pa,humano
sivaraj-v,humano
sivtu,humano
sivukhin,humano
sixbangs,humano
sixclones,humano
sixtatami,humano
sixty-nine,humano
siyasangab,humano
sizuhiko,humano
sj-rai,humano
sjBao,humano
sjaakbanaan,humano
sjc5,humano
sjchmiela,humano
sjcodebook,humano
sjconstantin,humano
sjfkai,humano
sjiamnocna,humano
sjoerdvanBommel,humano
sjohns21,humano
sjohnston88,humano
sjosuerojas,humano
sjyasuosj,humano
sk-1982,humano
sk3106,humano
sk91,humano
skagedal,humano
skapoor8,humano
skaptox,humano
skar07,humano
skaraudio,humano
skardtechDeveloper,humano
skarthik05,humano
skarthikeyan96,humano
skasyn,humano
skattwood,humano
skayux,humano
skd6150,humano
skdigital,humano
skeezieb,humano
skele2k,humano
skellyb,humano
skelouse,humano
skenan,humano
skene,humano
skeptlk,humano
skerdi-zogaj,humano
sketchynix,humano
skhavari,humano
skhaz,humano
skirsten,humano
skitsanos,humano
skitterm,humano
skivol,humano
sklawren,humano
skliffmueller,humano
sklymoshenko,humano
skmdev,humano
skmercur,humano
sko-kr,humano
skoch,humano
skogie,humano
skolldev,humano
skolodyazhnyy,humano
skorphil,humano
skoshx,humano
skoshy,humano
skout90,humano
skptricks,humano
skreinberg97,humano
skrg-kotani,humano
skrhlm,humano
skriems,humano
skrivanos,humano
skt-t1-byungi,humano
skulldogged,humano
skullface,humano
skumpulainen,humano
skurekjakub,humano
skusez,humano
skushagra,humano
skv-headless,humano
skve,humano
skwinnik,humano
skworden,humano
sky-admin,humano
sky790312,humano
skybluethis,humano
skyboy2020,humano
skychavda,humano
skycrazyk,humano
skyddyyu,humano
skyeinthecloud,humano
skyend,humano
skyksandr,humano
skylarmb,humano
skylive-skl,humano
skylorean,humano
skylus,humano
skyorganicsspices-sys,humano
skypears,humano
skyrpex,humano
skywalker512,humano
skyweaver213,humano
skywickenden,humano
skywinston,humano
sl1mpshady,humano
sl5310,humano
slaat,humano
slacerda85,humano
slackerzz,humano
sladg,humano
slainless,humano
slamer59,humano
slaskis,humano
slaterbbx,humano
slava-lu,humano
slavafomin,humano
slavakurilyak,humano
slavanga,humano
slavazoomer,humano
slavb18,humano
slaviczavik,humano
slavik-chapelskyi,humano
slavikshen,humano
slawekkolodziej,humano
slecoustre,humano
slecoustre-vulog,humano
sleekLancelot,humano
sleepdotexe,humano
sleeporsmile,humano
sleevezip,humano
sleeyax,humano
sleitor,humano
slemac,humano
slevy85,humano
slice,humano
sliceem88,humano
slicktdog08,humano
slider82,humano
slimbde,humano
slimshreydy,humano
slin-aurascape,humano
slinkardbrandon,humano
slipets-a,humano
sljeff,humano
slmnsrf,humano
sloane,humano
sloba88,humano
slobo,humano
sloonz,humano
slorber,humano
slowdub,humano
slowgatorme-boop,humano
slowlydev,humano
slv,humano
slvstr-dev,humano
sm-kc,humano
sm17p,humano
smaccoun,humano
smackgg,humano
smaeda-ks,humano
smakman,humano
smakosh,humano
smaktacular,humano
smallseven1213,humano
smallshen,humano
smarajitdasgupta,humano
smartdeveler,humano
smartinio,humano
smatjes,humano
smcelhinney,humano
smcenlly,humano
smcg468,humano
smddzcy,humano
smdevdk,humano
smdhnz,humano
smeerkahoven,humano
smegptadmin,humano
smeijer,humano
smessaris,humano
smessmer,humano
smety,humano
smeubank,humano
smhmd,humano
smhutch,humano
smikitky,humano
smilevideo,humano
smitbarmase,humano
smitev,humano
smith558,humano
smithki,humano
smithmanny,humano
smithyj,humano
smitkhanparaZuru,humano
smitpatel1010,humano
smitpatelx,humano
smitray,humano
smitssjors,humano
smnh,humano
smo043,humano
smohadjer,humano
smolak,humano
smoliji,humano
smoll,humano
smonn,humano
smoonsf,humano
smooth80,humano
smoothdvd,humano
smoove,humano
smorimoto,humano
smozely,humano
smuk3c,humano
smulikHakipod,humano
smultar,humano
smurrayatwork,humano
smyja,humano
sn3h,humano
snaerth,humano
snakenstein,humano
snatvb,humano
snax4a,humano
snazzyjames,humano
snc,humano
sndalama-data443,humano
snehakhobragade90,humano
sneko,humano
snelsi,humano
snelusha,humano
sneridagh,humano
snickee4115,humano
snide,humano
snigo,humano
snikch,humano
snivels,humano
snk-js,humano
snly2386,humano
snmsoodan,humano
snnsnn,humano
snood1205,humano
snorrees,humano
snowstar0903,humano
snowthen-o7,humano
snowtothemax,humano
snraets,humano
snspinn,humano
sntiagomoreno,humano
snwytm,humano
snyamathi,humano
so-ravindra,humano
so1ro,humano
soapproject,humano
soasada,humano
soberm,humano
sobhan-jahanmard,humano
sobird,humano
sobocinski,humano
soc221b,humano
socketbox,humano
socketsguru,humano
sockol,humano
socsieng,humano
sodhisaab,humano
sodiray,humano
soedirgo,humano
sofaemha,humano
soffes,humano
sofisl,humano
softlylove,humano
softmarshmallow,humano
software-cat-official,humano
softwarebytony,humano
sogoagain,humano
sohaha,humano
sohailsk0160,humano
sohamsshah,humano
sohanemon,humano
sohastar2024,humano
soheilnikroo,humano
sohhamm,humano
sohrab-,humano
soilSpoon,humano
sojinsamuel,humano
sojungko,humano
sokra,humano
solaldunckel,humano
solankydev,humano
solaymanhaider,humano
solendil,humano
soleo,humano
solidsnail,humano
solita-thaan,humano
solloc,humano
solmersa,humano
soloclz,humano
solomkinmv,humano
solomon-bush,humano
solomonmulatu,humano
soluml,humano
solvedayogi,humano
solverat,humano
soly2014,humano
som-R91,humano
sombreroEnPuntas,humano
sombrilla,humano
someden,humano
someguy9,humano
someone635,humano
somersby10ml,humano
someshkoli,humano
sommeeeR,humano
sommeeeer,humano
somnus0x,humano
somratAtSekaiLab,humano
son1ss,humano
sonam-serchan,humano
sonaye,humano
sonck201,humano
sondrehav,humano
songhobby,humano
songjinke,humano
songkeys,humano
songshuzhong,humano
songyule,humano
songzhou21,humano
sonhgc00016,humano
soniankur948,humano
sonjh02,humano
sonmouri,humano
sonnenhaft,humano
sonnyp,humano
sonsu-lee,humano
sonsurim,humano
soobing,humano
soofka,humano
sookmax,humano
soonoo,humano
sooohka,humano
sooperjos,humano
sooraj-shukla,humano
soosap,humano
sophiabits,humano
sophiacowart0-wq,humano
sophiawisdom,humano
sophiebits,humano
sophiedophie,humano
sophiekoonin,humano
sophister,humano
sophistifunk,humano
sophlanz,humano
sopranopillow,humano
sorahn,humano
sorakhan,humano
soranakk,humano
soranoo,humano
soren121,humano
sorenabedi,humano
sorenhoyer,humano
sorin-davidoi,humano
sorinalinpavel,humano
sorleone,humano
sorokinvj,humano
soroushchehresa,humano
sorrycc,humano
sorsama,humano
sortA0329,humano
sory215,humano
sorydi3,humano
sos0,humano
sospedra,humano
sosukesuzuki,humano
sotnikov-link,humano
sotomaque,humano
soufDev,humano
souhailaS,humano
souhailcodes,humano
soulchild,humano
souljuse,humano
soulmachine,humano
soulr344,humano
soumengope,humano
soundobj,humano
soundstep,humano
soundsystems,humano
souporserious,humano
sourabh-zolidar,humano
sourabhLX,humano
sourabhkale,humano
sourav-bz,humano
souravmondal93,humano
sourcecodes2,humano
sourcesoft,humano
southpolesteve,humano
soutot,humano
soutovnc,humano
souzantero,humano
sovetski,humano
sovkay,humano
sowdf,humano
sowmya-kota07,humano
soylemezali42,humano
soymanuvalle,humano
soymartinez,humano
soyricardodev,humano
soyuka,humano
sozdayka,humano
sp0033212000,humano
sp00ls,humano
sp4wnx,humano
sp88011,humano
spaccerr,humano
space1worm,humano
spacecat,humano
spacedragon,humano
spaceo,humano
spaghettiguru,humano
spanarin,humano
spanicker,humano
spanwair,humano
spapke,humano
sparkertime,humano
sparktechao,humano
sparr,humano
sparrowt,humano
spathon,humano
spatulatom,humano
spb-ratnam,humano
spblewis,humano
spbro007,humano
spcbfr,humano
spd789562,humano
special-character,humano
spence-novata,humano
spencer,humano
spencer-stytch,humano
spencer5051,humano
spencerbeggs,humano
spencerchang,humano
spencerframe,humano
spencermefford,humano
spencermehta,humano
spencersmb,humano
spencerwalsh651-cmyk,humano
spencerwilson,humano
spencewood,humano
spennyp,humano
spenserschwartz,humano
spetrey,humano
spherop,humano
sphilee,humano
spiceboi,humano
spiceee,humano
spidersouris,humano
spidgorny,humano
spiggyBe,humano
spikebrehm,humano
spikeganush,humano
spinks,humano
spion,humano
spira-unplugged,humano
spirit-team,humano
spiritanand,humano
spirosikmd,humano
spknash,humano
spktklr,humano
splatterxl,humano
spleshka,humano
spm18-hash,humano
spmsupun,humano
spoeken,humano
spojskic,humano
sponte,humano
spookyuser,humano
spopp20,humano
sporkmonger,humano
spotlesscoder,humano
sprabowo,humano
spreadpando,humano
springyboy,humano
sprusak,humano
sprusr,humano
spsesha,humano
sptungG,humano
spudmashmedia,humano
spullara,humano
spurton,humano
spyd3r83,humano
sqal,humano
sqidermad,humano
squarecylinder,humano
squaredd,humano
squarepots,humano
squelix,humano
squgeim,humano
squishydough,humano
sr-skillmore,humano
sr-tamim,humano
sr5434,humano
sra1rdy,humano
sracela,humano
sragneau,humano
srajang1805,humano
srallen,humano
srameshr,humano
srascar,humano
src200,humano
srcnalt,humano
srdjan,humano
sreeisalso,humano
sreekanthjnayar,humano
sreekumar menon,humano
sreetamdas,humano
sregg,humano
sreimer15,humano
srestraj,humano
sreuter,humano
srflp,humano
srhise,humano
sricharan12-hub,humano
sridaradappt,humano
srigi,humano
srikanth912,humano
srikanthkh,humano
srikargunnam,humano
sriksm19,humano
srini-leanfolks,humano
sripor62,humano
srkirkland,humano
srmagura,humano
sroebert,humano
sromexs,humano
srosato,humano
srosset81,humano
srothgan,humano
sroussey,humano
srowe0091,humano
srs81,humano
srsandy,humano
srunrotha604,humano
ss-ravi,humano
ss098,humano
ssamakar,humano
ssandoy,humano
sscaff1,humano
sschnabe,humano
ssdurante,humano
ssebowaty-max,humano
sshadmand,humano
sshah98,humano
sshanzel,humano
sshnavin,humano
sshyam-gupta,humano
ssig33,humano
ssijak,humano
sskmy1024y,humano
sslexus,humano
sslotsky,humano
ssmithsoftware,humano
ssoima,humano
ssolanki,humano
ssolfa,humano
ssong,humano
ssooya90,humano
ssotomayor,humano
sspaeth-r7,humano
sspenst,humano
sss-Mihail-sss,humano
ssteiger,humano
sstone2423,humano
sstrubberg,humano
ssun3,humano
ssured,humano
ssword-dev,humano
ssyberg,humano
ssylvia,humano
ssynowiec,humano
st0ffern,humano
st1ng7ay,humano
staaky,humano
stabldev,humano
stackiler,humano
stackoverprof,humano
stackyism,humano
stacygohyunsi,humano
stafyniaksacha,humano
stagas,humano
stage-two,humano
staghouse,humano
stahlmanDesign,humano
stainless-em,humano
stajics,humano
stalinb87,humano
stan-sack,humano
standayweb,humano
standvpmnt,humano
standy,humano
stanhong2,humano
stanislavlyu,humano
stanislavn73,humano
stanislavyv,humano
stanley355,humano
stanleyfok,humano
stanleyume,humano
stanzah,humano
starburst997,humano
starcraft04,humano
starkmarkus,humano
starlightroad,humano
starman-vlad,humano
starmerx-liuba,humano
starrett67,humano
starriv,humano
startracex,humano
starunaway,humano
stasdre,humano
staszek998,humano
staszewski,humano
stathis1998,humano
statico,humano
staticpo,humano
staticshock,humano
statusunknown418,humano
stavros-k,humano
stay-js,humano
stayclaxxy,humano
stayko-chalakov,humano
staylor,humano
std4453,humano
ste26054,humano
ste7en,humano
steadily-worked,humano
steadyGuy,humano
steadylearner,humano
stebou,humano
steebchen,humano
steedems,humano
steeeeee,humano
steelbrain,humano
steelydylan,humano
steevehook,humano
steezeburger,humano
steezplusplus,humano
stef,humano
stefan-b314,humano
stefan-contiero,humano
stefan-eventinc,humano
stefan-garofalo,humano
stefan-girlich,humano
stefan-joseph,humano
stefan-schubert-sbb,humano
stefanaxelsson,humano
stefanb2,humano
stefanbajic94,humano
stefanbarcelo,humano
stefanbuck,humano
stefandunn,humano
stefanedberg,humano
stefaneduard-deaconu,humano
stefaneidelloth,humano
stefanfransen,humano
stefangeneralao,humano
stefanhar,humano
stefanivic,humano
stefanjudis,humano
stefanmaric,humano
stefanmkodo,humano
stefann42,humano
stefano-DM,humano
stefano-rainieri,humano
stefanoTron,humano
stefanofa,humano
stefanonava77,humano
stefanone91,humano
stefanosandes,humano
stefanosx,humano
stefanoverna,humano
stefanpenner,humano
stefanprobst,humano
stefansdev,humano
stefcot,humano
stefee,humano
steffenlogen,humano
stefl,humano
stefnnn,humano
stefvhuynh,humano
stefvw93,humano
stegano,humano
steida,humano
stelkooo,humano
stempest0925,humano
stenehall,humano
steoneill,humano
steoo,humano
steowens,humano
step2341,humano
stepan-twnty,humano
stepan662,humano
stepankuzmin,humano
steph-query,humano
stephan-noel,humano
stephan281094,humano
stephanbakker,humano
stephancill,humano
stephane-pro,humano
stephane-r,humano
stephane71,humano
stephanebachelier,humano
stephanelpaul,humano
stephanembl,humano
stephanhink,humano
stephank,humano
stephankaag,humano
stephanschubert,humano
stephanvane,humano
stephen-dahl,humano
stephen-spar,humano
stephenasuncionDEV,humano
stephencookdev,humano
stephencorwin,humano
stephenhmarsh,humano
stephenjang,humano
stephenkalnoske,humano
stephenliang,humano
stephenmathieson,humano
stephenmatthews,humano
stephenrobertsuk,humano
stephenrt42,humano
stephensauceda,humano
stephenstubbs,humano
stephent,humano
stephentan,humano
stephenwf,humano
stephtr,humano
steppefox,humano
steps371,humano
stereobooster,humano
stern-shawn,humano
stetsiuk,humano
steve-dobbs,humano
steve-haar,humano
steve-marmalade,humano
steve-taylor,humano
steve5498,humano
steveadams,humano
steveafrost,humano
stevebluck,humano
stevedeighton,humano
steveetm,humano
stevefan1999-personal,humano
stevegeek,humano
stevegreenn,humano
steveharrison,humano
stevejarvis,humano
stevejcox,humano
stevejpurves,humano
steveluscher,humano
stevemarksd,humano
steven-tey,humano
stevenfukase,humano
stevenho0811,humano
stevenjchang,humano
stevenkissack,humano
stevenluongo,humano
stevenlybeck,humano
stevenlyd,humano
stevenmunro,humano
stevennt,humano
stevenpetryk,humano
stevenqzhang,humano
stevenrojasv21,humano
stevensturkop,humano
steventhanna,humano
stevenwang223,humano
stevenwchien,humano
steveoon,humano
stevepond,humano
steveruizok,humano
steveswork,humano
stevethatcodes,humano
stevewillard,humano
stevex2012,humano
stevez86,humano
steviewonders3,humano
stevo2105,humano
steynkalala,humano
stfn-c,humano
stfn00,humano
stfnsr,humano
stickynotememo,humano
stieludv,humano
stigkj,humano
stigmartins1,humano
stigvanbrabant,humano
stijn-vergauwen,humano
stijnbe,humano
stijnvanderlaan,humano
stijnwesterhof,humano
stikler51,humano
stilistik,humano
stinaq,humano
stingrayfunk,humano
stinkokenzo,humano
stipsan,humano
stjepko-xyz,humano
stkimmoyo,humano
stlbucket,humano
stldo,humano
stloc,humano
stmtk1,humano
stnwk,humano
stocke777,humano
stockulus,humano
stofolus,humano
stoikerty,humano
stokescomp,humano
stomvi,humano
stop1love1,humano
stophecom,humano
stoplion,humano
stopyransky,humano
stormfar,humano
stormslowly,humano
stormsson,humano
stormy251,humano
stovmascript,humano
stpch,humano
stpn48,humano
strafe,humano
stramel,humano
strandseter,humano
strangedev,humano
stranger26,humano
stratboy,humano
stratospark,humano
straube,humano
straxico,humano
strblr,humano
strbrgr,humano
streamerd,humano
streamlinellc,humano
streamy3,humano
stretchkennedy,humano
strickdd,humano
strimbob,humano
stringa,humano
strongui,humano
strothj,humano
strowk,humano
strrife,humano
strvbkzhn,humano
stscoundrel,humano
stshort,humano
stu039,humano
stuartkeith,humano
stuartmemo,humano
stuartrapop,humano
stubailo,humano
stubar,humano
stubbies,humano
stubbornella,humano
stubinubin,humano
studio404pl,humano
studiocadogan,humano
studiolama,humano
studiosi,humano
stugoo,humano
stungkit,humano
stunited-thien,humano
stupidSheep,humano
sturlath,humano
sturoid,humano
stutrek,humano
stuymedova,humano
stvmachine,humano
stwr8,humano
stx-chris,humano
stychu,humano
styfle,humano
styleai-luke,humano
styled-man,humano
stylehuan,humano
styles102,humano
stylessh,humano
styxlab,humano
stzoran1,humano
su,humano
suamai,humano
suanmei,humano
subalee,humano
subaruMax,humano
subash-thirumaran,humano
subashcs,humano
subfallen,humano
subhash-jhaa,humano
subhash279,humano
subhasish-smiles,humano
subhasishdas159,humano
sublayerio,humano
subodh-malgonde,humano
subodhk01,humano
subodhpareek18,humano
subooom,humano
subproject22,humano
subwaymatch,humano
subzero10,humano
sucessdy,humano
suchardao,humano
suchcodemuchwow,humano
suckydev,humano
sudazzle,humano
sudeepgumaste,humano
sudhiry,humano
sudip1072,humano
sudipstha08,humano
sudkumar,humano
sudoKrishna,humano
sudoaugustin,humano
sudokzt,humano
sudomf,humano
sudowoodo200,humano
sugan-ysquare,humano
sugar3103,humano
sugeflow,humano
suggy33,humano
sughodke,humano
suhaotian,humano
suhascv,humano
suhasdeshpande,humano
suhvin,humano
suiteappdev,humano
sujan-s,humano
sujanbasnet,humano
sujang958,humano
sujoyduttajad,humano
sukalov,humano
sukantatoptal,humano
sukhcha-in,humano
sukrucan8,humano
suksa,humano
suletetes,humano
suleymangezsat,humano
suleymantekin,humano
sultanassi95,humano
sultanbayev,humano
sulvii,humano
sumanchapai,humano
sumanth-botlagunta,humano
sumanthratna,humano
sumedhe,humano
sumiren,humano
sumit2027,humano
sumitparakh,humano
sumitshinde-84,humano
sumitsk1,humano
summerscar,humano
summitrn,humano
sun1211,humano
sunaryohadi,humano
sunaurus,humano
sunb0002,humano
sunchenyang,humano
sundaram2021,humano
sundaresanRedsco,humano
sundaycrafts,humano
sundeep8967,humano
sundi78634,humano
suneettipirneni,humano
sunginHwang,humano
sungpro,humano
sungsong88,humano
suniastar,humano
sunidhichaudhary,humano
sunil-bagde,humano
sunil-jhamnani-zz,humano
sunil-sandhu,humano
sunipan,humano
sunkibaek,humano
sunlee-newyork,humano
sunnixx,humano
sunnybak,humano
sunnykim0811,humano
sunnykumar347,humano
sunnysingh,humano
sunoj,humano
sunopar,humano
sunpietro,humano
suntunz,humano
sunwoo0706,humano
sunwrobert,humano
sunz7,humano
sunziping2016,humano
sup-cy,humano
supadits,humano
supaspoida,humano
supeng911,humano
superbahbi,humano
superbull,humano
supercede,humano
superhooman,humano
superical,humano
superiorkid,humano
superkoh,humano
supermacro,humano
supermadboy,humano
supernes,humano
supernintendo,humano
supersabillon,humano
superssingh,humano
suppayami,humano
supperioguy,humano
supposedlysam-bb,humano
supra28,humano
suprim12,humano
supriome,humano
suprunchuk,humano
supukarmin,humano
supunlakmal,humano
supwjm,humano
surajxweb,humano
suramkavyasree,humano
suravshrestha,humano
surbina,humano
surdu,humano
suresh-mw,humano
sureshdurairaj,humano
surething171,humano
surjithctly,humano
surma,humano
surya-stratforge,humano
suryarajendhran,humano
susahin80,humano
susanwinters214,humano
sushantbs,humano
sushantdhiman,humano
sushantgwr87,humano
sushanyadav,humano
sushilbalami,humano
sushilbansal,humano
susimsek,humano
sustainjane98,humano
susumantan,humano
suu3,humano
suuf,humano
suvasishm,humano
suveshmoza,humano
suwakei,humano
suwu150,humano
suyalamritanshu,humano
suyalcinkaya,humano
suyanhanx,humano
suzuki3jp,humano
svarunid,humano
svarup,humano
svassaux,humano
sveggiani,humano
sven-ra,humano
svencowart,humano
svengreb,humano
svenheden,humano
sventschui,humano
svenvandescheur,humano
svenweb,humano
sverdlov93,humano
sverhagen,humano
svetoslavstoyanov,humano
sviat-barbutsa,humano
sviridoff,humano
svkale,humano
svnlto,humano
svobik7,humano
svrin,humano
swaffelen,humano
swalker326,humano
swallowtail62,humano
swamidass,humano
swaminator,humano
swantrace,humano
swapnilbankar7,humano
swapnilsparsh,humano
swappy-2003,humano
swarajbachu,humano
swarchen,humano
swarnava,humano
swarnpallav,humano
swarupdonepudi,humano
swashcap,humano
swax,humano
swayamkumarkarn,humano
swedell,humano
swedpaul,humano
sweetcoco,humano
sweetim,humano
swesh,humano
swfunc,humano
swiecki,humano
swissspidy,humano
switz,humano
swr7der,humano
swrdfish,humano
swve,humano
swyx,humano
swyxio,humano
sx-motive,humano
sxxov,humano
syam-twentyone,humano
sydneyvaughn75-ops,humano
sydneywu,humano
sydtv,humano
syed-ahmad,humano
syed-yawar,humano
syedahmedx3,humano
syedalinaqihasni,humano
syeddanial110,humano
syedddanishalinaqvi,humano
syedhali,humano
syedmahmad,humano
syedre,humano
syedshafique,humano
syedsohailhussain1,humano
syedtaqi95,humano
sygint,humano
syi0808,humano
sylee999,humano
sylkirian,humano
sylvain-guehria,humano
sylvainbannier,humano
sylvaindubus,humano
sylvhama,humano
symant233,humano
symygy,humano
sync,humano
syncspot-dockercloud,humano
synoptase,humano
syntactic-salt,humano
syntaxlexx,humano
synwix,humano
syonfox,humano
syrakozz,humano
syrusakbary,humano
sysfox,humano
syskin,humano
sytpb,humano
syuu-syuu,humano
szabolcs-szilagyi,humano
szabolcsveer,humano
szaleq,humano
szaveri,humano
szaza,humano
szczepcio95,humano
szelpe,humano
szfdiwang,humano
szhshp,humano
szhsin,humano
szilarddoro,humano
szimek,humano
szmarczak,humano
szmazhr,humano
szn-a,humano
szogun1987,humano
szomolanyi,humano
szpasztor,humano
szwabodev,humano
szympajka,humano
t-alex-lopez,humano
t-kings,humano
t-lochhead,humano
t-lock,humano
t-moennich,humano
t-monaco,humano
t-net,humano
t-zander,humano
t0ker,humano
t0mtaylor,humano
t0x1c123,humano
t18n,humano
t1szelig,humano
t1v1,humano
t32k,humano
t3dotgg,humano
t42ji2ji,humano
t4t5,humano
t4t5u0,humano
t6adev,humano
t6tv8e,humano
t7ru,humano
ta3pks,humano
taavisalo,humano
tabaco26,humano
tabomors,humano
tabrejansary,humano
tabuchid,humano
tachang,humano
tachsin,humano
tachun,humano
taco-chen,humano
tacolegs2004,humano
tacomanator,humano
tacone,humano
tadasgedgaudas,humano
taddei,humano
tadeumaia,humano
tadjohnston,humano
taduuu,humano
tae100k,humano
taedmonds,humano
taep96,humano
tafelito,humano
tafuri-m,humano
tahaenesc,humano
tahakotil,humano
tahaygun,humano
taheramr,humano
tahiraltundag,humano
tahmid-23,humano
tahonaPL,humano
tahtoh,humano
taichenglu,humano
taichi,humano
taiga-koda,humano
tainguyenphat74,humano
taipo1,humano
tairosonloa,humano
taisei mima,humano
taisesoares,humano
taishikato,humano
taishinaritomi,humano
taivmo,humano
taiwabisabi,humano
taiwanhua,humano
tajbinkhan,humano
tajo,humano
tajpouria,humano
takahiro-1227,humano
takakikasuga,humano
takashi-yokomichi,humano
takecchi,humano
takefumi-yoshii,humano
takehiro,humano
takehiro-takahashi,humano
takeseem,humano
takueof,humano
takuma-hmng8,humano
takumane,humano
takusan23,humano
tal-rofe,humano
talaikis,humano
talal-webook,humano
talamcol,humano
talatkuyuk,humano
talazenkot,humano
talbergs,humano
talbertherndon,humano
talbet,humano
talcodota,humano
talentedandrew,humano
talesmgodois,humano
taletski,humano
talglobus,humano
talha442,humano
talhaqaisar676,humano
talkaboutdesign,humano
talksik,humano
talonx,humano
talpx0,humano
tam315,humano
tamadam,humano
tamagokun,humano
tamal-sen,humano
tamalCodes,humano
tamalnh,humano
tamdc,humano
tamdc123,humano
tamer-mohamed,humano
tamert,humano
tamilarasue1995,humano
tamimaj,humano
tamirhal,humano
tamj0rd2,humano
tammo,humano
tamuraga,humano
tamvm,humano
tan-ahmed,humano
tanapoln,humano
tanay-pingalkar,humano
tanc,humano
tandrimab,humano
taneba,humano
tanekim88,humano
tang,humano
tang-fe,humano
tangbc,humano
tangdada,humano
tangochris,humano
tangye,humano
tangye1234,humano
tangzijun,humano
tania-asimi,humano
tanint,humano
tanishi,humano
tanishq-dubey,humano
tanishqkrk,humano
tankpower1,humano
tanmaylaud,humano
tanmoyAtb,humano
tanmoythander,humano
tannerabread,humano
tannerlinsley,humano
tannguyencse19,humano
tanobi92,humano
tansanDOTeth,humano
tanshunyuan,humano
tantsur,humano
tanvp112,humano
tanweer919,humano
tanysheng,humano
tanzhiling,humano
taoky,humano
taoqf,humano
tapan-storetools,humano
tapan-thapa,humano
tapanBabbar9,humano
tapaskumar05,humano
tapeo,humano
tapnisu,humano
tappress,humano
tapz,humano
tar-aldev,humano
taracila,humano
taralshah09,humano
tarang9211,humano
tarasbashuk,humano
tarasov-gk,humano
taraspos,humano
tarasvarshava,humano
tardnuk,humano
tariknh,humano
tariqkb,humano
tarizer,humano
tarjep,humano
tarkungZZ,humano
tarneaux,humano
taro-shono,humano
tarokawada,humano
taromero,humano
taromorimoto,humano
tars0x9752,humano
tarun-katal,humano
tarun1992,humano
tarunama,humano
tarunbtw,humano
tarungunampalli-rox,humano
tarunkumar2005,humano
tarunsharma18,humano
tarushchandra,humano
tasawar-hussain,humano
tasfik007,humano
tashburn,humano
taskrider2022,humano
tastycode,humano
tatchi,humano
tatethurston,humano
tathagat2000,humano
tats-u,humano
tatsuteb,humano
tatwater,humano
tatyanaKozlovskaya,humano
taujeng,humano
tavareshenrique,humano
tavidian,humano
tavindev,humano
tavo379,humano
tavurth,humano
tavvy,humano
taw0002,humano
tawhid-k,humano
tay1orjones,humano
tayan-serna,humano
taychris,humano
taye,humano
tayebehsafdaridoost,humano
taylor-greene-ef,humano
taylor-lindores-reeves,humano
taylor-smith,humano
taylor111111,humano
tayloraucoin,humano
taylorbryant,humano
taylorfsteele,humano
taylorhayduk,humano
taylorjohnwood,humano
tazo90,humano
tbanys,humano
tbenci,humano
tbergeron,humano
tbergquist-godaddy,humano
tbezman,humano
tbgse,humano
tbntdima,humano
tbor00,humano
tbremer,humano
tbveloso,humano
tbvjaos510,humano
tc-mccarthy,humano
tcK1,humano
tcarrio,humano
tcg,humano
tcharlat,humano
tchryssos,humano
tcisse,humano
tcolinpa,humano
tconroy,humano
tcrz,humano
tcs-aparnavk,humano
tcxseo,humano
tdaiyan-hash,humano
tdanecker,humano
tdarthur,humano
tdkn,humano
tdsprogramming,humano
tdurand,humano
tdurnford,humano
te-online,humano
tea-lover-418,humano
team-hapcho,humano
team172011,humano
teamforward-in,humano
teamkuka,humano
teamleaderleo,humano
teatr-wybrzeze-portal,humano
tebb,humano
tebuevd,humano
teceer,humano
techandmedia,humano
techedemic,humano
techgerm,humano
techidise,humano
techiejd,humano
techies23,humano
techmangreat,humano
technikhil314,humano
technophile-04,humano
technoplato,humano
techotaku1,humano
techpanga,humano
techpeace,humano
techrome,humano
techsin,humano
techstaunch-solutions,humano
techwithtwin,humano
teclone,humano
tecoad,humano
tecsobs,humano
ted-dino,humano
ted123,humano
teddarcuri,humano
teddis,humano
teddybee,humano
teddyhartanto,humano
teddylau168,humano
teddynted,humano
tedjames,humano
tedpower,humano
teemuy,humano
teeto,humano
tefkah,humano
tehandyb,humano
tehps,humano
tehseenc,humano
tejaraju357,humano
tejasmanohar,humano
tejasness,humano
tejhande,humano
tekigg,humano
tekstrand,humano
telackey,humano
teleaziz,humano
teleginzhenya,humano
telemakhos,humano
telephant,humano
tellamekalasubbu-commits,humano
telriot,humano
temito93,humano
tempest2023,humano
tempranova,humano
temrb,humano
tenghuan123,humano
tengmaoqing,humano
tennessine,humano
tenosiswono,humano
tenpast,humano
teo-garcia,humano
teo-goulois,humano
teobler,humano
teodortt,humano
teodorus-nathaniel,humano
teodragovic,humano
teohhanhui,humano
teovillanueva,humano
teppeis,humano
teq-thuynguyen,humano
teq-truongle,humano
terencechow,humano
terenceodonoghue,humano
terimyaki,humano
terminalqo,humano
termorey,humano
terrabythia,humano
terribleplan,humano
terrierscript,humano
terrorbollen,humano
terry chay,humano
terry-fei,humano
terry422,humano
terryli0095,humano
terrymun,humano
terwer,humano
tessamero,humano
tessamerrill,humano
tesshsu,humano
testBP0612,humano
testerez,humano
testr135,humano
testwill,humano
tete32153,humano
tetigi,humano
tetrakra,humano
tetsupanda,humano
tettoffensive,humano
tetuaoro,humano
tewarig,humano
tewshi,humano
textpain,humano
tezhub,humano
tfkhim,humano
tflament,humano
tflx,humano
tfptmaster,humano
tfsjohan,humano
tfsomrat,humano
tgaeta,humano
tgallacher,humano
tgdn,humano
tghpereira,humano
tgmarinho,humano
tgoldenberg,humano
tgolsson,humano
tgrassl,humano
tgrecojs,humano
tgroutars,humano
tgrrr,humano
tgt,humano
th0th,humano
th2205,humano
th91vi,humano
thSoft,humano
thaddeuscleo,humano
thaddeusreid,humano
thaddydore,humano
thadeucity,humano
thadwoodman,humano
thai-recurmetrics,humano
thaihoangminh,humano
thainv92,humano
thaismartins,humano
thallysondias,humano
thanachotnual,humano
thanders,humano
thangcmo,humano
thangly98,humano
thangngoc89,humano
thangnm93,humano
thangphan37,humano
thanh-nguyen-95,humano
thanhchuongbmd,humano
thanhdatvo,humano
thanhnt2192,humano
thanhtoan1196,humano
thanhtutzaw,humano
thanhvk,humano
thanksbinh,humano
thanmathieu,humano
thanos-diacakis-grandrounds,humano
thanosoncode,humano
thansk,humano
thany,humano
thaonx,humano
thaophamvan,humano
tharakabimal,humano
tharani-2006,humano
tharders,humano
thasuohm,humano
that-one-arab,humano
thatFemicode,humano
thatanjan,humano
thatbeautifuldream,humano
thatguyinabeanie,humano
thathurtabit,humano
thattimc,humano
thavelick,humano
thawankeane,humano
thaynam,humano
thdk,humano
thdxg,humano
thdxr,humano
the-Radek,humano
the-architect,humano
the-dev-syntax,humano
the-digital-anarchist,humano
the-main-thing,humano
the-mgi,humano
the-quantum-nargle,humano
the-sides,humano
theBork,humano
theCocoonStudio,humano
theCuriousOne,humano
theDanielJLewis,humano
theDeal,humano
theEngMansour,humano
theItalianDev,humano
theKashey,humano
theMosaad,humano
theSdev,humano
theStrangeAdventurer,humano
theZaX,humano
theabgarg,humano
theabhayprajapati,humano
theadactyl,humano
theahura,humano
theairbend3r,humano
thealjey,humano
thealmarques,humano
theamigoooooo,humano
thearabbit,humano
thearchrlabs,humano
thearnica,humano
theashishmaurya,humano
theaungmyatmoe,humano
thebat93,humano
thebearingedge,humano
thebergamo,humano
thebetterjort,humano
thebiltheory,humano
thebinaryfelix,humano
theblondealex,humano
theboxer,humano
theboyWhoCriedWoolf,humano
theboyknowsclass,humano
thebuddysystem,humano
thebuilder,humano
thecalamiity,humano
thecaligarmo,humano
thecarlmartin,humano
theceejay123,humano
thecil,humano
thecmdrunner,humano
thecodeboss,humano
thecodechef,humano
thecodedrift,humano
thecrypticace,humano
thecuvii,humano
thecynicalpaul,humano
thedaviddelta,humano
thedaviddias,humano
thedevdavid,humano
thedevopsguyblog,humano
thedhruvhegde,humano
thedogwiththedataonit,humano
thedustyrover,humano
thedv91,humano
theednaffattack,humano
theelk801,humano
theevilhead,humano
theexiile1305,humano
thefalked,humano
thefeli73,humano
thefinnomenon,humano
thefonso,humano
thegauravthakur,humano
thegdsks,humano
theghostyced,humano
thegiantbeast,humano
thehamsti,humano
thehashrocket,humano
thehenryco,humano
theholla,humano
thehomelyedit,humano
thehonestfarmer,humano
theigwe,humano
theinternetshop,humano
theisaacmoses,humano
theivanfranco,humano
thejackshelton,humano
thejimmylin,humano
thejm-12,humano
thejones,humano
thejspro,humano
thejufo,humano
thejus-r,humano
thekalko,humano
thekavikumar,humano
thekcsam,humano
thekeviv,humano
thekidchad,humano
thekidnamedkd,humano
thekpsgroup,humano
thelucre,humano
themagickoala,humano
themanforfree,humano
themao,humano
thematrixl,humano
themattmayfield,humano
themcmxciv,humano
themeix,humano
themgoncalves,humano
themhoeshateme,humano
themitichris,humano
themkvz,humano
themmyloluwaa,humano
themre,humano
themrsami,humano
themuuln,humano
themyrtlecoder,humano
thenameless7741,humano
theneroweb,humano
thengor,humano
theniallriver,humano
theo-CD,humano
theo-lubert,humano
theo-mesnil,humano
theobiabo,humano
theodorDiaconu,humano
theodormarcu,humano
theogravity,humano
theoholl,humano
theoludwig,humano
theone3nu,humano
theoneandonlyshadow,humano
theoremoon,humano
theostrahlen,humano
thepatrick00,humano
thepatrykk,humano
theprantadutta,humano
theprobugmaker,humano
theprojectsomething,humano
thepunkyone,humano
thepuzzlemaster,humano
therazor,humano
therealbigzeez,humano
therealgilles,humano
therealmarzouq,humano
therealpecus,humano
therealrinku,humano
therealsuji,humano
therealtgd,humano
therealtx,humano
thereis,humano
theresaluu,humano
theriturajps,humano
therk,humano
thernstig,humano
therobertos007,humano
theromanticsoul,humano
theroot79,humano
therrou,humano
therungg,humano
thesampaton,humano
thescientist13,humano
theseushu,humano
theshadowagent,humano
theshem,humano
thesiti92,humano
theskillwithin,humano
theskollie,humano
thesobercoder,humano
thesonpb,humano
thessem,humano
thesunny,humano
theswampire,humano
thesyedbasim,humano
thetalog,humano
thetaungg,humano
thetejasmagade,humano
theterminalguy,humano
thetigergo,humano
thetoxicavenger,humano
theurbandev,humano
thevinter,humano
thevisioner,humano
thevuong,humano
thevvv36,humano
thewbuk,humano
thewh1teagle,humano
thewirv,humano
thexpand,humano
theyoungwolf-dev,humano
thgh,humano
thi-days,humano
thiagobucca,humano
thiagocavaloti,humano
thiagodebastos,humano
thiagoenge,humano
thiagomorales,humano
thiagonzalez,humano
thiagoteles,humano
thiagozf,humano
thian4,humano
thibault-barrat,humano
thibault-chausson,humano
thibaultboursier,humano
thibaultmthh,humano
thibautsabot,humano
thibautvdu,humano
thief-sty,humano
thiefjim,humano
thiemjir,humano
thien-do,humano
thien-hoang,humano
thien370,humano
thienphuc718,humano
thierrybgentile,humano
thierryc,humano
thijsadrmat,humano
thijssmudde,humano
thijsvandiessen,humano
thilak-rao,humano
thilllon,humano
thilohaas,humano
thimmey,humano
thimvanamersfoort,humano
thinceller,humano
thinhbg2812,humano
thinhtran3588,humano
thiniulian,humano
thinkerelwin,humano
thinkingmonk,humano
thinkjrs,humano
thinksource,humano
thinnakrit,humano
thiporia,humano
thiras,humano
thirdman,humano
thiruneshb-alt,humano
this-Cunningham,humano
this-doodlingo,humano
thisJJ,humano
thisbejim,humano
thisisayush,humano
thisisjofrank,humano
thisiskartik,humano
thisislvca,humano
thisismydesign,humano
thisispaul,humano
thisisrexa,humano
thisisyashgarg,humano
thiskevinwang,humano
thiswallz,humano
thmsmlr,humano
thngdude,humano
thoaiky1992,humano
thoaltmann,humano
thobn24h,humano
thodubois,humano
thoilemba,humano
tholder,humano
thollander,humano
thom,humano
thom-nic,humano
thomaaam,humano
thomas-delivery-factory-bot,humano
thomas-ef,humano
thomas-noimos,humano
thomas-tran-de,humano
thomasaugot,humano
thomasballinger,humano
thomasbennedbaek,humano
thomasboulongne,humano
thomasboyt,humano
thomasbrown6,humano
thomaschaaf,humano
thomasdax98,humano
thomasdbock,humano
thomasdvd,humano
thomasgauvin,humano
thomasgrivet,humano
thomasheyenbrock,humano
thomasjm,humano
thomasledoux1,humano
thomaslenaour,humano
thomaslindstrom,humano
thomasmarshall,humano
thomasmery,humano
thomasmillercf,humano
thomaspage,humano
thomasreichmann,humano
thomasryu,humano
thomasschwinn,humano
thomasskk,humano
thomasthiebaud,humano
thomasverleye,humano
thomasyim-spendsy,humano
thomaszdxsn,humano
thomcrielaard,humano
thomcrielaardBCU,humano
thomhos,humano
thomkrupa,humano
thomson2k,humano
thomvaill,humano
thonatos,humano
thongbn,humano
thongdong7,humano
thoo1,humano
thoragio,humano
thorbenschirra,humano
thorep,humano
thorfi,humano
thoriqaulia163,humano
thorsten-stripe,humano
thorwebdev,humano
thoushif,humano
three-fourteen,humano
threehams,humano
threem0126,humano
threepointone,humano
thrivingproject,humano
thsid,humano
thuanduongpa,humano
thucne,humano
thucpn,humano
thucxuong,humano
thunder-coding,humano
thundermiracle,humano
thuringia,humano
thusitha92,humano
thw0rted,humano
thymikee,humano
thysultan,humano
ti-ucdf,humano
ti-wa,humano
tiaanduplessis,humano
tiago-pinheiro,humano
tiago-sanches-bairesdev,humano
tiagobarros01,humano
tiagobbraga,humano
tiagobnobrega,humano
tiagocarmo,humano
tiagoengel,humano
tiagonrodrigues,humano
tiagooliveira08,humano
tialki,humano
tiana25,humano
tianbis,humano
tianenpang,humano
tianhuil,humano
tianjianchn,humano
tianma-if,humano
tianyingchun,humano
tianzhich,humano
tiavina-mika,humano
tiberiur,humano
tiberiutudorancea,humano
tibi1220,humano
tiborsaas,humano
tiborv,humano
ticky,humano
ticovix,humano
tiendnm,humano
tienpd,humano
tienwei,humano
tiepvuvan,humano
tiersept,humano
ties-v,humano
tifandotme,humano
tigawanna,humano
tigerabrodi,humano
tigerbank,humano
tigrankhachikyan,humano
tigraqwerty,humano
tiguchi,humano
tihuan,humano
tiivik,humano
tik9,humano
tika,humano
tikhonov-aleksandr,humano
tilgovi,humano
tills13,humano
tillschweneker,humano
tilman,humano
tilomitra,humano
tilvan,humano
tim-codes,humano
tim-crisp,humano
tim-hanssen,humano
tim-pankoke,humano
tim-phillips,humano
tim123abc,humano
tim2346,humano
timBm10c,humano
timReynolds,humano
tima101,humano
timakhalaya,humano
timarney,humano
timbarclay,humano
timbicker,humano
timbielawski,humano
timbogdanov,humano
timbset,humano
timcash,humano
timcole,humano
timdavish,humano
timdorr,humano
timdp,humano
timeverts,humano
timeyoutakeit,humano
timfee,humano
timfeeley-okta,humano
timfish,humano
timfitzzz,humano
timfuhrmann,humano
timheerwagen,humano
timhettler,humano
timhonders,humano
timhuff,humano
timhysniutd,humano
timicienio,humano
timinho111,humano
timjanssen95,humano
timkendall,humano
timkindberg,humano
timleppard,humano
timlind,humano
timlindsk,humano
timlrx,humano
timmapuramreddy,humano
timmeade,humano
timmyomahony,humano
timmypidashev,humano
timmysmalls,humano
timmywil,humano
timneutkens,humano
timo9378,humano
timoclsn,humano
timodwhit,humano
timofei-iatsenko,humano
timohofmeijer,humano
timojokinen,humano
timolins,humano
timomeh,humano
timonrey,humano
timonweb,humano
timootten,humano
timothy-okoduwa,humano
timothyarmes,humano
timothyclin,humano
timothyerwin,humano
timothyhague,humano
timothyis,humano
timothyjoh,humano
timothympace,humano
timougue,humano
timoxley,humano
timoyan,humano
timrae,humano
timredband,humano
timrijkse,humano
timrogers,humano
timruffles,humano
timstarbuck-boystown,humano
timsuchanek,humano
timsun28,humano
timswalling,humano
timteeling,humano
timtucker-dte,humano
timtyrrell,humano
timuric,humano
timurista,humano
timurrustamov,humano
timuster,humano
timwaddell,humano
timwehrle,humano
timwm,humano
tinacious,humano
tinleym,humano
tinncdev,humano
tinola,humano
tinymachine,humano
tiotdev,humano
tippfelher,humano
tipra34,humano
tiriana,humano
tirthaguha,humano
tischrei,humano
tisonkun,humano
tissawd,humano
titanve,humano
titeller,humano
titellergetlinks,humano
titiloxx,humano
titoadeoye,humano
titouv,humano
titsecop,humano
titusdmoore,humano
titusgahissy,humano
tiwac100,humano
tiwari91,humano
tiwariaditya15,humano
tiyberius,humano
tizips,humano
tizmagik,humano
tizzle,humano
tj-dixon,humano
tj-noor,humano
tjabbe,humano
tjallingt,humano
tjb9dc,humano
tjcampbell,humano
tjdunklee,humano
tjgeni,humano
tjhexa,humano
tjhoo,humano
tjhorwood,humano
tjleing,humano
tjma2001,humano
tjmitchell1,humano
tjmosia,humano
tjni,humano
tjrooted,humano
tjwelde,humano
tjx666,humano
tk-o,humano
tka5,humano
tkafka,humano
tkasper,humano
tkesgar,humano
tkgalk,humano
tkh44,humano
tkhg,humano
tkhquang,humano
tklepzig,humano
tkmcmaster,humano
tkmktkhr,humano
tknickman,humano
tkodev,humano
tkokhing,humano
tkow,humano
tkrotoff,humano
tkssharma,humano
tksst,humano
tkulpa,humano
tkumpanenko,humano
tkw1536,humano
tky5622,humano
tlackemann,humano
tlakomy,humano
tlaukkan,humano
tlays,humano
tlchatt,humano
tldrr,humano
tlecreate,humano
tlenclos,humano
tlenex,humano
tlennon140,humano
tleunen,humano
tlgsn,humano
tlivings,humano
tlkahn,humano
tlockyear1,humano
tlouvartVolt,humano
tluma,humano
tlvenn,humano
tlyon3,humano
tm1000,humano
tmadeira,humano
tmaihoff,humano
tmair,humano
tman16,humano
tmarshall,humano
tmayr,humano
tmb-github,humano
tmbradley,humano
tmcgann,humano
tmcw,humano
tmeasday,humano
tmepple,humano
tmerlet,humano
tmhenry,humano
tmickleydoyle,humano
tmikeschu,humano
tmilar,humano
tmilewski,humano
tminhduc2811,humano
tmitchel2,humano
tmkx,humano
tml123,humano
tmns,humano
tmoh-figs,humano
tmokmss,humano
tmota900,humano
tmoutinho,humano
tmpethick,humano
tmrclark,humano
tmrp,humano
tmtk75,humano
tnemnorivnelee,humano
tnfssc,humano
tnganth,humano
tnmod,humano
tnovau,humano
tntchn,humano
tnulc,humano
tnunamak,humano
tnunes,humano
tnurzynski,humano
tnyo43,humano
to-long,humano
to-var,humano
toLog,humano
toakiryu,humano
toannguyenUITT,humano
tobbas,humano
tobbbe,humano
tobewisebeforeiamold,humano
tobias-tengler,humano
tobiasBora,humano
tobiaslins,humano
tobiasriemenschneider,humano
tobiasstrebitzer,humano
tobiastimm,humano
tobiasvdorp,humano
tobiaswild,humano
tobico,humano
tobidemski,humano
tobilen,humano
tobitos,humano
tobkle,humano
tobobo,humano
tobySolutions,humano
tobyab,humano
tobyhinloopen,humano
tobysmith568,humano
tocosastalo,humano
tocteman,humano
toddalbert,humano
toddmcintosh,humano
todesstoss,humano
todor0v,humano
todorpopov93,humano
todortotev,humano
toescapegoats,humano
tofaelahmed-dsi,humano
togakangaroo,humano
tohsaka888,humano
toiluj23,humano
toiye,humano
tojaprice,humano
tokensWeb,humano
tokkiyaa,humano
tokra,humano
tolerance-go,humano
tolfino,humano
tolgaand,humano
tolgaatam,humano
tolgaisik,humano
tollanes,humano
tom,humano
tom-bart,humano
tom-carbontrail,humano
tom-con,humano
tom-h10,humano
tom-mason-verses,humano
tom-sherman,humano
tom-streller-tutti,humano
tom1mat,humano
tom2drum,humano
tom2strobl,humano
tomByrer,humano
tomadimitrie,humano
tomafro,humano
tomapp,humano
tomas-c,humano
tomas-cani,humano
tomas-sipko,humano
tomasBustamante,humano
tomasbruckner,humano
tomasdev,humano
tomasdisk,humano
tomasen,humano
tomasfrancisco,humano
tomasgil123,humano
tomashapl,humano
tomasikp,humano
tomaskallup,humano
tomasohCHOM,humano
tomaspiaggio,humano
tomaswitek,humano
tomasz-sodzawiczny,humano
tomasz89nowak,humano
tomaszferens,humano
tomaszrondio,humano
tomaszs,humano
tomasztunik,humano
tomaszzmudzinski,humano
tomato-ga,humano
tomazmm,humano
tombburnell,humano
tombohub,humano
tombryden,humano
tombuckley91,humano
tomcgs,humano
tomchen,humano
tomchentw,humano
tomconroy,humano
tomcru,humano
tomdai,humano
tomdaly,humano
tomdohnal,humano
tomduncalf,humano
tomdygo,humano
tomek7667,humano
tomelliot,humano
tomellwood,humano
tomellwood-github,humano
tomepejo,humano
tomer-dev,humano
tomer-tgp,humano
tomevans18,humano
tomexa,humano
tomfa,humano
tomferez,humano
tomflorentin,humano
tomfrenken,humano
tomgreeEn,humano
tomhaydn,humano
tomheaton,humano
tomhmoses,humano
tomhobbsBBC,humano
tomhoogenboom,humano
tomhsiao1260,humano
tomi1368,humano
tomijovanoski,humano
tomimick,humano
tomitrescak,humano
tomjamesallen,humano
tomjohnneill,humano
tomjowitt,humano
tomjvdps,humano
tomkitewing,humano
tomlagier,humano
tommaay,humano
tommaitland,humano
tommarien,humano
tommarshall,humano
tommaton,humano
tommedema,humano
tommhuth,humano
tommoor,humano
tommy351,humano
tommybarvaag,humano
tommyboylab,humano
tommydemarco,humano
tommyka,humano
tommymadeit,humano
tommypater,humano
tommyvct,humano
tomocchino,humano
tomohiro86,humano
tomohirohiratsuka,humano
tomosnam,humano
tomozheng,humano
tompetk,humano
tomquirk,humano
tomryanx,humano
tomscript,humano
tomskip123,humano
tomskopek,humano
tomsoderlund,humano
tomsonpl,humano
tomspeak,humano
tomsseisums,humano
tomsturge,humano
tomsvogel,humano
tomthornton,humano
tomtobac,humano
tomtymczyszyn,humano
tomul,humano
tomups,humano
tomvoss,humano
tomwanzek,humano
tomx-sh,humano
tomxbarnesx,humano
tongari07,humano
tongene,humano
tongexe3-blip,humano
tonimercadante,humano
tonny008,humano
tonskton,humano
tonxxd,humano
tony,humano
tony-cocco,humano
tony13tv,humano
tony3918,humano
tonyYo00,humano
tonyabracadabra,humano
tonycassara,humano
tonydattolo,humano
tonyfarney,humano
tonyjara,humano
tonylepmets,humano
tonymmm1,humano
tonymtz,humano
tonypconway,humano
tonypee,humano
tonypeng,humano
tonypine,humano
tonypizzicato,humano
tonyrewin,humano
tonysbabu,humano
tonyspiro,humano
tonytamps,humano
tonytangau,humano
tonytoth,humano
tonywei92,humano
tonyxiao,humano
toobeno1,humano
toobr,humano
toolgirl,humano
toolmantim,humano
toomuchdesign,humano
toon159,humano
toonverbeek,humano
tooppaaa,humano
tooshikii,humano
topaxi,humano
topched,humano
tophermurphy,humano
tophsic,humano
toplenboren,humano
topolanekmartin,humano
topovik,humano
toppsdown,humano
toptal-dave,humano
topzdev,humano
torayeff,humano
torchsmith,humano
tordans,humano
torenware,humano
toresbe,humano
toreyhickman,humano
torgestehr,humano
torifat,humano
torleifhalseth,humano
torokati44,humano
torounit,humano
torresandres,humano
torresgol10,humano
torressam333,humano
torsami77,humano
tortilaman,humano
toruta39,humano
toruticas,humano
tosave04,humano
toshi1127,humano
tothdanielax,humano
tothonx,humano
totodot,humano
touqeeraslam,humano
touseefrana552,humano
toviszsolt,humano
toxicFork,humano
toyamarinyon,humano
toytonic,humano
tozz,humano
tpae,humano
tpai,humano
tpalecian,humano
tpdewolf,humano
tphan18,humano
tpiros,humano
tpkee,humano
tpompon,humano
tpreusse,humano
tptan86,humano
tptee,humano
tptspe,humano
tpudel,humano
tqmvt,humano
tquann286,humano
tr-nhan,humano
tr1s,humano
traa,humano
tractorcow,humano
tracy-liucui,humano
traez,humano
traflagar,humano
trainto,humano
trakout,humano
trandainhan,humano
trangchongcheng,humano
tranlehaiquan,humano
transcental,humano
transcranial,humano
transfer1992,humano
transiient,humano
transitive-bullshit,humano
tranthaison1231,humano
trantrongbinh,humano
tranvanhieu01012002,humano
tranvansang,humano
tranvanthuc,humano
trapnade,humano
trappar,humano
trassmann,humano
trautlein,humano
trautonen,humano
traversng,humano
travis,humano
travisBradfield,humano
travisanderson,humano
travisbloom,humano
travisboss,humano
traviscrist,humano
traviskaufman,humano
travisreed-dfw,humano
travistruett,humano
traviswimer,humano
travzhang,humano
trazyn,humano
tredman,humano
treepo1,humano
trekinbami,humano
tremby,humano
tremppu,humano
trentonsnyder,humano
trentprynn,humano
treshugart,humano
tresorama,humano
trevans24,humano
trevex,humano
trevor-fauna,humano
trevor-ofarrell,humano
trevorblades,humano
trevordmiller,humano
trevorgillis,humano
trevorlasn,humano
trevorlitsey,humano
trevorpfiz,humano
trevorwhealy,humano
trey-m,humano
treyhuffine,humano
trezy,humano
trganda,humano
tri-bit,humano
trianah,humano
trickreich,humano
trickshot2012,humano
trickydisco78,humano
tricoder42,humano
tridattran,humano
trietsch,humano
trieu-hphuc96,humano
trigaten,humano
triggertoo,humano
trigunam,humano
trinhthinh388,humano
trishan9,humano
tristan-ieee,humano
tristanMatthias,humano
tristanoneil,humano
tristndev,humano
trivikr,humano
trivrainod,humano
trm217,humano
trnc-ck,humano
trojanyao,humano
trollepierre,humano
trompx,humano
trongthanh,humano
tronjs,humano
tronxdev,humano
trotzig,humano
troyblank,humano
troysandal,humano
troyt-42,humano
troywith77,humano
trozzelle,humano
trpfrog,humano
truca,humano
trucyCc,humano
truefalse10,humano
truesolarfire,humano
trulite,humano
trulymittal,humano
trungdq88,humano
trungh13,humano
trungpham,humano
trungtrungkang,humano
truong0vanchien,humano
truonghoangphuc,humano
truongnv98,humano
trupakufi,humano
trusktr,humano
tryggvigy,humano
trykovyura,humano
tryonelove,humano
tryptamine25,humano
ts-web,humano
ts1994tw,humano
tsafadi,humano
tsaiDavid,humano
tsalama,humano
tsanyqudsi,humano
tsap-max-v,humano
tscanlin,humano
tschersach,humano
tschoffelen,humano
tscritch,humano
tseijp,humano
tsejerome,humano
tsekityam,humano
tsengyuanzuo,humano
tsepen,humano
tseppl,humano
tshazli,humano
tshmieldev,humano
tsiatka,humano
tsiege,humano
tsifei888,humano
tsirolnik,humano
tskorupka,humano
tsmith123,humano
tsoisauce,humano
tsokolovs,humano
tsoos99dev,humano
tsotimus,humano
tsq,humano
tsriram,humano
tstenel,humano
tstirrat15,humano
tsui66,humano
tsujimic,humano
tsujp,humano
tsukhu,humano
tsupol,humano
tsushanth,humano
tsusini,humano
tsuzuki-takaaki,humano
tsvecak,humano
tsvetann,humano
tsvetta,humano
tsvtt,humano
tswymer,humano
tsxce,humano
ttaerrim,humano
ttaeyong,humano
ttanimichi,humano
ttavni,humano
ttax00,humano
tthpan120,humano
ttiziu,humano
ttlong3103,humano
ttraenkler,humano
ttristan,humano
ttsirkia,humano
ttsoares,humano
tua-Mascot,humano
tuan231195,humano
tuandev777,humano
tuanhuu95,humano
tuankietcoderr,humano
tuanna1601,humano
tuannguyenminh2086,humano
tuannrio,humano
tuanpq1998,humano
tubbo,humano
tuberrabbit,humano
tuccitj,humano
tuckerconnelly,humano
tuckwilli,humano
tuco5,humano
tufail,humano
tufailra97,humano
tuffs,humano
tuffstuff9,humano
tuffz,humano
tujiaw,humano
tuko-na,humano
tumenbaev,humano
tumetus,humano
tunamagur0,humano
tunatoksoz,humano
tunayangir,humano
tunderadev,humano
tunesmith,humano
tunetheweb,humano
tungh,humano
tungv,humano
tunnckoCore,humano
tuobi2,humano
tuomoAhonen,humano
tuomokar,humano
tuoxiansp,humano
tupe12334,humano
turadg,humano
turbotobias,humano
turkialanizi78,humano
turkkan94,humano
turneand,humano
turrione,humano
turtleyacht,humano
tusbar,humano
tuscland,humano
tusgavomelo,humano
tushar-singh,humano
tushar1996,humano
tushargoyalofficial,humano
tusharrrr1,humano
tusharsnx,humano
tusharvelingkar,humano
tutorialcode,humano
tuxracer,humano
tuzzy08,humano
tvandort,humano
tvararu,humano
tvardero,humano
tvarwig,humano
tvavrys,humano
tvelingkar,humano
tvicky7x,humano
tvler,humano
tvthatsme,humano
tvvignesh,humano
tw-yd,humano
tw00,humano
tw0517tw,humano
tw1t611,humano
twalker1998,humano
twankruiswijk,humano
twavv,humano
twbbbb,humano
twdrake-ap,humano
tweeres04,humano
twiddli,humano
twilio-jyoung,humano
twillhorn,humano
twinemarron,humano
twinray,humano
twlite,humano
twltwl,humano
twoandahalf2,humano
twobit,humano
twogood,humano
tworrisb,humano
twumm,humano
tx0c,humano
tx46,humano
txantslusam,humano
txbrown,humano
txcyy,humano
txm3278,humano
txxxxc,humano
txzira,humano
tybro0103,humano
tychay,humano
tychovbh,humano
tyeongkim,humano
tyhopp,humano
tyler-dot-earth,humano
tyler-ground,humano
tylerbroadway,humano
tylerbrostrom,humano
tylergalpin,humano
tylergibbs1,humano
tylerharpool,humano
tylerjbainbridge,humano
tylerlwsmith,humano
tylermares,humano
tylermcrobert,humano
tylernevell,humano
tylerslaton,humano
tylerthehaas,humano
tylev,humano
tylim,humano
tylim88,humano
tyom,humano
type-wolf,humano
typedashutosh,humano
typedef42,humano
typenoob,humano
typeofweb,humano
tyrelllewisrcc-arch,humano
tysian,humano
tysoncung,humano
tysonzero,humano
tyteen4a03,humano
tyuen,humano
tyzh-dev,humano
tz5514,humano
tzarger,humano
tzehe,humano
tzelon-cypator,humano
tzurae,humano
tzuriely,humano
tzwtmll,humano
u-yas,humano
u11d-aleksy-bohdziul,humano
u1x30,humano
u3u,humano
u840903,humano
u9289433270-cmd,humano
uDaniAlves,humano
uaeio,humano
uam2023,humano
uap-dev,humano
uasi,humano
ubaidazad,humano
ubershmekel,humano
ubervincent,humano
ubinatus,humano
ubirajaramneto,humano
ubmit,humano
ucarno,humano
ucefkh,humano
uchar,humano
ucheol2,humano
uchkunr,humano
ucola,humano
ucupsugiharta,humano
udaaraSH23,humano
udabasili,humano
udaykor,humano
udaypydi,humano
udf2457,humano
udithv,humano
udohsolomon,humano
udoniyor,humano
udoyhasan,humano
udurgesh6,humano
uehlbran,humano
ufhy,humano
ugb-access,humano
ugglr,humano
ugiacoman,humano
ugtdbt,humano
uguraktas,humano
ugurdanis,humano
ugurnarin,humano
ugurrdemirel,humano
ugursepetci,humano
uh92,humano
uhasker,humano
uhrohraggy,humano
ui-jb,humano
uiYzzi,humano
uidev547,humano
uigywnkiub,humano
uinstinct,humano
uipoet,humano
uixcrazy,humano
ujeshurun,humano
ujwal-setlur,humano
ukabu,humano
ukcw,humano
ukhyun2402,humano
uklyumka,humano
ukpagrace,humano
ukvaddi,humano
uladkasach,humano
ulasdemirci0,humano
ullaskunder3,humano
ulrikstrid,humano
ultronstudio,humano
ultrox,humano
ulut0002,humano
ulysses-ck,humano
ulysset,humano
umachaVail,humano
umair-mirza,humano
umairfarooq44,humano
umakantp,humano
umang-goyal,humano
umang0620,humano
umar-ahmed,humano
umar-brackets,humano
umararshad4,humano
umarsenpai,humano
umashankar-pardhi-amla,humano
umediagram-u,humano
umerbilal-tech,humano
umereshaafi,humano
umerjaved178,humano
umeshbisht1,humano
umeshkukreti27,humano
umitkucuk,humano
ummekulsum123,humano
umohpyro,humano
umtdemr,humano
umutberhan94,humano
umutkeltek,humano
umutzd,humano
unav4ila8le,humano
unbegrenzt,humano
unbelievableflavour,humano
unbelivr,humano
unclebay143,humano
unclejames2610,humano
unclejustin,humano
unclesvm,humano
uncvrd,humano
und-miller,humano
undead-reaper,humano
underfisk,humano
undergroundSimplex,humano
underovsky,humano
undirectlookable,humano
undrscrdt,humano
unflxw,humano
ungarida,humano
unhingedmagikarp,humano
unhyif,humano
unicornware,humano
unimprobable,humano
unimu-cic,humano
unisol1020,humano
unispacesio,humano
unisteven,humano
unitof,humano
uniunitaro,humano
universe7000,humano
unix,humano
unix90218,humano
unixisking,humano
unixnexo,humano
unixzii,humano
unkhz,humano
unknownbreaker,humano
unknownentity00-tech,humano
unleashit,humano
unliar,humano
unluberkay,humano
unoscar,humano
unphased,humano
unrealyan,humano
unregistered,humano
unrevised6419,humano
unski11ed,humano
unstubbable,humano
untitledlt,humano
untungso,humano
uonr,humano
upacyxou,humano
upahar-khatiwada,humano
upangka,humano
upenr,humano
uphiago,humano
upneet-loco,humano
uqurtosun,humano
uraden,humano
uragecz,humano
urah001,humano
uraj,humano
urakymzhan,humano
uramanovich,humano
urban,humano
urbanobaz,humano
urbenlegend,humano
urboifox,humano
urffin,humano
uri3000,humano
urko-pineda,humano
urlund,humano
urwrstkn8mare,humano
us-22,humano
usagi-f,humano
usamaali777,humano
usamaasfar,humano
usamamashkoor,humano
usamaster,humano
useCallback,humano
useEffects,humano
useafterfree,humano
usedilver,humano
user-0a,humano
user-222002,humano
user28111999,humano
user97116,humano
userari,humano
usercao,humano
usergenic,humano
usha-raikwar,humano
ushiv5,humano
usman087,humano
usman786-ctrl,humano
usrrname,humano
ussef083,humano
ussfranck,humano
ussuritiger,humano
ustuncem,humano
uthd-dev,humano
utiq,humano
utkarsh4321,humano
utkarshk384,humano
utkarshkukreti,humano
utkarshuday,humano
utkusezici,humano
utkydz,humano
utsavm81,humano
utsavm9,humano
utxo-detective,humano
uuau99999,humano
uuuulopta,humano
uvansh,humano
uvarov-frontend,humano
uverus2,humano
uwoobeat,humano
ux-engineer,humano
uxFeranmi,humano
uxduck,humano
uxin603s,humano
uxname,humano
uxuySafe,humano
uxuz,humano
uyeong,humano
uzairali001,humano
uzbeki,humano
v-ahuja,humano
v-borg,humano
v-stickykeys,humano
v1k1,humano
v1narth,humano
v1rtl,humano
v1s10n-4,humano
v1v3k,humano
v36u,humano
v3dillon,humano
v3rron,humano
v4iv,humano
v4violet,humano
vBohu,humano
vKongv,humano
vLX42,humano
vLaD1m1r99,humano
va3y,humano
vacas,humano
vacavaca,humano
vadim-ilchenko,humano
vadim-works,humano
vadimcasap,humano
vadimsabadosh,humano
vadimyen,humano
vadolasi,humano
vadxq,humano
vadymchornyidev,humano
vadymshymko,humano
vadymstebakov,humano
vadzim,humano
vafada,humano
vagh27,humano
vagisha-nidhi,humano
vagusX,humano
vahidtakro,humano
vaibhav-OP,humano
vaibhav-sharma-code,humano
vaibhav2110,humano
vaibhav269,humano
vaibhavgope,humano
vaibhavi3t,humano
vaibhavpatidar12,humano
vain0x,humano
vainia,humano
vaishcodescape,humano
vaishnavi-jadhav-amla,humano
vajajak,humano
vajdagabor,humano
val-exe,humano
valajczech,humano
valandex4,humano
valclark1,humano
valcosmos,humano
valdeniomarinho,humano
valeeum,humano
valenciaHQ,humano
valenfys,humano
valenguerra,humano
valentincognito,humano
valentincostam,humano
valentinev-celadon,humano
valentingavran,humano
valentinoPereira,humano
valentinpalkovic,humano
valentinpolitov,humano
valerius21,humano
valeryq,humano
valid-void,humano
valkum,humano
vallerion,humano
vallerydelexy,humano
valleywood,humano
vallode,humano
vallovic,humano
valmassoi,humano
valnub,humano
valoricDe,humano
valorloff,humano
valourus,humano
valpinkman,humano
valqelyan,humano
valscion,humano
valse,humano
valstu,humano
vamcs,humano
vamshikilari,humano
vamuscari,humano
vanGalilea,humano
vanaigr,humano
vanandmkrtchyan,humano
vanceingalls,humano
vandercloak,humano
vanduc1102,humano
vaneenige,humano
vanessasara,humano
vanessayuenn,humano
vaniqycorta,humano
vaniyokk,humano
vankatadam,humano
vankop,humano
vanlinh-bic,humano
vanlooverenkoen,humano
vanmik,humano
vann-at-cpcp-dot-tw,humano
vannyle,humano
vanoMekantsishvili,humano
vanpham1986,humano
vanpham981986,humano
vanquishkuso,humano
vanruch,humano
vanshady,humano
vanska,humano
vanta240i,humano
vantezzen,humano
vanya2h,humano
vanyadymousky,humano
vanyapr,humano
vapstor,humano
vara855,humano
varanakonda,humano
varand-pez,humano
varbachakov,humano
varbrad,humano
varenya,humano
varghesejose2020,humano
varghesethomase,humano
varjmes,humano
varmil,humano
varna,humano
varrcan,humano
varungargofb,humano
varwasabi,humano
varya,humano
varzy,humano
vasco3,humano
vascojm82,humano
vasconx,humano
vashian,humano
vashisth00,humano
vasilich6107,humano
vasilii-kovalev,humano
vasiliicuhar,humano
vasilisium,humano
vasimi,humano
vassbence,humano
vasucp1207,humano
vasuneet,humano
vasyan,humano
vasyaqwe,humano
vasylkorchynskyi,humano
vatheara,humano
vatoer,humano
vatro,humano
vatsik11,humano
vatte21,humano
vattenapa,humano
vaughnouano,humano
vavra7,humano
vaynevayne,humano
vaypoldev,humano
vbalien,humano
vbilici,humano
vboginskey,humano
vborodulin,humano
vbragaesilva,humano
vbuch,humano
vbudovski,humano
vc-ca,humano
vc-kdrdgn,humano
vcapretz,humano
vcebotari,humano
vchomakov,humano
vcnc-hex,humano
vctqs1,humano
vctqs1anz,humano
vctrodrigues,humano
vdaguenet,humano
vdanchenkov,humano
vdawg-git,humano
vdelahoz7,humano
vdesdoigts,humano
vdhpieter,humano
vdiaz1130,humano
vdiazroa,humano
vdvukhzhilov,humano
veasna-ung,humano
veatla,humano
vechnii2007,humano
vedanshshetti,humano
vedanthnyk25,humano
vedantlavale,humano
vedantmishra69,humano
vedantroy,humano
vedmalex,humano
vedraan,humano
veeceey,humano
veeeev,humano
veenu840,humano
vegahar,humano
vegandiet705,humano
vegetableman,humano
vehbiu,humano
vehidt,humano
vehktaur,humano
veiico,humano
veimox,humano
veithio,humano
vekinox,humano
vela91,humano
velialiev,humano
velocity23,humano
veloii,humano
velopert,humano
velvetkevorkian,humano
vemonet,humano
ven,humano
venables,humano
vendramini,humano
venkatamutyala,humano
venkr,humano
venom90,humano
ventsislavnikolov,humano
veract-dev,humano
veratek,humano
verbowersock,humano
vercel-release-bot,bot
verdaderoken,humano
verdrangen,humano
verdverm,humano
verekia,humano
verheyenkoen,humano
veritem,humano
vermeerenmaxime,humano
vernak2539,humano
vernondegoede,humano
versecafe,humano
vertigo0538,humano
vertti,humano
verveguy,humano
vespaiach,humano
vesparny,humano
vespertilian,humano
vesters,humano
vesurbag,humano
vetalstar,humano
vetledv,humano
vexcat,humano
vexxvakan,humano
veyseltoprak,humano
vezaynk,humano
vf1,humano
vfxproForex,humano
vgb0332,humano
vgrafe,humano
vgribdev,humano
vgseven,humano
vgstdev,humano
vhadjiev,humano
vhakulinen,humano
vhejda,humano
vhiairrassary,humano
vhmartinezm,humano
vhpoet,humano
vhpx,humano
viankakrisna,humano
viatsko,humano
vibhanshu909,humano
vibhor-web-headout,humano
vic08,humano
vic9511,humano
vicanera,humano
vicary,humano
vicasas,humano
vicb,humano
vicente-s,humano
vicentel89,humano
vicki248,humano
vickrant-dev,humano
vickvey,humano
vicky-carbon,humano
vicky-dev31113,humano
vicky3399,humano
vickyRathee,humano
viclafouch,humano
vicnaum,humano
vicsantizo,humano
victbg,humano
victor-pagnozi,humano
victor-timi,humano
victorCS46,humano
victorDecroix,humano
victorWeiFreelancer,humano
victorandree,humano
victorbillaud,humano
victorboucher,humano
victorcarvalhosp,humano
victorcesae,humano
victordidenko,humano
victorgdb,humano
victoriaSh,humano
victorkane,humano
victorlangston123-droid,humano
victorlrz,humano
victorlucss,humano
victormanuelfrancodev,humano
victornevarezcbqa,humano
victoroab,humano
victorsferreira,humano
victorsoliveira,humano
victorteokw,humano
victorvianaom,humano
victorvierna,humano
victorykong,humano
vicwomg,humano
viczam,humano
vidann1,humano
videni,humano
vidjul,humano
vidyesh95,humano
vien-pham-vns,humano
viery365,humano
vietanh74,humano
vietanhtran16,humano
vighnesh153,humano
vignesh-cloud-prog,humano
vignesh-gupta,humano
vignesh1507,humano
vigneshka,humano
vigneshshiv,humano
vihapr,humano
viictoorantonio,humano
viictorcamposs,humano
viiniciusgs,humano
vijayEnwithai,humano
vijaynandwani,humano
vijayshelar-taulia,humano
vijayxtreme,humano
vijayymmeena,humano
vikas singh,humano
vikas-saini-7,humano
vikasg603,humano
vikaskhunteta,humano
vikaskrsharma,humano
vikasnair,humano
viki-antone,humano
vikingair,humano
viknedus,humano
vikram76rathod-crypto,humano
vikrantraut,humano
vikto132,humano
viktor-hepur,humano
viktor-ku,humano
viktor-mozdolevskyi,humano
viktor-yunenko,humano
viktorbezdek,humano
viktordanov,humano
viktorlarsson,humano
viktormoskalev07,humano
viktornikolaev1995,humano
viktorrenkema,humano
viktorronnback,humano
vikvvi,humano
vikyw89,humano
vilelalabs,humano
vilindberg,humano
vilkinsons,humano
vilvadot,humano
vimalmaheedharan,humano
vimcat,humano
vimlesh1975,humano
vimode,humano
vimota,humano
vimtor,humano
vinamelody,humano
vinassefranche,humano
vinay,humano
vinay72,humano
vinayak-vayuz,humano
vinaykulk621,humano
vinaynair39,humano
vinaypuppal,humano
vinayraghu1,humano
vincaslt,humano
vince8x,humano
vincegio,humano
vincejtoman,humano
vincent-aviva,humano
vincent-derks,humano
vincent-herlemont,humano
vincent-lecrubier-skydio,humano
vincent-thomas,humano
vincent-turato,humano
vincentbello,humano
vincentboiardt,humano
vincentdnl,humano
vincenthongzy,humano
vincentserpoul,humano
vincentwinkel,humano
vincenzo,humano
vinceprofeta,humano
vinceumo,humano
vinceve,humano
vincezun,humano
vincivince,humano
vinckr,humano
vine1993,humano
vineethvijayan314,humano
vineetp3,humano
vinicius-pretto,humano
vinicius507,humano
viniciusCamargo,humano
viniciusbitt,humano
viniciusclerod,humano
viniciusgiacomelli,humano
viniciuspalma,humano
viniciuspizettadesouza,humano
viniciuspjardim,humano
vinigofr,humano
vinipace,humano
vinit-m,humano
vinitgundeti,humano
vinlegend1,humano
vinnieking06,humano
vinny17690,humano
vinnycodes,humano
vinnymac,humano
vinodhum,humano
vinodloha,humano
vinodmmm,humano
vinodronold,humano
vinothvino42,humano
vinothweb,humano
vinpac,humano
vinverdy,humano
vinzcelavi,humano
viocost,humano
violabg,humano
violetbee,humano
violetbuse,humano
vionofrio,humano
vip30,humano
vipanpreet,humano
viperxeyes,humano
vipinsao,humano
vipnetvnn,humano
vipul0092,humano
virat-sr,humano
virendrapatel62,humano
virgiliud,humano
virginus01,humano
virsir,humano
virskor,humano
virus231,humano
virzak,humano
vishaalhere,humano
vishaalxd,humano
vishakha94,humano
vishal-sarg,humano
vishaldhangar15,humano
vishalkatsa,humano
vishalkhoje,humano
vishalrajole,humano
vishalranaut,humano
vishalshah6153,humano
vishalshettydev,humano
vishaltyagi227,humano
vishalvijay,humano
vishesh774,humano
vishnupb123,humano
vishwanatharondekar,humano
vismayIO,humano
visnup,humano
vispaduchuri,humano
visshaljagtap,humano
vistwang,humano
visualcookie,humano
visualfanatic,humano
visualies,humano
visum,humano
vitalets,humano
vitali-duckma,humano
vitaliemiron,humano
vitalijalbu,humano
vitalikda,humano
vitaliy-webmaster,humano
vitaliyhan,humano
vitallygolovanov,humano
vitalybaev,humano
vitalyiegorov,humano
vitalyliber,humano
vitaminac,humano
vitaminwater,humano
viters,humano
vithushan19,humano
vito-torrentino,humano
vitor-antonio,humano
vitorGabr,humano
vitoras,humano
vitorbal,humano
vitorc0stadev,humano
vitorcamachoo,humano
vitorcont,humano
vitordino,humano
vitorhsb,humano
vitormarkis,humano
vitormv,humano
vitorrd,humano
vitorsbmendes,humano
vitosamson,humano
vitrukroman,humano
vitthaljkulkarni,humano
vitthalzephyr,humano
vivek-1314,humano
vivek7405,humano
vivekdhami,humano
vivekiyer114,humano
vivekkupadhyay,humano
viveknariya,humano
vivekneem,humano
vivi2393142,humano
vivianyentran,humano
vixalien,humano
vixero-dev,humano
vixeven,humano
viz,humano
vizsumit,humano
viztor,humano
vjcspy,humano
vjekkko,humano
vjekofalco,humano
vjpr,humano
vjs3,humano
vkarpov15,humano
vkaylee,humano
vklimontovich,humano
vkosovskikh,humano
vkrms,humano
vkryachko,humano
vks-ahamilton,humano
vktrl,humano
vlad-demchuk,humano
vlad-zhukov,humano
vladS111,humano
vladandrei0,humano
vladanpaunovic,humano
vladbat00,humano
vladbesson,humano
vladblindu,humano
vladejs,humano
vladfulgeanu,humano
vladgabriel,humano
vladgardus,humano
vladhadzhiyski,humano
vladikoff,humano
vladimirlukyanov,humano
vladislavSp,humano
vladiulianbogdan,humano
vladk96,humano
vladka,humano
vladles,humano
vladmelnikov,humano
vladnicula,humano
vladshcherbin,humano
vlakyi,humano
vlapo,humano
vlatkoodrljin,humano
vlausargs,humano
vldmrkl,humano
vleeuwenmenno,humano
vleung-into,humano
vlkmx,humano
vlore25,humano
vlsk3104,humano
vltansky,humano
vlukashov,humano
vmaark,humano
vmaineng,humano
vmary2014,humano
vmashnitskaya,humano
vmdao,humano
vmesel,humano
vmeylan,humano
vmia159,humano
vmnog,humano
vmod,humano
vmvelev,humano
vn516726,humano
vnaveenprasanth,humano
vncafecode,humano
vncnt-mb,humano
vndre,humano
vnevermore,humano
vnghia187,humano
vnglst,humano
vnn8248,humano
vnoitkumar,humano
vnthanhdng,humano
vnugent,humano
vnylbscr,humano
vodkaslime,humano
vogelino,humano
vogone1,humano
void-vim,humano
void8192,humano
voidhrithik,humano
voigtd,humano
voinik,humano
vojtechmares,humano
vojto,humano
volaka,humano
volcareso,humano
volcie,humano
volfadar,humano
volklord,humano
volnei,humano
volodyad,humano
volodymyr-strilets-mindcurv,humano
volperoid,humano
volpi-indagare,humano
volpster2100,humano
voltuer,humano
vondersam,humano
vongohren,humano
vongomben,humano
vonschappler,humano
vonschau,humano
vonwao,humano
voonvoon,humano
vorcigernix,humano
vordgi,humano
vorillaz,humano
vorisekmartin,humano
voronianski,humano
vortexpcsltd-afk,humano
vossmalte,humano
votemike,humano
votrungquan1999,humano
vovalukashov,humano
voyalis,humano
voydz,humano
vozni4iy,humano
vpaflah,humano
vpalos,humano
vpaul18,humano
vpavlenko,humano
vpb11,humano
vperrin,humano
vpicone,humano
vpmedia,humano
vpontis,humano
vr-santi,humano
vrajpal-jhala,humano
vrazn,humano
vrbarros,humano
vrg-success,humano
vrun1208,humano
vrushank,humano
vs-cristian,humano
vsDizzy,humano
vsakaria,humano
vsakaria-mgnl,humano
vsc-github,humano
vschoener,humano
vschoettke,humano
vscode1111,humano
vspathonis,humano
vstrickl,humano
vsvanshi,humano
vtamara,humano
vtassios,humano
vtgen,humano
vu-dao-93,humano
vuau,humano
vubui,humano
vugman,humano
vukers,humano
vuki656,humano
vuldin,humano
vule96,humano
vulfh,humano
vuln3rable,humano
vundurty,humano
vunguyen10111995,humano
vuongvk55682,humano
vusal5555,humano
vuthanhtrung2010,humano
vutpov,humano
vutrung96,humano
vvenv,humano
vvkkhjt,humano
vvlad3,humano
vvlad5,humano
vvo,humano
vvrnck,humano
vvscode,humano
vwatel,humano
vwong13,humano
vx17rt,humano
vxna,humano
vycos-zen,humano
vygandas,humano
vynguyen175,humano
vyorkin,humano
vysakh0,humano
vzaidman,humano
vzelenko,humano
vzla0094,humano
vzrenggamani,humano
w-,humano
w00dy1981,humano
w01fgang,humano
w14,humano
w1am,humano
w20k,humano
w2h3,humano
w31ha0,humano
w3cproject,humano
w3debugger,humano
w3ea,humano
w3ichen,humano
w3nder,humano
w3nl,humano
w4-hanggi,humano
w4jo,humano
w4ovt,humano
w4zZz4p,humano
w7br,humano
w7rus,humano
w8ze-devel,humano
wa1id,humano
wa3l,humano
wabalabudabdab,humano
wabyink,humano
wadamek65,humano
wadefletch,humano
wadehammes,humano
wadenarel,humano
waelassafdev,humano
wagerfield,humano
wagerwizard,humano
wagstalos,humano
waigel,humano
wajidafridi,humano
wakenyacrypto-cell,humano
waki285,humano
waldell,humano
waldosmuts,humano
waldothedeveloper,humano
waleedlatif1,humano
walfly,humano
wali-s,humano
walid-mos,humano
walidcherhane,humano
waliurjs,humano
walker flynn,humano
walleXD,humano
wallee85,humano
wallismith,humano
walljalen,humano
wallpants,humano
wallynm,humano
wallzry,humano
walosha,humano
walston,humano
walt1992,humano
walter-amador,humano
waltershewmake,humano
waltzaround,humano
wan2land,humano
wang-h,humano
wangii,humano
wangjianio,humano
wangke1996,humano
wangkechun,humano
wangpin34,humano
wangrongding,humano
wangsenyuan,humano
wangsijie,humano
wangwalton,humano
wangxirui19970209,humano
wangyannick,humano
wangyonghao29,humano
wangyuan0108,humano
wangzishun,humano
wanjas,humano
wanlerong,humano
wannesmatthys,humano
wansaleh,humano
wanxue0804,humano
waptik,humano
waqaar145,humano
waqas-201,humano
waqas2714,humano
waqasshah88,humano
waquarmahboob4,humano
warent,humano
wariomx,humano
warmrobot,humano
warpdesign,humano
warrenday,humano
warsawgentleman,humano
wasd171,humano
wasddd431,humano
waseem-sajjad,humano
washingtonsoares,humano
wasim-builds,humano
wasim-ullah,humano
waspeer,humano
wasseemzaher,humano
wasteCleaner,humano
wataash,humano
watanabeyu,humano
wataru-c,humano
wataru-chocola,humano
wataru358,humano
watch-janick,humano
watcharakrit,humano
water,humano
watercubz,humano
watjurk,humano
watsonian,humano
watthecode,humano
wavebeem,humano
waverly,humano
wawjr3d,humano
wawle,humano
wawoon,humano
wayaneco,humano
wayne-crosby,humano
waynelinks,humano
waynelwz,humano
wayneschuller,humano
waza-ari,humano
wazuka-rail,humano
wb-jm,humano
wbinnssmith,humano
wbolduc,humano
wbr911,humano
wbt,humano
wbunting,humano
wc-ab,humano
wcamarao,humano
wchargin,humano
wcisco17,humano
wcx0717,humano
wdavidw,humano
wdcs-kushaltanna,humano
wddwycc,humano
wdifruscio,humano
wdskuki,humano
wdtamagi,humano
wearon,humano
web-shredder,humano
web-steel,humano
web-sujal,humano
webCoderJ,humano
webartistse,humano
webbertakken,humano
webberwang,humano
webbugt,humano
webda2l,humano
webdeb,humano
webdevcody,humano
webdevdot,humano
webdevelopersrinu,humano
webdevelukas,humano
webdevpraveen,humano
webdevsyd,humano
webdevtidio,humano
webdiego,humano
webdif,humano
webdiller,humano
webernir,humano
webexpert4rv,humano
webgears-cd,humano
webhacking,humano
webheybro,humano
webholics,humano
webilum,humano
webjay,humano
webmak,humano
webml,humano
webniac2022,humano
webperfdev,humano
webplantmedia,humano
webpro,humano
websaid,humano
websocket98765,humano
websorokinweb,humano
webspecialist,humano
webssite48,humano
webston,humano
webxzy,humano
webyak,humano
wedneyyuri,humano
weee-shinan,humano
weeeziyuanli,humano
weeptao,humano
wegeberg,humano
wei,humano
weicheng95,humano
weichienhung,humano
weiguanu,humano
weijunext,humano
weiliang903,humano
weilueluo,humano
weipengzou,humano
weirong-duke,humano
weishiji,humano
weisisheng,humano
weisjohn,humano
weissleon,humano
wekkit,humano
welaunchdev,humano
weleo,humano
welfoz,humano
well-balanced,humano
wellitongervickas,humano
wellwelwel,humano
wellyshen,humano
welpie21,humano
welschjohannes,humano
welschmoor,humano
wem1c,humano
wencakisa,humano
wendell,humano
wenerme,humano
wengtytt,humano
wenlittleoil,humano
wentsul,humano
wenxiayili,humano
wenzhen-gong,humano
wenzi0github,humano
wenzowski,humano
wereHamster,humano
werkamsus,humano
weronikadominiak,humano
wesbos,humano
wescopeland,humano
wesferoli,humano
wesjune,humano
weskor,humano
wesleyara,humano
wesleycoder,humano
wesleydebruijn,humano
wesleyjanse,humano
wesleytian,humano
wesleyyee,humano
wesnishio,humano
wesnolte,humano
westernal,humano
westn,humano
weyCC81,humano
weyert,humano
weykon,humano
wfe8006,humano
wfl-junior,humano
wguerram,humano
wh0sumit,humano
wh1337,humano
wh1teee,humano
wh5938316,humano
whalyf,humano
whatever555,humano
whatfontisthis,humano
whatisagi,humano
whatyoubendoing,humano
whdjh,humano
wheredoesyourmindgo,humano
wherehows,humano
wheresrhys,humano
whi-sper,humano
whidrubeld,humano
whitcodes,humano
white0dew,humano
whiteand,humano
whitep4nth3r,humano
whitigol,humano
whitmanschorn,humano
whitneyit,humano
whizsid,humano
whizzzkid,humano
whoanuragverma,humano
whogaurav,humano
whoisandy,humano
whoisryosuke,humano
wholebuzz,humano
whooehoo,humano
whoyawn,humano
whphhg,humano
whs-dot-hk,humano
whthT,humano
whyDontI,humano
whydnxx,humano
wi-ski,humano
wiadev,humano
wibed,humano
wicka-aus,humano
widavies,humano
wiedhodho,humano
wieringen,humano
wieseljonas,humano
wiesson,humano
wiesys,humano
wiggindev,humano
wigsnes,humano
wiiiimm,humano
wijonja,humano
wikieswan,humano
wiktoriavh,humano
wiktorkujawa,humano
wil93,humano
wilbert-abreu,humano
wilbsy,humano
wilcoxmd,humano
wildanzrrr,humano
wildeyes,humano
wildfrontend,humano
wildtales,humano
wiledal,humano
wileyknight,humano
wilfredonoyola,humano
wilken311,humano
wilkinsonjack1993,humano
will-d-wang,humano
will-ebm,humano
will-hancock,humano
will-holley,humano
will-stone,humano
will0684,humano
willardcsoriano,humano
willashe,humano
willbritton,humano
willdady,humano
willdeschepper,humano
willemliu,humano
willemliufdmg,humano
willemmulder,humano
willersonsp,humano
willfolsom,humano
willheslam,humano
willholmeswastaken,humano
william-hotmart,humano
william-iq397,humano
william-keller,humano
william-will-angi,humano
williamboman,humano
williambout,humano
williamhaley,humano
williamhzo,humano
williamisnotdefined,humano
williamkunz,humano
williamlmao,humano
williamluke4,humano
williammanco,humano
williammetcalf,humano
williamneves,humano
williamstein,humano
williamstenbacka,humano
williamtaggart97,humano
williamtetlow,humano
williamyeny,humano
williancima,humano
willianferreiradev,humano
willianjusten,humano
willianrod,humano
williaster,humano
willieseabrook,humano
willin,humano
williscool,humano
willisplummer,humano
willllhallll,humano
willltns,humano
willmartinsmg,humano
willmeierart,humano
willmruzek,humano
willnix86,humano
willnogueira2,humano
willofi,humano
willopez,humano
willross,humano
willscripted,humano
willsontaoZzz,humano
willstaff,humano
willtrking,humano
willviles,humano
willvlad,humano
willwill96,humano
willwu9304,humano
willyhuang18,humano
wilson-alberto-kununu,humano
wilson-alcantara,humano
wilson-webdev,humano
wilsonhou,humano
wilsonneto-swe,humano
wilsonpage,humano
wim-vercel,humano
wimbarelds,humano
win0na,humano
winchell,humano
wind4gis,humano
windmaomao,humano
windsornguyen,humano
windy1,humano
windyGex,humano
wine-hound,humano
wingkwong,humano
winglian,humano
wingsofovnia,humano
wingy3181,humano
winjingjie96,humano
winkcor,humano
winkelmeyer,humano
winston0410,humano
winstonyin,humano
winsvold,humano
wintercounter,humano
winterlamon,humano
winterlood,humano
winton,humano
winverse,humano
wiredacorn,humano
wiredearp,humano
wiredmatt,humano
wirelessben,humano
wis,humano
wisammechano,humano
wiscaksono,humano
wisdom-ossai,humano
wisdomose,humano
wisdoms6969,humano
wisdomstar94,humano
wise-introvert,humano
wisefool769,humano
wisnuary15,humano
wispyco,humano
wissem-ensi,humano
wistarabanyukayana,humano
wisteria-hill-technologies,humano
wit221,humano
witch-factory,humano
withintheruins14,humano
wiwo-dev,humano
wizardrevenge,humano
wiznia,humano
wizzard0,humano
wjaykim,humano
wjbetech,humano
wjddnwjddn1,humano
wjohnsto,humano
wjszxli,humano
wjureczka,humano
wkd-kapsule,humano
wkentdag,humano
wkingfly,humano
wkrueger,humano
wkurosawa,humano
wl00887404,humano
wladpaiva,humano
wlcharlie,humano
wlechowicz,humano
wlee221,humano
wlhtck,humano
wltnet,humano
wmcb91,humano
wmira,humano
wmlutz,humano
wmpay,humano
wmtrinu,humano
wneel,humano
wnghdcjfe,humano
wnr,humano
wo-o29,humano
wobsoriano,humano
wodCZ,humano
wodka,humano
woedoe,humano
wof-git,humano
woffpost,humano
woile,humano
wojtekmaj,humano
wojtekolek,humano
wolfDown,humano
wolfcreative,humano
wolfgangschoeffel,humano
wolverian,humano
wombley,humano
wong2,humano
wongk,humano
wongmjane,humano
wongtimothy147-lgtm,humano
wongww,humano
woniesong92,humano
wontondon,humano
wonu,humano
wonyong01-kim,humano
woo3145,humano
wooboo,humano
woochi,humano
woochul2,humano
woodbridge,humano
woodman231,humano
woodwoerk,humano
woodytang,humano
woohsi,humano
woohyun-park,humano
wook10,humano
wookiehangover,humano
woongbaera89,humano
wooorm,humano
woophi,humano
woosungchoi,humano
wootencl,humano
wootsbot,humano
woowa-boku,humano
woowebsite,humano
workvp-branden,humano
worldbeater,humano
worldwidepark,humano
worm-emoji,humano
woro83c,humano
woshiqiang1,humano
wotermelon,humano
wotori,humano
wotschofsky,humano
wottpal,humano
wouter-deen,humano
wouterds,humano
wouterraateland,humano
woutervanbakel,humano
woutvanderploeg,humano
wovalle,humano
wowczarczyk,humano
wowissu,humano
wowtah,humano
wp99cp,humano
wppaing,humano
wpram,humano
wq93,humano
wrench32,humano
wriddhi,humano
writam-roy,humano
wrknbuycnsmndie,humano
wroughtec,humano
wrrwrr111,humano
wrteam-sumit,humano
ws-jm,humano
wsalazar-peakactivity,humano
wscotten,humano
wscourge,humano
wsdo,humano
wsfuller,humano
wshamim,humano
wslp12,humano
wslx520,humano
wssjq198913,humano
wssn,humano
wstam88,humano
wsxiaoys,humano
wtakayama-chwy,humano
wtanaka,humano
wtatum,humano
wtgtybhertgeghgtwtg,humano
wtser,humano
wtusfo,humano
wty-gogo,humano
wu0407,humano
wub,humano
wuguishifu,humano
wuguoguang,humano
wuifdesign,humano
wujekbizon,humano
wujekbogdan,humano
wujibear,humano
wulforr,humano
wulianglongrd,humano
wulimao49,humano
wulisensen,humano
wushaobo,humano
wusongbuaa,humano
wutzebaer,humano
wuxudongxd,humano
wuzhuzhu,humano
wuzzeb,humano
wvanrensselaer,humano
ww8007,humano
wwang8421,humano
wweaver,humano
wwei-github,humano
wwenrr,humano
wworrall,humano
wwwdepot,humano
wwwebman,humano
wwwflorencio,humano
wwwhatley,humano
wwz-sust,humano
wxh06,humano
wy1009,humano
wyantb,humano
wyattades,humano
wyattanderson,humano
wyattfry,humano
wyattjoh,humano
wyeo,humano
wyllys66,humano
wyneleaf,humano
wyozi,humano
wyqydsyq,humano
wyy-xindong,humano
wz2cool,humano
wzalazar,humano
wzdxy,humano
wzhudev,humano
wzpfish,humano
wzrdgang,humano
wzulfikar,humano
x-Spartacus,humano
x-priyam,humano
x-ray-s,humano
x-tropy,humano
x-yuri,humano
x0m4ek,humano
x0y-gt,humano
x1ny,humano
x4080,humano
x4th,humano
x5engine,humano
x5hwuk7nc6jsudcc,humano
x751685875,humano
x86developers,humano
xCoBaLTz,humano
xFoolCode,humano
xJayLee,humano
xJkit,humano
xKrvZ,humano
xRitsu,humano
xSyki,humano
xXMrNidaXx,humano
xabierlameiro,humano
xabitrigo,humano
xahhy,humano
xairoo,humano
xamarth,humano
xamichee,humano
xand3r40r93,humano
xanderim,humano
xaphod,humano
xaqbr,humano
xasopheno,humano
xaun,humano
xautopilotdev,humano
xavhan,humano
xavimb,humano
xavxyz,humano
xaxist,humano
xbaun,humano
xboy2012,humano
xc1427,humano
xcadaverx,humano
xceejay,humano
xcrystal627,humano
xcrzx,humano
xczdenis,humano
xd-hearst,humano
xdamman,humano
xdc0,humano
xdesa,humano
xdewx,humano
xe4me,humano
xecrets,humano
xedef,humano
xeho91,humano
xemil,humano
xendren,humano
xengt,humano
xenostar,humano
xeoneux,humano
xeptao,humano
xereda,humano
xerenahmed,humano
xerosta,humano
xesrevinu,humano
xessam,humano
xeust,humano
xfause,humano
xfumihiro,humano
xgovernor,humano
xgqfrms,humano
xhiroga,humano
xhoantran,humano
xiangxu-meng,humano
xianminx,humano
xianping-yan,humano
xiaoamo22333,humano
xiaocai-rookie,humano
xiaofengbai,humano
xiaohai,humano
xiaohanyu,humano
xiaohk,humano
xiaohp,humano
xiaohuazheng,humano
xiaohuoni,humano
xiaokyo,humano
xiaolin,humano
xiaolongkipsi,humano
xiaolou86,humano
xiaomei991,humano
xiaooye,humano
xiaoqufengdi,humano
xiaoxiaojx,humano
xiaoxiaosaohuo,humano
xiaoxinghu,humano
xiaoxixi6633,humano
xiaoxuehai,humano
xiaoyang24601,humano
xiaoyu12345678,humano
xiata,humano
xiefenga,humano
xiel,humano
xifanii,humano
xih,humano
xilanhthanki,humano
xincere-caleb,humano
xingyibiao,humano
xinha-sh,humano
xinkaiwhy,humano
xinnian999,humano
xinnks,humano
xinyao27,humano
xiongjiamu,humano
xitter,humano
xiwoo,humano
xixihhhh,humano
xixinRunBoy,humano
xixixao,humano
xiyu23,humano
xjpro,humano
xkeshav,humano
xkid1,humano
xkomiks,humano
xkra,humano
xkungfu,humano
xlambda,humano
xliusstk,humano
xlkang,humano
xlogix,humano
xlr8nur,humano
xluk9,humano
xmahbub,humano
xmaniaxz,humano
xmanzero,humano
xmarianox,humano
xmayukx,humano
xmflsct,humano
xml,humano
xmlking,humano
xmonkee,humano
xn1cklas,humano
xndyz,humano
xnerhu,humano
xnimorz,humano
xnuk,humano
xoldd,humano
xollaborator,humano
xolyu,humano
xom9ikk,humano
xoocode,humano
xopowuu,humano
xorander00,humano
xosupernova,humano
xpf629629,humano
xphenixo,humano
xpointsolucoes,humano
xray-robot,humano
xremming,humano
xres,humano
xriter,humano
xsaamiir,humano
xsawn,humano
xserjiox,humano
xsimjo,humano
xstable,humano
xta,humano
xtc2016xtc,humano
xtepwxly,humano
xtoolkit,humano
xtuc,humano
xtx1130,humano
xuchaobei,humano
xucongli1989,humano
xueerli,humano
xuemeigan,humano
xuerzong,humano
xuezhma,humano
xugetsu,humano
xuhdev,humano
xunuoi,humano
xup60521,humano
xurenlu,humano
xusd320,humano
xuwenchao66,humano
xuxucode,humano
xveganxxxedgex,humano
xvoodooxl,humano
xvvvyz,humano
xxarupakaxx,humano
xxczaki,humano
xxiaobai-ran,humano
xxidbr9,humano
xxvvii,humano
xxwwp,humano
xyNNN,humano
xyba1337,humano
xyeres,humano
xyf7,humano
xymostech,humano
xyt-dev,humano
xyy94813,humano
xyyjk,humano
xyzarivera,humano
xzedx,humano
xzilja,humano
xzit,humano
y-71,humano
y-hiraoka,humano
y-hsgw,humano
y-nk,humano
y-tsubuku,humano
y-yagi,humano
y0n3r,humano
y0zong,humano
y122972,humano
y1o1,humano
y2x33,humano
y471n,humano
yWilliamLima,humano
ya1p,humano
ya2s,humano
yaacovCR,humano
yaba101,humano
yabenz,humano
yacchi1123,humano
yachaka,humano
yachtcareerhub,humano
yacine-karim,humano
yacinec,humano
yafkari,humano
yagiz-noonlight,humano
yagogmaisp,humano
yaguchi109,humano
yagudaev,humano
yahoohung,humano
yahwem1,humano
yahya-aghdam,humano
yahya09,humano
yair-rodriguez,humano
yairkukielka,humano
yajinn,humano
yakhinvadim,humano
yakiisama,humano
yakimoto,humano
yakovenkoroman1993,humano
yakovkhalinsky,humano
yakovlev-alexey,humano
yakuznecov,humano
yalamber,humano
yalopov,humano
yama-otoko,humano
yamaaaaaa31,humano
yamafaktory,humano
yamalight,humano
yamanidev,humano
yamashhh,humano
yamatohagi,humano
yami-beta,humano
yamijuan,humano
yamilelias,humano
yamsellem,humano
yan3321,humano
yanalshoubaki,humano
yancekang,humano
yanckst,humano
yandodov,humano
yanetou,humano
yang-feng-yfeng,humano
yang200258,humano
yang9Michaels,humano
yangcheng,humano
yangchongduo,humano
yangfan1122,humano
yanghoxom,humano
yanghuabei,humano
yanghuilong,humano
yangmingshan,humano
yangricardo,humano
yangshun,humano
yangvaz,humano
yangxuHBO,humano
yanickrochon,humano
yanickvanbarneveld,humano
yanivfranco,humano
yanjun-zhou6,humano
yankustefan,humano
yann-yinn,humano
yann120,humano
yannbf,humano
yannbolliger,humano
yannxaver,humano
yano3nora,humano
yanok87,humano
yanqc1996,humano
yans,humano
yansinhuang,humano
yantakus,humano
yantosta9-eng,humano
yanush,humano
yanv1991,humano
yanxugong,humano
yanyang729,humano
yanyixin,humano
yanyu0222,humano
yanyu0517,humano
yaogang-rg,humano
yaohuangguan,humano
yaquawa,humano
yarakhater,humano
yarapolana,humano
yardenhod,humano
yardz,humano
yareyaredesuyo,humano
yarigo,humano
yarikpetrenko,humano
yarinsa,humano
yarivShamash,humano
yarnovo,humano
yarolegovich,humano
yaronshanisima,humano
yaronvhop,humano
yaroslav-kulpan,humano
yaroslav-vysotsky,humano
yas1nshah,humano
yasahmed,humano
yasath,humano
yaschet,humano
yaseenmustapha,humano
yasermazlum,humano
yash-1104github,humano
yash-shirsath,humano
yashaswi1004,humano
yashatgit,humano
yashavanth-acharya,humano
yashchaddha,humano
yashha,humano
yashpandya-msr,humano
yashrabari,humano
yashrajoria,humano
yashravish,humano
yashsway,humano
yashualaoda,humano
yashwant-dangi,humano
yasin-f,humano
yasincandev,humano
yasinelbuz,humano
yasinkavakli,humano
yasinkocak,humano
yasiraslam0,humano
yasmin p,humano
yasseralsaidi,humano
yassersaidi,humano
yassh,humano
yassin-mokni,humano
yassinebridi,humano
yasssuz,humano
yasz,humano
yats0x7,humano
yaunghein,humano
yavorpunchev,humano
yawlad,humano
yaxhhere,humano
yaxiaoliu,humano
yayoi111,humano
yayvery,humano
yayxs,humano
yayza,humano
yazhouio,humano
yazoo321,humano
ybarakhovskyi,humano
ybelakov,humano
ybentz,humano
ybrodsky,humano
ybyzek,humano
yc-codehack,humano
ycalm,humano
yceffort,humano
ycfreeman,humano
ycscholes,humano
ydax,humano
ydubinskyi,humano
ydzt,humano
ye-will,humano
yeabnoah,humano
yeager-dev,humano
yeager-j,humano
yeasin72,humano
yeddaTech,humano
yeeed711,humano
yeeherq-bot,humano
yeeway0609,humano
yegorkay,humano
yehezkielgunawan,humano
yeji kim,humano
yekta,humano
yeldiRium,humano
yeliex,humano
yellcorp,humano
yellosun,humano
yellowspaceboots,humano
yelnyafacee,humano
yelodevopsi,humano
yelshall,humano
yemel,humano
yenerunver,humano
yenicelik,humano
yeongrokgim,humano
yeou,humano
yerayvillamarin,humano
yerffejytnac,humano
yersultanur,humano
yes-oo,humano
yesh0907,humano
yeskunall,humano
yesl-kim,humano
yesmeck,humano
yestoall,humano
yeswanth08,humano
yev1998,humano
yevon,humano
yevyevyev,humano
yewyewxd,humano
yeyuqwer,humano
yezhonghu0503,humano
yf-hk,humano
yf-yang,humano
yfhui,humano
yfs-2000,humano
ygorduraes,humano
ygorluiz,humano
ygqygq2,humano
ygs-code,humano
yh-Sun,humano
yhafez,humano
yhakbar,humano
yhaskell,humano
yhay81,humano
yhc44,humano
yhdesai,humano
yhirano55,humano
yhjor,humano
yhkk1,humano
yhsparrow,humano
yi,humano
yiGmMk,humano
yialo,humano
yichunsung,humano
yigithanyucedag,humano
yilmazbingo,humano
yim-jj,humano
yimingbaoan,humano
yiminghe,humano
yinggangtian,humano
yingqi-chen,humano
yinsu12311,humano
yinxulai,humano
yishayhaz,humano
yishayhazan,humano
yisibl,humano
yiuhoward,humano
yiyb0603,humano
yjisme,humano
yjoer,humano
yjorayev,humano
yk1979,humano
ykant,humano
ykdojo,humano
ykolbin,humano
ykzts,humano
yl-flyer,humano
ylberxhambazi,humano
ymc182,humano
ymc9,humano
ymchun,humano
ymdggap4t,humano
ymq001,humano
ymrdf,humano
ymshin-dev,humano
yn5,humano
ynW1997,humano
ynagarjuna2012,humano
ynamite,humano
yns01,humano
ynsfasttoday,humano
yoDon,humano
yoannmoinet,humano
yoavaviram,humano
yoavweiss,humano
yoconn88,humano
yodakaEngineer,humano
yodfz,humano
yoeven,humano
yogaraptor,humano
yogesh968,humano
yogeshkotadiya,humano
yogeshwaran-c,humano
yogiben,humano
yogithesymbian,humano
yohanelly95,humano
yohimik,humano
yoieh,humano
yokinist,humano
yokomotod,humano
yomed,humano
yonatanlavy,humano
yonathan-ashebir,humano
yondifon,humano
yongching,humano
yongholeeme,humano
yongirl320,humano
yongla,humano
yongsk0066,humano
yongyi520,humano
yongyut-nathalin,humano
yoni-rapoport,humano
yoniheib,humano
yonihod,humano
yonisetiawan,humano
yonran,humano
yonycalsin,humano
yoohahn,humano
yoomaxxx,humano
yoonghan,humano
yoonjaepark,humano
yoonjong-park,humano
yoonwaiyan,humano
yoppoy,humano
yordis,humano
yorgyetson,humano
yornaath,humano
yosefbeder,humano
yosefkurniawan,humano
yoseph0524,humano
yoshi-taka,humano
yoshiki-maruya,humano
yoshiko-pg,humano
yoshiwarab,humano
yosofbadr,humano
yossisp,humano
yossydev,humano
yosuke-furukawa,humano
you3phi,humano
youandvern,humano
youbek,humano
youbiak,humano
youdianfan,humano
youfoundron,humano
yougo96,humano
youhosi,humano
youjin-10,humano
youminkim,humano
younanjo,humano
younes-ahmadian,humano
younes-alouani,humano
younes-alturkey,humano
younes0x53,humano
younes101020,humano
younesea,humano
youneshenniwrites,humano
youngbloodcyb,humano
youngchingjui,humano
youngdd4,humano
youngdriversacademy,humano
younggraham-t,humano
youngsyre26,humano
youngvform,humano
younver,humano
yourcontainer,humano
yourfavorite,humano
yournatalita,humano
yourtallness,humano
yousefallaban,humano
yousefamar,humano
yousefcisco,humano
yousefdawood7,humano
yousefelgoharyx,humano
youseffatouraee,humano
yousefi-isf,humano
yousefmarey12,humano
yousifalraheem,humano
yousihy,humano
yousoumar,humano
youssefCyber,humano
youssefelsaied3-cpu,humano
youssefm,humano
youssseeef,humano
youweol-master,humano
youzarsiph,humano
youzooyou,humano
yp-commits,humano
ypearl84,humano
ypessoa,humano
ypratham,humano
ypresto,humano
ypyang237,humano
yqz945,humano
yrnehli,humano
ys-oo,humano
yskszk63,humano
ysl0628,humano
ysm-dev,humano
ysmike,humano
ysmood,humano
ysr-hameed,humano
ystewart,humano
ysulyma,humano
ysun62,humano
ysyzqq,humano
ythecombinator,humano
ytkg,humano
ytori,humano
ytoullichi1,humano
ytreister,humano
ytrkptl,humano
ytsruh,humano
ytw0728,humano
ytw418,humano
yu1222,humano
yu7400ki,humano
yuan1238y,humano
yuanyuanzi718,humano
yuanzhixiang,humano
yuanzong,humano
yubaoquan,humano
yubinTW,humano
yuchant,humano
yuchengpersonal,humano
yuchi,humano
yudai yamamoto,humano
yudataguy,humano
yudistiraashadi,humano
yudzuru,humano
yue4u,humano
yugal1107,humano
yuheiy,humano
yujiteshima,humano
yuki-yamamura,humano
yuki16bit,humano
yukin01,humano
yukiyokotani,humano
yukosgiti,humano
yukukotani,humano
yukun-han,humano
yulafezmesi,humano
yulev5,humano
yuliia007naumenko,humano
yulisunny,humano
yultyyev,humano
yumauri,humano
yume-chan,humano
yumindeckard,humano
yun-jay,humano
yun77op,humano
yunardopatra,humano
yunfengsay,humano
yunger7,humano
yunghzz35,humano
yunluyl,humano
yunom-io,humano
yunsii,humano
yunusozcan,humano
yunyong,humano
yunyu,humano
yura3d,humano
yuraxdrumz,humano
yuredazo,humano
yuri-barone,humano
yuri-scarbaci-lenio,humano
yuriburk,humano
yuriduartedev,humano
yuriiholskiy,humano
yurimutti,humano
yurinog,humano
yurivangeffen,humano
yuriy-eleks,humano
yuriystasiv,humano
yurkimus,humano
yurtaev,humano
yury,humano
yusencode,humano
yusing,humano
yusrmuttaqien,humano
yussan,humano
yusufilkeroguz,humano
yusuflgq,humano
yusuke-fukuhara,humano
yuta-hayashi,humano
yuta-ike,humano
yutakobayashidev,humano
yutingzhao1991,humano
yuto-hasegawa,humano
yuuhn,humano
yuvalgershon,humano
yuvalkarmi,humano
yuvalotem,humano
yuvalotem1,humano
yuvilio,humano
yuvrajsingh2428,humano
yuxiaoy1,humano
yuxizhe,humano
yuyakinjo,humano
yuyaohshimo,humano
yuyichao,humano
yuyokk,humano
yuzheng14,humano
yuzhouu,humano
yuzhva,humano
yvann-ponce,humano
yves-s,humano
yvonnetangsu,humano
ywppp,humano
ywroh,humano
ywwa,humano
yxarkos,humano
yxasika,humano
yxshv,humano
yxwu,humano
yy523697597,humano
yyjazsf,humano
yyjhao,humano
yyuemii,humano
yzevm,humano
yzfdjzwl,humano
yzhang-indeed,humano
yzhe554,humano
yzubkov,humano
z-Zihan,humano
z0al,humano
z0d14c,humano
z0lo13,humano
z0n,humano
z1chir,humano
z3r086,humano
z3r0c00l-2k,humano
z4nr34l,humano
z89,humano
zEh-,humano
zFitness,humano
zXpro27,humano
zZHorizonZz,humano
za01br,humano
za1x,humano
zacBkh,humano
zacard-orc,humano
zachariahtimothy,humano
zachary95,humano
zacharyblasczyk,humano
zacharyliu,humano
zacharypodbela,humano
zacharyw,humano
zachblume,humano
zachbugay,humano
zachdoty,humano
zachguo,humano
zachingle-easygo,humano
zachkirsch,humano
zachpinfold,humano
zachsitka,humano
zachtball,humano
zachweinberg,humano
zachweiss24,humano
zachwhitedev,humano
zachwolf,humano
zackdotcomputer,humano
zackerydev,humano
zackfencedev,humano
zackify,humano
zackkrida,humano
zackshackleton,humano
zackshen,humano
zacksinclair,humano
zackwalton,humano
zaclem01,humano
zadzbw,humano
zaewc,humano
zafar-saleem,humano
zaheershaikh936,humano
zahid47,humano
zahidhussain998,humano
zahitrios,humano
zahra shahrouzi,humano
zahraHaghi,humano
zahydo,humano
zaicevas,humano
zaid007320,humano
zaida04,humano
zaidkhanvmi,humano
zaidmukaddam,humano
zainabdeen486,humano
zainfathoni,humano
zainshabir00,humano
zaiste,humano
zakariavenom123132,humano
zakarriyah,humano
zakbutcher,humano
zakeer,humano
zakhaev26,humano
zakhar-gulchak,humano
zaki-yama,humano
zakidze,humano
zakiego,humano
zakihaya,humano
zakinadhif,humano
zakst,humano
zakton5,humano
zakuni,humano
zakwear,humano
zakybilfagih,humano
zakyislm,humano
zalabinc,humano
zaleGZL,humano
zallarak,humano
zalolorza,humano
zamachnoi,humano
zamachsyari,humano
zamadye,humano
zamarawka,humano
zamson,humano
zana-abdi2002,humano
zanatoshi,humano
zanechua,humano
zanettin,humano
zanhk,humano
zantica,humano
zanzlender,humano
zapaiaavantrip,humano
zapaiamarce,humano
zapkub,humano
zaratan,humano
zarelloshake,humano
zargold,humano
zarif-al,humano
zartinn,humano
zaru,humano
zation,humano
zaunermax,humano
zautke,humano
zautumnz,humano
zavxai,humano
zawa8,humano
zaycode,humano
zaytsevandrii,humano
zazapeta,humano
zbauman3,humano
zbialecki,humano
zboing,humano
zbq30,humano
zbraniecki,humano
zbrogz,humano
zburk,humano
zbycz,humano
zcTob,humano
zce,humano
zcemycl,humano
zchdoc,humano
zcorpan,humano
zdarovka,humano
zdeneksvarc,humano
zdenham,humano
zdila,humano
zdkhero,humano
zdraffko,humano
zdts,humano
zeakd,humano
zebapy,humano
zebrauskas,humano
zecka,humano
zeckdude,humano
zeddotes,humano
zedquach,humano
zedwone,humano
zeekrey,humano
zeemaarCA,humano
zeeshan56656,humano
zeestack,humano
zeevo,humano
zeeyang,humano
zefaurios,humano
zeinds,humano
zeinitsu03,humano
zeiteisen,humano
zejunking,humano
zek,humano
zekchan,humano
zeke,humano
zeke-jeske,humano
zekicaneksi,humano
zelbazk,humano
zeliacvieira-beep,humano
zelief,humano
zelphir,humano
zemd,humano
zemlatruskavets,humano
zen0wu,humano
zenVentzi,humano
zenato,humano
zenflow,humano
zengspr,humano
zenhob,humano
zenhuzaini,humano
zenith-art,humano
zenix-s,humano
zenjava,humano
zenmagnum,humano
zenoUsman,humano
zenorocha,humano
zenpk,humano
zent7x,humano
zentixua,humano
zentuit,humano
zentus,humano
zenvisuals,humano
zenyr,humano
zenzen-sol,humano
zeorin,humano
zephy358,humano
zephyrmathias,humano
zeptonaut,humano
zer0blockchain,humano
zer0dt,humano
zerbinidamata,humano
zerkxubas,humano
zernie,humano
zero1zero,humano
zero734kr,humano
zerocsss,humano
zerofront,humano
zerogtiger,humano
zerosoul,humano
zerosym,humano
zerot69,humano
zerow02,humano
zestzero,humano
zetoke,humano
zetorama,humano
zeusdeux,humano
zevnda,humano
zeyios,humano
zfben,humano
zfeher,humano
zfm-andreasmatuszewski,humano
zfm-dennisdisselhoff,humano
zfogg,humano
zfralish,humano
zfreiter,humano
zfwf,humano
zgotsch,humano
zgreen,humano
zh-lx,humano
zh3ngyuan,humano
zhafri-shafiq,humano
zhaiduo,humano
zhaihaoran,humano
zhang-wenchao,humano
zhangchao828,humano
zhangciwu,humano
zhangfaliang,humano
zhangking,humano
zhangshipeng-create,humano
zhangwei900808,humano
zhangxinyong12,humano
zhangxiyi-amos,humano
zhangyu1818,humano
zhaomenglu,humano
zhaoweihan,humano
zhaoyao91,humano
zhaozhiguang,humano
zhawtof,humano
zhbdripon,humano
zhbhun,humano
zhe,humano
zhefciad,humano
zhelezkov,humano
zheng-liu-seattle,humano
zhengqingxin,humano
zhengrenzhe,humano
zhengzhu-1m,humano
zhenyu-writer,humano
zhex900,humano
zhigang1992,humano
zhihengGet,humano
zhimng,humano
zhipenglin,humano
zhirzh,humano
zhixXiang,humano
zhiyanzhaijie,humano
zhiyi-zhang-duke,humano
zhjrcc,humano
zhllucky,humano
zhongyuanjia,humano
zhoulixiang,humano
zhouw,humano
zhouzhaofan,humano
zhouzhi3859,humano
zhrivodkin,humano
zhuchaokn,humano
zhuhaow,humano
zhulduz,humano
zhuyedev,humano
zhuyestu,humano
zhuyuanmin,humano
zhuzeyu22,humano
zhuzi0125,humano
zhyd1997,humano
zhyupe,humano
zhzz,humano
zia-ecologi,humano
ziayamin,humano
zibranA,humano
zicjin,humano
zicojiao,humano
zidkim,humano
ziedHamdi,humano
zifeo,humano
zigang93,humano
zigapk,humano
zigcccc,humano
zignis,humano
zigomir,humano
zigxas,humano
zigzactly,humano
ziimakc,humano
ziishaned,humano
zillBoy,humano
zilmehta-ets,humano
zimv,humano
zineanteoh,humano
zipang,humano
zipme,humano
zipquote,humano
ziracmo,humano
zirikii,humano
zirlman,humano
ziserman,humano
zitooo,humano
zivanovicb,humano
ziyadedher,humano
ziyadumar,humano
ziyafenn,humano
ziyak97,humano
zizzfizzix,humano
zjacky0409,humano
zjnka141,humano
zjr,humano
zjsng-trav,humano
zjy365,humano
zkSoju,humano
zkdoran,humano
zkochan,humano
zksward,humano
zkwsk,humano
zl810881283,humano
zlace,humano
zlk89,humano
zloberto,humano
zlrlyy,humano
zlstringham,humano
zluo01,humano
zlwaterfield,humano
zm-john,humano
zmaril,humano
zmarty,humano
zmilonas,humano
znacloud,humano
znadir,humano
znafets,humano
znalbert,humano
znarf,humano
znayer,humano
zneb,humano
znwhite,humano
zobzn,humano
zodman,humano
zoeleu,humano
zoeyTM,humano
zoeyfyi-sage,humano
zogss,humano
zohaib-saeed,humano
zoladkow,humano
zollero,humano
zollf,humano
zolon4,humano
zoltantoth-seon,humano
zoltantothcom,humano
zoltroa,humano
zomars,humano
zombieJ,humano
zonterone,humano
zoobestik,humano
zoogeny,humano
zoolyka,humano
zoom2009,humano
zoomdong,humano
zoonun,humano
zoozalp,humano
zophiana,humano
zoriya,humano
zorrme,humano
zorrobiwan,humano
zorrolisto,humano
zortos293,humano
zorzysty,humano
zougari47,humano
zoujimmy82-boop,humano
zoul,humano
zounar,humano
zowebs,humano
zoy-l,humano
zpao,humano
zpc7,humano
zpnester,humano
zpnk,humano
zpydee,humano
zq0904,humano
zqjimlove,humano
zraineri,humano
zrhpwr,humano
zrthomas,humano
zrtsky,humano
zsh77,humano
zsherman,humano
zslabs,humano
zsolt-dev,humano
zsoltiii,humano
zsombor-barabas,humano
zsombor-guti,humano
zspencer,humano
zsrobinson,humano
zsx,humano
zsxsoft,humano
zt1983811,humano
ztamizzen,humano
ztanner,humano
ztolley,humano
ztratar,humano
ztuckermustdie,humano
zuccs,humano
zuevdmitrii,humano
zuinqstudio,humano
zukosdead,humano
zulalnb,humano
zulqarnain-empg-zz,humano
zuojj,humano
zuqini,humano
zurez,humano
zurfyx,humano
zurgul,humano
zvictor,humano
zvoicu000,humano
zvs001,humano
zwarunek,humano
zwelhtetyan,humano
zwhitchcox,humano
zwl1619,humano
zx-zx22,humano
zxc1518343069,humano
zxczxcdev,humano
zxiest,humano
zxk44944live,humano
zxqx,humano
zxti,humano
zxuhan,humano
zxzl,humano
zxzxlch,humano
zy0228,humano
zyhou,humano
zymantas-katinas,humano
zyzski,humano
zzffesggcv58d,humano
zzfn,humano
zzh8829,humano
zzhiyuan98,humano
zzincist,humano
zzjin,humano
zzmrl,humano
zzqVip,humano
zzrez,humano
zzswang,humano
zzulanas,humano
zzzorgo,humano
zzzze,humano
Ángel M,humano
Átila Fassina,humano
Ålex,humano
Ícaro Guerra,humano
Đorđe Spasić,humano
Štěpán Granát,humano
ǝlzlǝoq lǝᴉuɐp ツ,humano
Гончаров,humano
я котик пур-пур,humano
გიორგი George Dav,humano
かがみ,humano
はとぽっぽ丸,humano
マルコメ,humano
偏右,humano
兰天游,humano
包布丁,humano
大钊,humano
子慕大诗人,humano
崔宁,humano
张俊锋,humano
张昊,humano
怀瑾,humano
日高 凌,humano
栗原和也,humano
残月,humano
"汪心禾 Wang, Xinhe",humano
汪磊,humano
熊谷 凌,humano
琚致远 / Zhiyuan Ju,humano
白宦成,humano
胡子大哈,humano
迷悟,humano
迷渡,humano
退之,humano
速冻饺子,humano
阿豪,humano
陈小聪,humano
陈雨童,humano
강노아,humano
강동윤,humano
김용민,humano
김형록,humano
루밀LuMir,humano
박찬혁,humano
방성범 (Bang Seongbeom),humano
양현석,humano
우혁,humano
유경화,humano
이동현,humano
이선우,humano
이현재,humano
조계진,humano
조상현,humano
즈눅,humano
최지원,humano
